location,indicator,subject,measure,frequency,year,value,flag_code
AUS,RENEWABLE,TOT,PC_PRYENRGSUPPLY,A,1960,14.09,
AUS,RENEWABLE,TOT,PC_PRYENRGSUPPLY,A,1961,13.75,
AUS,RENEWABLE,TOT,PC_PRYENRGSUPPLY,A,1962,12.93,
AUS,RENEWABLE,TOT,PC_PRYENRGSUPPLY,A,1963,12.87,
AUS,RENEWABLE,TOT,PC_PRYENRGSUPPLY,A,1964,12.02,
AUS,RENEWABLE,TOT,PC_PRYENRGSUPPLY,A,1965,11.96,
AUS,RENEWABLE,TOT,PC_PRYENRGSUPPLY,A,1966,10.76,
AUS,RENEWABLE,TOT,PC_PRYENRGSUPPLY,A,1967,10.50,
AUS,RENEWABLE,TOT,PC_PRYENRGSUPPLY,A,1968,9.90,
AUS,RENEWABLE,TOT,PC_PRYENRGSUPPLY,A,1969,9.73,
AUS,RENEWABLE,TOT,PC_PRYENRGSUPPLY,A,1970,8.47,
AUS,RENEWABLE,TOT,PC_PRYENRGSUPPLY,A,1971,8.82,
AUS,RENEWABLE,TOT,PC_PRYENRGSUPPLY,A,1972,8.69,
AUS,RENEWABLE,TOT,PC_PRYENRGSUPPLY,A,1973,7.90,
AUS,RENEWABLE,TOT,PC_PRYENRGSUPPLY,A,1974,8.17,
AUS,RENEWABLE,TOT,PC_PRYENRGSUPPLY,A,1975,8.22,
AUS,RENEWABLE,TOT,PC_PRYENRGSUPPLY,A,1976,8.11,
AUS,RENEWABLE,TOT,PC_PRYENRGSUPPLY,A,1977,7.32,
AUS,RENEWABLE,TOT,PC_PRYENRGSUPPLY,A,1978,7.35,
AUS,RENEWABLE,TOT,PC_PRYENRGSUPPLY,A,1979,7.18,
AUS,RENEWABLE,TOT,PC_PRYENRGSUPPLY,A,1980,6.82,
AUS,RENEWABLE,TOT,PC_PRYENRGSUPPLY,A,1981,7.22,
AUS,RENEWABLE,TOT,PC_PRYENRGSUPPLY,A,1982,7.07,
AUS,RENEWABLE,TOT,PC_PRYENRGSUPPLY,A,1983,7.15,
AUS,RENEWABLE,TOT,PC_PRYENRGSUPPLY,A,1984,6.79,
AUS,RENEWABLE,TOT,PC_PRYENRGSUPPLY,A,1985,7.12,
AUS,RENEWABLE,TOT,PC_PRYENRGSUPPLY,A,1986,6.38,
AUS,RENEWABLE,TOT,PC_PRYENRGSUPPLY,A,1987,6.06,
AUS,RENEWABLE,TOT,PC_PRYENRGSUPPLY,A,1988,6.19,
AUS,RENEWABLE,TOT,PC_PRYENRGSUPPLY,A,1989,5.92,
AUS,RENEWABLE,TOT,PC_PRYENRGSUPPLY,A,1990,5.87,
AUS,RENEWABLE,TOT,PC_PRYENRGSUPPLY,A,1991,6.10,
AUS,RENEWABLE,TOT,PC_PRYENRGSUPPLY,A,1992,5.45,
AUS,RENEWABLE,TOT,PC_PRYENRGSUPPLY,A,1993,6.03,
AUS,RENEWABLE,TOT,PC_PRYENRGSUPPLY,A,1994,5.92,
AUS,RENEWABLE,TOT,PC_PRYENRGSUPPLY,A,1995,5.97,
AUS,RENEWABLE,TOT,PC_PRYENRGSUPPLY,A,1996,6.19,
AUS,RENEWABLE,TOT,PC_PRYENRGSUPPLY,A,1997,6.32,
AUS,RENEWABLE,TOT,PC_PRYENRGSUPPLY,A,1998,5.95,
AUS,RENEWABLE,TOT,PC_PRYENRGSUPPLY,A,1999,5.90,
AUS,RENEWABLE,TOT,PC_PRYENRGSUPPLY,A,2000,5.88,
AUS,RENEWABLE,TOT,PC_PRYENRGSUPPLY,A,2001,6.13,
AUS,RENEWABLE,TOT,PC_PRYENRGSUPPLY,A,2002,6.17,
AUS,RENEWABLE,TOT,PC_PRYENRGSUPPLY,A,2003,5.98,
AUS,RENEWABLE,TOT,PC_PRYENRGSUPPLY,A,2004,5.79,
AUS,RENEWABLE,TOT,PC_PRYENRGSUPPLY,A,2005,5.69,
AUS,RENEWABLE,TOT,PC_PRYENRGSUPPLY,A,2006,5.63,
AUS,RENEWABLE,TOT,PC_PRYENRGSUPPLY,A,2007,5.62,
AUS,RENEWABLE,TOT,PC_PRYENRGSUPPLY,A,2008,5.57,
AUS,RENEWABLE,TOT,PC_PRYENRGSUPPLY,A,2009,4.42,
AUS,RENEWABLE,TOT,PC_PRYENRGSUPPLY,A,2010,5.50,
AUS,RENEWABLE,TOT,PC_PRYENRGSUPPLY,A,2011,5.50,
AUS,RENEWABLE,TOT,PC_PRYENRGSUPPLY,A,2012,5.55,
AUS,RENEWABLE,TOT,PC_PRYENRGSUPPLY,A,2013,6.22,
AUS,RENEWABLE,TOT,PC_PRYENRGSUPPLY,A,2014,6.53,
AUS,RENEWABLE,TOT,PC_PRYENRGSUPPLY,A,2015,6.54,
AUT,RENEWABLE,TOT,PC_PRYENRGSUPPLY,A,1960,16.06,
AUT,RENEWABLE,TOT,PC_PRYENRGSUPPLY,A,1961,14.91,
AUT,RENEWABLE,TOT,PC_PRYENRGSUPPLY,A,1962,14.11,
AUT,RENEWABLE,TOT,PC_PRYENRGSUPPLY,A,1963,13.24,
AUT,RENEWABLE,TOT,PC_PRYENRGSUPPLY,A,1964,12.65,
AUT,RENEWABLE,TOT,PC_PRYENRGSUPPLY,A,1965,14.49,
AUT,RENEWABLE,TOT,PC_PRYENRGSUPPLY,A,1966,15.47,
AUT,RENEWABLE,TOT,PC_PRYENRGSUPPLY,A,1967,15.10,
AUT,RENEWABLE,TOT,PC_PRYENRGSUPPLY,A,1968,14.06,
AUT,RENEWABLE,TOT,PC_PRYENRGSUPPLY,A,1969,12.32,
AUT,RENEWABLE,TOT,PC_PRYENRGSUPPLY,A,1970,13.59,
AUT,RENEWABLE,TOT,PC_PRYENRGSUPPLY,A,1971,10.99,
AUT,RENEWABLE,TOT,PC_PRYENRGSUPPLY,A,1972,10.53,
AUT,RENEWABLE,TOT,PC_PRYENRGSUPPLY,A,1973,10.85,
AUT,RENEWABLE,TOT,PC_PRYENRGSUPPLY,A,1974,12.57,
AUT,RENEWABLE,TOT,PC_PRYENRGSUPPLY,A,1975,13.54,
AUT,RENEWABLE,TOT,PC_PRYENRGSUPPLY,A,1976,11.27,
AUT,RENEWABLE,TOT,PC_PRYENRGSUPPLY,A,1977,13.41,
AUT,RENEWABLE,TOT,PC_PRYENRGSUPPLY,A,1978,13.48,
AUT,RENEWABLE,TOT,PC_PRYENRGSUPPLY,A,1979,14.38,
AUT,RENEWABLE,TOT,PC_PRYENRGSUPPLY,A,1980,15.58,
AUT,RENEWABLE,TOT,PC_PRYENRGSUPPLY,A,1981,17.69,
AUT,RENEWABLE,TOT,PC_PRYENRGSUPPLY,A,1982,18.81,
AUT,RENEWABLE,TOT,PC_PRYENRGSUPPLY,A,1983,18.73,
AUT,RENEWABLE,TOT,PC_PRYENRGSUPPLY,A,1984,18.41,
AUT,RENEWABLE,TOT,PC_PRYENRGSUPPLY,A,1985,19.25,
AUT,RENEWABLE,TOT,PC_PRYENRGSUPPLY,A,1986,20.36,
AUT,RENEWABLE,TOT,PC_PRYENRGSUPPLY,A,1987,21.95,
AUT,RENEWABLE,TOT,PC_PRYENRGSUPPLY,A,1988,25.64,
AUT,RENEWABLE,TOT,PC_PRYENRGSUPPLY,A,1989,23.91,
AUT,RENEWABLE,TOT,PC_PRYENRGSUPPLY,A,1990,20.25,
AUT,RENEWABLE,TOT,PC_PRYENRGSUPPLY,A,1991,19.81,
AUT,RENEWABLE,TOT,PC_PRYENRGSUPPLY,A,1992,21.57,
AUT,RENEWABLE,TOT,PC_PRYENRGSUPPLY,A,1993,22.46,
AUT,RENEWABLE,TOT,PC_PRYENRGSUPPLY,A,1994,21.85,
AUT,RENEWABLE,TOT,PC_PRYENRGSUPPLY,A,1995,21.97,
AUT,RENEWABLE,TOT,PC_PRYENRGSUPPLY,A,1996,20.49,
AUT,RENEWABLE,TOT,PC_PRYENRGSUPPLY,A,1997,20.87,
AUT,RENEWABLE,TOT,PC_PRYENRGSUPPLY,A,1998,20.66,
AUT,RENEWABLE,TOT,PC_PRYENRGSUPPLY,A,1999,23.15,
AUT,RENEWABLE,TOT,PC_PRYENRGSUPPLY,A,2000,22.98,
AUT,RENEWABLE,TOT,PC_PRYENRGSUPPLY,A,2001,22.03,
AUT,RENEWABLE,TOT,PC_PRYENRGSUPPLY,A,2002,21.25,
AUT,RENEWABLE,TOT,PC_PRYENRGSUPPLY,A,2003,18.68,
AUT,RENEWABLE,TOT,PC_PRYENRGSUPPLY,A,2004,19.70,
AUT,RENEWABLE,TOT,PC_PRYENRGSUPPLY,A,2005,20.80,
AUT,RENEWABLE,TOT,PC_PRYENRGSUPPLY,A,2006,21.91,
AUT,RENEWABLE,TOT,PC_PRYENRGSUPPLY,A,2007,23.95,
AUT,RENEWABLE,TOT,PC_PRYENRGSUPPLY,A,2008,25.14,
AUT,RENEWABLE,TOT,PC_PRYENRGSUPPLY,A,2009,27.73,
AUT,RENEWABLE,TOT,PC_PRYENRGSUPPLY,A,2010,27.10,
AUT,RENEWABLE,TOT,PC_PRYENRGSUPPLY,A,2011,26.41,
AUT,RENEWABLE,TOT,PC_PRYENRGSUPPLY,A,2012,29.86,
AUT,RENEWABLE,TOT,PC_PRYENRGSUPPLY,A,2013,29.93,
AUT,RENEWABLE,TOT,PC_PRYENRGSUPPLY,A,2014,30.44,
AUT,RENEWABLE,TOT,PC_PRYENRGSUPPLY,A,2015,29.21,
BEL,RENEWABLE,TOT,PC_PRYENRGSUPPLY,A,1960,0.06,
BEL,RENEWABLE,TOT,PC_PRYENRGSUPPLY,A,1961,0.07,
BEL,RENEWABLE,TOT,PC_PRYENRGSUPPLY,A,1962,0.05,
BEL,RENEWABLE,TOT,PC_PRYENRGSUPPLY,A,1963,0.04,
BEL,RENEWABLE,TOT,PC_PRYENRGSUPPLY,A,1964,0.03,
BEL,RENEWABLE,TOT,PC_PRYENRGSUPPLY,A,1965,0.08,
BEL,RENEWABLE,TOT,PC_PRYENRGSUPPLY,A,1966,0.09,
BEL,RENEWABLE,TOT,PC_PRYENRGSUPPLY,A,1967,0.07,
BEL,RENEWABLE,TOT,PC_PRYENRGSUPPLY,A,1968,0.06,
BEL,RENEWABLE,TOT,PC_PRYENRGSUPPLY,A,1969,0.05,
BEL,RENEWABLE,TOT,PC_PRYENRGSUPPLY,A,1970,0.05,
BEL,RENEWABLE,TOT,PC_PRYENRGSUPPLY,A,1971,0.03,
BEL,RENEWABLE,TOT,PC_PRYENRGSUPPLY,A,1972,0.04,
BEL,RENEWABLE,TOT,PC_PRYENRGSUPPLY,A,1973,0.05,
BEL,RENEWABLE,TOT,PC_PRYENRGSUPPLY,A,1974,0.08,
BEL,RENEWABLE,TOT,PC_PRYENRGSUPPLY,A,1975,0.08,
BEL,RENEWABLE,TOT,PC_PRYENRGSUPPLY,A,1976,0.06,
BEL,RENEWABLE,TOT,PC_PRYENRGSUPPLY,A,1977,0.14,
BEL,RENEWABLE,TOT,PC_PRYENRGSUPPLY,A,1978,0.18,
BEL,RENEWABLE,TOT,PC_PRYENRGSUPPLY,A,1979,0.19,
BEL,RENEWABLE,TOT,PC_PRYENRGSUPPLY,A,1980,0.17,
BEL,RENEWABLE,TOT,PC_PRYENRGSUPPLY,A,1981,0.20,
BEL,RENEWABLE,TOT,PC_PRYENRGSUPPLY,A,1982,0.09,
BEL,RENEWABLE,TOT,PC_PRYENRGSUPPLY,A,1983,0.10,
BEL,RENEWABLE,TOT,PC_PRYENRGSUPPLY,A,1984,0.10,
BEL,RENEWABLE,TOT,PC_PRYENRGSUPPLY,A,1985,0.11,
BEL,RENEWABLE,TOT,PC_PRYENRGSUPPLY,A,1986,0.17,
BEL,RENEWABLE,TOT,PC_PRYENRGSUPPLY,A,1987,0.20,
BEL,RENEWABLE,TOT,PC_PRYENRGSUPPLY,A,1988,0.21,
BEL,RENEWABLE,TOT,PC_PRYENRGSUPPLY,A,1989,0.60,
BEL,RENEWABLE,TOT,PC_PRYENRGSUPPLY,A,1990,1.00,
BEL,RENEWABLE,TOT,PC_PRYENRGSUPPLY,A,1991,0.97,
BEL,RENEWABLE,TOT,PC_PRYENRGSUPPLY,A,1992,0.95,
BEL,RENEWABLE,TOT,PC_PRYENRGSUPPLY,A,1993,0.83,
BEL,RENEWABLE,TOT,PC_PRYENRGSUPPLY,A,1994,0.77,
BEL,RENEWABLE,TOT,PC_PRYENRGSUPPLY,A,1995,0.99,
BEL,RENEWABLE,TOT,PC_PRYENRGSUPPLY,A,1996,0.94,
BEL,RENEWABLE,TOT,PC_PRYENRGSUPPLY,A,1997,0.92,
BEL,RENEWABLE,TOT,PC_PRYENRGSUPPLY,A,1998,1.00,
BEL,RENEWABLE,TOT,PC_PRYENRGSUPPLY,A,1999,1.06,
BEL,RENEWABLE,TOT,PC_PRYENRGSUPPLY,A,2000,1.10,
BEL,RENEWABLE,TOT,PC_PRYENRGSUPPLY,A,2001,1.21,
BEL,RENEWABLE,TOT,PC_PRYENRGSUPPLY,A,2002,1.28,
BEL,RENEWABLE,TOT,PC_PRYENRGSUPPLY,A,2003,1.49,
BEL,RENEWABLE,TOT,PC_PRYENRGSUPPLY,A,2004,1.66,
BEL,RENEWABLE,TOT,PC_PRYENRGSUPPLY,A,2005,1.99,
BEL,RENEWABLE,TOT,PC_PRYENRGSUPPLY,A,2006,2.36,
BEL,RENEWABLE,TOT,PC_PRYENRGSUPPLY,A,2007,2.96,
BEL,RENEWABLE,TOT,PC_PRYENRGSUPPLY,A,2008,3.44,
BEL,RENEWABLE,TOT,PC_PRYENRGSUPPLY,A,2009,4.27,
BEL,RENEWABLE,TOT,PC_PRYENRGSUPPLY,A,2010,4.64,
BEL,RENEWABLE,TOT,PC_PRYENRGSUPPLY,A,2011,5.50,
BEL,RENEWABLE,TOT,PC_PRYENRGSUPPLY,A,2012,6.22,
BEL,RENEWABLE,TOT,PC_PRYENRGSUPPLY,A,2013,6.23,
BEL,RENEWABLE,TOT,PC_PRYENRGSUPPLY,A,2014,6.36,
BEL,RENEWABLE,TOT,PC_PRYENRGSUPPLY,A,2015,6.28,
CAN,RENEWABLE,TOT,PC_PRYENRGSUPPLY,A,1960,17.39,
CAN,RENEWABLE,TOT,PC_PRYENRGSUPPLY,A,1961,16.65,
CAN,RENEWABLE,TOT,PC_PRYENRGSUPPLY,A,1962,15.81,
CAN,RENEWABLE,TOT,PC_PRYENRGSUPPLY,A,1963,14.70,
CAN,RENEWABLE,TOT,PC_PRYENRGSUPPLY,A,1964,14.63,
CAN,RENEWABLE,TOT,PC_PRYENRGSUPPLY,A,1965,13.76,
CAN,RENEWABLE,TOT,PC_PRYENRGSUPPLY,A,1966,14.39,
CAN,RENEWABLE,TOT,PC_PRYENRGSUPPLY,A,1967,14.15,
CAN,RENEWABLE,TOT,PC_PRYENRGSUPPLY,A,1968,14.01,
CAN,RENEWABLE,TOT,PC_PRYENRGSUPPLY,A,1969,14.74,
CAN,RENEWABLE,TOT,PC_PRYENRGSUPPLY,A,1970,15.29,
CAN,RENEWABLE,TOT,PC_PRYENRGSUPPLY,A,1971,15.28,
CAN,RENEWABLE,TOT,PC_PRYENRGSUPPLY,A,1972,15.23,
CAN,RENEWABLE,TOT,PC_PRYENRGSUPPLY,A,1973,15.41,
CAN,RENEWABLE,TOT,PC_PRYENRGSUPPLY,A,1974,15.98,
CAN,RENEWABLE,TOT,PC_PRYENRGSUPPLY,A,1975,14.24,
CAN,RENEWABLE,TOT,PC_PRYENRGSUPPLY,A,1976,14.39,
CAN,RENEWABLE,TOT,PC_PRYENRGSUPPLY,A,1977,14.37,
CAN,RENEWABLE,TOT,PC_PRYENRGSUPPLY,A,1978,14.99,
CAN,RENEWABLE,TOT,PC_PRYENRGSUPPLY,A,1979,14.77,
CAN,RENEWABLE,TOT,PC_PRYENRGSUPPLY,A,1980,15.24,
CAN,RENEWABLE,TOT,PC_PRYENRGSUPPLY,A,1981,16.09,
CAN,RENEWABLE,TOT,PC_PRYENRGSUPPLY,A,1982,16.30,
CAN,RENEWABLE,TOT,PC_PRYENRGSUPPLY,A,1983,17.17,
CAN,RENEWABLE,TOT,PC_PRYENRGSUPPLY,A,1984,17.27,
CAN,RENEWABLE,TOT,PC_PRYENRGSUPPLY,A,1985,17.92,
CAN,RENEWABLE,TOT,PC_PRYENRGSUPPLY,A,1986,18.12,
CAN,RENEWABLE,TOT,PC_PRYENRGSUPPLY,A,1987,17.82,
CAN,RENEWABLE,TOT,PC_PRYENRGSUPPLY,A,1988,16.74,
CAN,RENEWABLE,TOT,PC_PRYENRGSUPPLY,A,1989,15.50,
CAN,RENEWABLE,TOT,PC_PRYENRGSUPPLY,A,1990,17.19,
CAN,RENEWABLE,TOT,PC_PRYENRGSUPPLY,A,1991,17.70,
CAN,RENEWABLE,TOT,PC_PRYENRGSUPPLY,A,1992,17.66,
CAN,RENEWABLE,TOT,PC_PRYENRGSUPPLY,A,1993,17.38,
CAN,RENEWABLE,TOT,PC_PRYENRGSUPPLY,A,1994,17.66,
CAN,RENEWABLE,TOT,PC_PRYENRGSUPPLY,A,1995,17.82,
CAN,RENEWABLE,TOT,PC_PRYENRGSUPPLY,A,1996,17.90,
CAN,RENEWABLE,TOT,PC_PRYENRGSUPPLY,A,1997,17.57,
CAN,RENEWABLE,TOT,PC_PRYENRGSUPPLY,A,1998,17.28,
CAN,RENEWABLE,TOT,PC_PRYENRGSUPPLY,A,1999,17.56,
CAN,RENEWABLE,TOT,PC_PRYENRGSUPPLY,A,2000,17.58,
CAN,RENEWABLE,TOT,PC_PRYENRGSUPPLY,A,2001,16.60,
CAN,RENEWABLE,TOT,PC_PRYENRGSUPPLY,A,2002,17.61,
CAN,RENEWABLE,TOT,PC_PRYENRGSUPPLY,A,2003,16.22,
CAN,RENEWABLE,TOT,PC_PRYENRGSUPPLY,A,2004,16.37,
CAN,RENEWABLE,TOT,PC_PRYENRGSUPPLY,A,2005,16.68,
CAN,RENEWABLE,TOT,PC_PRYENRGSUPPLY,A,2006,16.38,
CAN,RENEWABLE,TOT,PC_PRYENRGSUPPLY,A,2007,16.88,
CAN,RENEWABLE,TOT,PC_PRYENRGSUPPLY,A,2008,16.77,
CAN,RENEWABLE,TOT,PC_PRYENRGSUPPLY,A,2009,17.05,
CAN,RENEWABLE,TOT,PC_PRYENRGSUPPLY,A,2010,16.45,
CAN,RENEWABLE,TOT,PC_PRYENRGSUPPLY,A,2011,17.45,
CAN,RENEWABLE,TOT,PC_PRYENRGSUPPLY,A,2012,17.82,
CAN,RENEWABLE,TOT,PC_PRYENRGSUPPLY,A,2013,18.48,
CAN,RENEWABLE,TOT,PC_PRYENRGSUPPLY,A,2014,17.91,
CAN,RENEWABLE,TOT,PC_PRYENRGSUPPLY,A,2015,18.24,
CZE,RENEWABLE,TOT,PC_PRYENRGSUPPLY,A,1971,0.23,
CZE,RENEWABLE,TOT,PC_PRYENRGSUPPLY,A,1972,0.24,
CZE,RENEWABLE,TOT,PC_PRYENRGSUPPLY,A,1973,0.21,
CZE,RENEWABLE,TOT,PC_PRYENRGSUPPLY,A,1974,0.37,
CZE,RENEWABLE,TOT,PC_PRYENRGSUPPLY,A,1975,0.36,
CZE,RENEWABLE,TOT,PC_PRYENRGSUPPLY,A,1976,0.28,
CZE,RENEWABLE,TOT,PC_PRYENRGSUPPLY,A,1977,0.35,
CZE,RENEWABLE,TOT,PC_PRYENRGSUPPLY,A,1978,0.35,
CZE,RENEWABLE,TOT,PC_PRYENRGSUPPLY,A,1979,0.41,
CZE,RENEWABLE,TOT,PC_PRYENRGSUPPLY,A,1980,0.44,
CZE,RENEWABLE,TOT,PC_PRYENRGSUPPLY,A,1981,0.38,
CZE,RENEWABLE,TOT,PC_PRYENRGSUPPLY,A,1982,0.30,
CZE,RENEWABLE,TOT,PC_PRYENRGSUPPLY,A,1983,0.30,
CZE,RENEWABLE,TOT,PC_PRYENRGSUPPLY,A,1984,0.23,
CZE,RENEWABLE,TOT,PC_PRYENRGSUPPLY,A,1985,0.29,
CZE,RENEWABLE,TOT,PC_PRYENRGSUPPLY,A,1986,0.32,
CZE,RENEWABLE,TOT,PC_PRYENRGSUPPLY,A,1987,0.41,
CZE,RENEWABLE,TOT,PC_PRYENRGSUPPLY,A,1988,0.36,
CZE,RENEWABLE,TOT,PC_PRYENRGSUPPLY,A,1989,0.29,
CZE,RENEWABLE,TOT,PC_PRYENRGSUPPLY,A,1990,1.85,
CZE,RENEWABLE,TOT,PC_PRYENRGSUPPLY,A,1991,1.66,
CZE,RENEWABLE,TOT,PC_PRYENRGSUPPLY,A,1992,2.75,
CZE,RENEWABLE,TOT,PC_PRYENRGSUPPLY,A,1993,2.89,
CZE,RENEWABLE,TOT,PC_PRYENRGSUPPLY,A,1994,3.28,
CZE,RENEWABLE,TOT,PC_PRYENRGSUPPLY,A,1995,2.89,
CZE,RENEWABLE,TOT,PC_PRYENRGSUPPLY,A,1996,2.84,
CZE,RENEWABLE,TOT,PC_PRYENRGSUPPLY,A,1997,3.02,
CZE,RENEWABLE,TOT,PC_PRYENRGSUPPLY,A,1998,3.31,
CZE,RENEWABLE,TOT,PC_PRYENRGSUPPLY,A,1999,3.67,
CZE,RENEWABLE,TOT,PC_PRYENRGSUPPLY,A,2000,3.28,
CZE,RENEWABLE,TOT,PC_PRYENRGSUPPLY,A,2001,3.53,
CZE,RENEWABLE,TOT,PC_PRYENRGSUPPLY,A,2002,3.69,
CZE,RENEWABLE,TOT,PC_PRYENRGSUPPLY,A,2003,3.45,
CZE,RENEWABLE,TOT,PC_PRYENRGSUPPLY,A,2004,3.82,
CZE,RENEWABLE,TOT,PC_PRYENRGSUPPLY,A,2005,3.97,
CZE,RENEWABLE,TOT,PC_PRYENRGSUPPLY,A,2006,4.20,
CZE,RENEWABLE,TOT,PC_PRYENRGSUPPLY,A,2007,4.65,
CZE,RENEWABLE,TOT,PC_PRYENRGSUPPLY,A,2008,4.91,
CZE,RENEWABLE,TOT,PC_PRYENRGSUPPLY,A,2009,5.76,
CZE,RENEWABLE,TOT,PC_PRYENRGSUPPLY,A,2010,6.26,
CZE,RENEWABLE,TOT,PC_PRYENRGSUPPLY,A,2011,6.99,
CZE,RENEWABLE,TOT,PC_PRYENRGSUPPLY,A,2012,7.53,
CZE,RENEWABLE,TOT,PC_PRYENRGSUPPLY,A,2013,8.52,
CZE,RENEWABLE,TOT,PC_PRYENRGSUPPLY,A,2014,8.82,
CZE,RENEWABLE,TOT,PC_PRYENRGSUPPLY,A,2015,8.77,
DNK,RENEWABLE,TOT,PC_PRYENRGSUPPLY,A,1960,0.02,
DNK,RENEWABLE,TOT,PC_PRYENRGSUPPLY,A,1961,0.02,
DNK,RENEWABLE,TOT,PC_PRYENRGSUPPLY,A,1962,0.02,
DNK,RENEWABLE,TOT,PC_PRYENRGSUPPLY,A,1963,0.02,
DNK,RENEWABLE,TOT,PC_PRYENRGSUPPLY,A,1964,0.02,
DNK,RENEWABLE,TOT,PC_PRYENRGSUPPLY,A,1965,0.02,
DNK,RENEWABLE,TOT,PC_PRYENRGSUPPLY,A,1966,0.02,
DNK,RENEWABLE,TOT,PC_PRYENRGSUPPLY,A,1967,0.01,
DNK,RENEWABLE,TOT,PC_PRYENRGSUPPLY,A,1968,0.01,
DNK,RENEWABLE,TOT,PC_PRYENRGSUPPLY,A,1969,0.01,
DNK,RENEWABLE,TOT,PC_PRYENRGSUPPLY,A,1970,1.63,
DNK,RENEWABLE,TOT,PC_PRYENRGSUPPLY,A,1971,1.78,
DNK,RENEWABLE,TOT,PC_PRYENRGSUPPLY,A,1972,1.60,
DNK,RENEWABLE,TOT,PC_PRYENRGSUPPLY,A,1973,1.62,
DNK,RENEWABLE,TOT,PC_PRYENRGSUPPLY,A,1974,1.75,
DNK,RENEWABLE,TOT,PC_PRYENRGSUPPLY,A,1975,1.84,
DNK,RENEWABLE,TOT,PC_PRYENRGSUPPLY,A,1976,1.79,
DNK,RENEWABLE,TOT,PC_PRYENRGSUPPLY,A,1977,1.75,
DNK,RENEWABLE,TOT,PC_PRYENRGSUPPLY,A,1978,1.90,
DNK,RENEWABLE,TOT,PC_PRYENRGSUPPLY,A,1979,2.28,
DNK,RENEWABLE,TOT,PC_PRYENRGSUPPLY,A,1980,3.06,
DNK,RENEWABLE,TOT,PC_PRYENRGSUPPLY,A,1981,4.07,
DNK,RENEWABLE,TOT,PC_PRYENRGSUPPLY,A,1982,4.33,
DNK,RENEWABLE,TOT,PC_PRYENRGSUPPLY,A,1983,4.80,
DNK,RENEWABLE,TOT,PC_PRYENRGSUPPLY,A,1984,4.86,
DNK,RENEWABLE,TOT,PC_PRYENRGSUPPLY,A,1985,4.45,
DNK,RENEWABLE,TOT,PC_PRYENRGSUPPLY,A,1986,4.77,
DNK,RENEWABLE,TOT,PC_PRYENRGSUPPLY,A,1987,5.45,
DNK,RENEWABLE,TOT,PC_PRYENRGSUPPLY,A,1988,5.76,
DNK,RENEWABLE,TOT,PC_PRYENRGSUPPLY,A,1989,6.23,
DNK,RENEWABLE,TOT,PC_PRYENRGSUPPLY,A,1990,5.94,
DNK,RENEWABLE,TOT,PC_PRYENRGSUPPLY,A,1991,5.85,
DNK,RENEWABLE,TOT,PC_PRYENRGSUPPLY,A,1992,6.47,
DNK,RENEWABLE,TOT,PC_PRYENRGSUPPLY,A,1993,6.59,
DNK,RENEWABLE,TOT,PC_PRYENRGSUPPLY,A,1994,6.34,
DNK,RENEWABLE,TOT,PC_PRYENRGSUPPLY,A,1995,6.69,
DNK,RENEWABLE,TOT,PC_PRYENRGSUPPLY,A,1996,6.26,
DNK,RENEWABLE,TOT,PC_PRYENRGSUPPLY,A,1997,7.26,
DNK,RENEWABLE,TOT,PC_PRYENRGSUPPLY,A,1998,7.73,
DNK,RENEWABLE,TOT,PC_PRYENRGSUPPLY,A,1999,8.49,
DNK,RENEWABLE,TOT,PC_PRYENRGSUPPLY,A,2000,9.64,
DNK,RENEWABLE,TOT,PC_PRYENRGSUPPLY,A,2001,10.16,
DNK,RENEWABLE,TOT,PC_PRYENRGSUPPLY,A,2002,11.01,
DNK,RENEWABLE,TOT,PC_PRYENRGSUPPLY,A,2003,12.00,
DNK,RENEWABLE,TOT,PC_PRYENRGSUPPLY,A,2004,13.72,
DNK,RENEWABLE,TOT,PC_PRYENRGSUPPLY,A,2005,15.02,
DNK,RENEWABLE,TOT,PC_PRYENRGSUPPLY,A,2006,14.25,
DNK,RENEWABLE,TOT,PC_PRYENRGSUPPLY,A,2007,16.20,
DNK,RENEWABLE,TOT,PC_PRYENRGSUPPLY,A,2008,16.88,
DNK,RENEWABLE,TOT,PC_PRYENRGSUPPLY,A,2009,17.95,
DNK,RENEWABLE,TOT,PC_PRYENRGSUPPLY,A,2010,20.12,
DNK,RENEWABLE,TOT,PC_PRYENRGSUPPLY,A,2011,22.23,
DNK,RENEWABLE,TOT,PC_PRYENRGSUPPLY,A,2012,24.20,
DNK,RENEWABLE,TOT,PC_PRYENRGSUPPLY,A,2013,24.67,
DNK,RENEWABLE,TOT,PC_PRYENRGSUPPLY,A,2014,27.35,
DNK,RENEWABLE,TOT,PC_PRYENRGSUPPLY,A,2015,28.37,
FIN,RENEWABLE,TOT,PC_PRYENRGSUPPLY,A,1960,54.08,
FIN,RENEWABLE,TOT,PC_PRYENRGSUPPLY,A,1961,54.45,
FIN,RENEWABLE,TOT,PC_PRYENRGSUPPLY,A,1962,52.17,
FIN,RENEWABLE,TOT,PC_PRYENRGSUPPLY,A,1963,47.86,
FIN,RENEWABLE,TOT,PC_PRYENRGSUPPLY,A,1964,44.02,
FIN,RENEWABLE,TOT,PC_PRYENRGSUPPLY,A,1965,41.13,
FIN,RENEWABLE,TOT,PC_PRYENRGSUPPLY,A,1966,38.76,
FIN,RENEWABLE,TOT,PC_PRYENRGSUPPLY,A,1967,37.52,
FIN,RENEWABLE,TOT,PC_PRYENRGSUPPLY,A,1968,33.52,
FIN,RENEWABLE,TOT,PC_PRYENRGSUPPLY,A,1969,29.55,
FIN,RENEWABLE,TOT,PC_PRYENRGSUPPLY,A,1970,27.89,
FIN,RENEWABLE,TOT,PC_PRYENRGSUPPLY,A,1971,27.31,
FIN,RENEWABLE,TOT,PC_PRYENRGSUPPLY,A,1972,24.98,
FIN,RENEWABLE,TOT,PC_PRYENRGSUPPLY,A,1973,23.04,
FIN,RENEWABLE,TOT,PC_PRYENRGSUPPLY,A,1974,24.04,
FIN,RENEWABLE,TOT,PC_PRYENRGSUPPLY,A,1975,21.40,
FIN,RENEWABLE,TOT,PC_PRYENRGSUPPLY,A,1976,18.87,
FIN,RENEWABLE,TOT,PC_PRYENRGSUPPLY,A,1977,19.27,
FIN,RENEWABLE,TOT,PC_PRYENRGSUPPLY,A,1978,18.33,
FIN,RENEWABLE,TOT,PC_PRYENRGSUPPLY,A,1979,18.35,
FIN,RENEWABLE,TOT,PC_PRYENRGSUPPLY,A,1980,17.65,
FIN,RENEWABLE,TOT,PC_PRYENRGSUPPLY,A,1981,20.05,
FIN,RENEWABLE,TOT,PC_PRYENRGSUPPLY,A,1982,19.48,
FIN,RENEWABLE,TOT,PC_PRYENRGSUPPLY,A,1983,20.93,
FIN,RENEWABLE,TOT,PC_PRYENRGSUPPLY,A,1984,21.49,
FIN,RENEWABLE,TOT,PC_PRYENRGSUPPLY,A,1985,18.49,
FIN,RENEWABLE,TOT,PC_PRYENRGSUPPLY,A,1986,17.82,
FIN,RENEWABLE,TOT,PC_PRYENRGSUPPLY,A,1987,17.53,
FIN,RENEWABLE,TOT,PC_PRYENRGSUPPLY,A,1988,18.37,
FIN,RENEWABLE,TOT,PC_PRYENRGSUPPLY,A,1989,18.80,
FIN,RENEWABLE,TOT,PC_PRYENRGSUPPLY,A,1990,19.34,
FIN,RENEWABLE,TOT,PC_PRYENRGSUPPLY,A,1991,18.46,
FIN,RENEWABLE,TOT,PC_PRYENRGSUPPLY,A,1992,19.83,
FIN,RENEWABLE,TOT,PC_PRYENRGSUPPLY,A,1993,19.86,
FIN,RENEWABLE,TOT,PC_PRYENRGSUPPLY,A,1994,19.07,
FIN,RENEWABLE,TOT,PC_PRYENRGSUPPLY,A,1995,21.19,
FIN,RENEWABLE,TOT,PC_PRYENRGSUPPLY,A,1996,19.81,
FIN,RENEWABLE,TOT,PC_PRYENRGSUPPLY,A,1997,20.90,
FIN,RENEWABLE,TOT,PC_PRYENRGSUPPLY,A,1998,22.25,
FIN,RENEWABLE,TOT,PC_PRYENRGSUPPLY,A,1999,22.35,
FIN,RENEWABLE,TOT,PC_PRYENRGSUPPLY,A,2000,23.91,
FIN,RENEWABLE,TOT,PC_PRYENRGSUPPLY,A,2001,22.50,
FIN,RENEWABLE,TOT,PC_PRYENRGSUPPLY,A,2002,22.25,
FIN,RENEWABLE,TOT,PC_PRYENRGSUPPLY,A,2003,21.24,
FIN,RENEWABLE,TOT,PC_PRYENRGSUPPLY,A,2004,23.24,
FIN,RENEWABLE,TOT,PC_PRYENRGSUPPLY,A,2005,23.48,
FIN,RENEWABLE,TOT,PC_PRYENRGSUPPLY,A,2006,23.20,
FIN,RENEWABLE,TOT,PC_PRYENRGSUPPLY,A,2007,23.46,
FIN,RENEWABLE,TOT,PC_PRYENRGSUPPLY,A,2008,25.80,
FIN,RENEWABLE,TOT,PC_PRYENRGSUPPLY,A,2009,24.06,
FIN,RENEWABLE,TOT,PC_PRYENRGSUPPLY,A,2010,25.51,
FIN,RENEWABLE,TOT,PC_PRYENRGSUPPLY,A,2011,25.95,
FIN,RENEWABLE,TOT,PC_PRYENRGSUPPLY,A,2012,29.40,
FIN,RENEWABLE,TOT,PC_PRYENRGSUPPLY,A,2013,29.79,
FIN,RENEWABLE,TOT,PC_PRYENRGSUPPLY,A,2014,29.92,
FIN,RENEWABLE,TOT,PC_PRYENRGSUPPLY,A,2015,32.26,
FRA,RENEWABLE,TOT,PC_PRYENRGSUPPLY,A,1960,4.44,
FRA,RENEWABLE,TOT,PC_PRYENRGSUPPLY,A,1961,4.04,
FRA,RENEWABLE,TOT,PC_PRYENRGSUPPLY,A,1962,3.50,
FRA,RENEWABLE,TOT,PC_PRYENRGSUPPLY,A,1963,3.93,
FRA,RENEWABLE,TOT,PC_PRYENRGSUPPLY,A,1964,2.95,
FRA,RENEWABLE,TOT,PC_PRYENRGSUPPLY,A,1965,3.84,
FRA,RENEWABLE,TOT,PC_PRYENRGSUPPLY,A,1966,4.20,
FRA,RENEWABLE,TOT,PC_PRYENRGSUPPLY,A,1967,3.43,
FRA,RENEWABLE,TOT,PC_PRYENRGSUPPLY,A,1968,3.62,
FRA,RENEWABLE,TOT,PC_PRYENRGSUPPLY,A,1969,3.51,
FRA,RENEWABLE,TOT,PC_PRYENRGSUPPLY,A,1970,9.31,
FRA,RENEWABLE,TOT,PC_PRYENRGSUPPLY,A,1971,8.62,
FRA,RENEWABLE,TOT,PC_PRYENRGSUPPLY,A,1972,8.23,
FRA,RENEWABLE,TOT,PC_PRYENRGSUPPLY,A,1973,7.74,
FRA,RENEWABLE,TOT,PC_PRYENRGSUPPLY,A,1974,7.87,
FRA,RENEWABLE,TOT,PC_PRYENRGSUPPLY,A,1975,8.73,
FRA,RENEWABLE,TOT,PC_PRYENRGSUPPLY,A,1976,7.39,
FRA,RENEWABLE,TOT,PC_PRYENRGSUPPLY,A,1977,9.00,
FRA,RENEWABLE,TOT,PC_PRYENRGSUPPLY,A,1978,8.22,
FRA,RENEWABLE,TOT,PC_PRYENRGSUPPLY,A,1979,7.95,
FRA,RENEWABLE,TOT,PC_PRYENRGSUPPLY,A,1980,7.66,
FRA,RENEWABLE,TOT,PC_PRYENRGSUPPLY,A,1981,7.80,
FRA,RENEWABLE,TOT,PC_PRYENRGSUPPLY,A,1982,8.02,
FRA,RENEWABLE,TOT,PC_PRYENRGSUPPLY,A,1983,8.26,
FRA,RENEWABLE,TOT,PC_PRYENRGSUPPLY,A,1984,7.91,
FRA,RENEWABLE,TOT,PC_PRYENRGSUPPLY,A,1985,7.98,
FRA,RENEWABLE,TOT,PC_PRYENRGSUPPLY,A,1986,7.76,
FRA,RENEWABLE,TOT,PC_PRYENRGSUPPLY,A,1987,8.16,
FRA,RENEWABLE,TOT,PC_PRYENRGSUPPLY,A,1988,8.10,
FRA,RENEWABLE,TOT,PC_PRYENRGSUPPLY,A,1989,6.54,
FRA,RENEWABLE,TOT,PC_PRYENRGSUPPLY,A,1990,6.80,
FRA,RENEWABLE,TOT,PC_PRYENRGSUPPLY,A,1991,7.24,
FRA,RENEWABLE,TOT,PC_PRYENRGSUPPLY,A,1992,7.66,
FRA,RENEWABLE,TOT,PC_PRYENRGSUPPLY,A,1993,7.21,
FRA,RENEWABLE,TOT,PC_PRYENRGSUPPLY,A,1994,7.57,
FRA,RENEWABLE,TOT,PC_PRYENRGSUPPLY,A,1995,7.19,
FRA,RENEWABLE,TOT,PC_PRYENRGSUPPLY,A,1996,6.88,
FRA,RENEWABLE,TOT,PC_PRYENRGSUPPLY,A,1997,6.66,
FRA,RENEWABLE,TOT,PC_PRYENRGSUPPLY,A,1998,6.41,
FRA,RENEWABLE,TOT,PC_PRYENRGSUPPLY,A,1999,6.62,
FRA,RENEWABLE,TOT,PC_PRYENRGSUPPLY,A,2000,6.25,
FRA,RENEWABLE,TOT,PC_PRYENRGSUPPLY,A,2001,6.37,
FRA,RENEWABLE,TOT,PC_PRYENRGSUPPLY,A,2002,5.75,
FRA,RENEWABLE,TOT,PC_PRYENRGSUPPLY,A,2003,5.81,
FRA,RENEWABLE,TOT,PC_PRYENRGSUPPLY,A,2004,5.83,
FRA,RENEWABLE,TOT,PC_PRYENRGSUPPLY,A,2005,5.78,
FRA,RENEWABLE,TOT,PC_PRYENRGSUPPLY,A,2006,5.74,
FRA,RENEWABLE,TOT,PC_PRYENRGSUPPLY,A,2007,6.28,
FRA,RENEWABLE,TOT,PC_PRYENRGSUPPLY,A,2008,7.03,
FRA,RENEWABLE,TOT,PC_PRYENRGSUPPLY,A,2009,7.40,
FRA,RENEWABLE,TOT,PC_PRYENRGSUPPLY,A,2010,7.96,
FRA,RENEWABLE,TOT,PC_PRYENRGSUPPLY,A,2011,7.12,
FRA,RENEWABLE,TOT,PC_PRYENRGSUPPLY,A,2012,8.18,
FRA,RENEWABLE,TOT,PC_PRYENRGSUPPLY,A,2013,9.04,
FRA,RENEWABLE,TOT,PC_PRYENRGSUPPLY,A,2014,8.78,
FRA,RENEWABLE,TOT,PC_PRYENRGSUPPLY,A,2015,8.76,
DEU,RENEWABLE,TOT,PC_PRYENRGSUPPLY,A,1960,0.73,
DEU,RENEWABLE,TOT,PC_PRYENRGSUPPLY,A,1961,0.70,
DEU,RENEWABLE,TOT,PC_PRYENRGSUPPLY,A,1962,0.62,
DEU,RENEWABLE,TOT,PC_PRYENRGSUPPLY,A,1963,0.56,
DEU,RENEWABLE,TOT,PC_PRYENRGSUPPLY,A,1964,0.54,
DEU,RENEWABLE,TOT,PC_PRYENRGSUPPLY,A,1965,0.68,
DEU,RENEWABLE,TOT,PC_PRYENRGSUPPLY,A,1966,0.74,
DEU,RENEWABLE,TOT,PC_PRYENRGSUPPLY,A,1967,0.72,
DEU,RENEWABLE,TOT,PC_PRYENRGSUPPLY,A,1968,0.68,
DEU,RENEWABLE,TOT,PC_PRYENRGSUPPLY,A,1969,0.52,
DEU,RENEWABLE,TOT,PC_PRYENRGSUPPLY,A,1970,1.34,
DEU,RENEWABLE,TOT,PC_PRYENRGSUPPLY,A,1971,1.21,
DEU,RENEWABLE,TOT,PC_PRYENRGSUPPLY,A,1972,1.21,
DEU,RENEWABLE,TOT,PC_PRYENRGSUPPLY,A,1973,1.14,
DEU,RENEWABLE,TOT,PC_PRYENRGSUPPLY,A,1974,1.34,
DEU,RENEWABLE,TOT,PC_PRYENRGSUPPLY,A,1975,1.37,
DEU,RENEWABLE,TOT,PC_PRYENRGSUPPLY,A,1976,1.21,
DEU,RENEWABLE,TOT,PC_PRYENRGSUPPLY,A,1977,1.31,
DEU,RENEWABLE,TOT,PC_PRYENRGSUPPLY,A,1978,1.30,
DEU,RENEWABLE,TOT,PC_PRYENRGSUPPLY,A,1979,1.24,
DEU,RENEWABLE,TOT,PC_PRYENRGSUPPLY,A,1980,1.51,
DEU,RENEWABLE,TOT,PC_PRYENRGSUPPLY,A,1981,1.67,
DEU,RENEWABLE,TOT,PC_PRYENRGSUPPLY,A,1982,1.82,
DEU,RENEWABLE,TOT,PC_PRYENRGSUPPLY,A,1983,1.79,
DEU,RENEWABLE,TOT,PC_PRYENRGSUPPLY,A,1984,1.81,
DEU,RENEWABLE,TOT,PC_PRYENRGSUPPLY,A,1985,1.75,
DEU,RENEWABLE,TOT,PC_PRYENRGSUPPLY,A,1986,1.52,
DEU,RENEWABLE,TOT,PC_PRYENRGSUPPLY,A,1987,1.49,
DEU,RENEWABLE,TOT,PC_PRYENRGSUPPLY,A,1988,1.57,
DEU,RENEWABLE,TOT,PC_PRYENRGSUPPLY,A,1989,1.51,
DEU,RENEWABLE,TOT,PC_PRYENRGSUPPLY,A,1990,1.51,
DEU,RENEWABLE,TOT,PC_PRYENRGSUPPLY,A,1991,1.47,
DEU,RENEWABLE,TOT,PC_PRYENRGSUPPLY,A,1992,1.59,
DEU,RENEWABLE,TOT,PC_PRYENRGSUPPLY,A,1993,1.64,
DEU,RENEWABLE,TOT,PC_PRYENRGSUPPLY,A,1994,1.74,
DEU,RENEWABLE,TOT,PC_PRYENRGSUPPLY,A,1995,1.78,
DEU,RENEWABLE,TOT,PC_PRYENRGSUPPLY,A,1996,1.77,
DEU,RENEWABLE,TOT,PC_PRYENRGSUPPLY,A,1997,2.07,
DEU,RENEWABLE,TOT,PC_PRYENRGSUPPLY,A,1998,2.24,
DEU,RENEWABLE,TOT,PC_PRYENRGSUPPLY,A,1999,2.38,
DEU,RENEWABLE,TOT,PC_PRYENRGSUPPLY,A,2000,2.67,
DEU,RENEWABLE,TOT,PC_PRYENRGSUPPLY,A,2001,2.78,
DEU,RENEWABLE,TOT,PC_PRYENRGSUPPLY,A,2002,3.18,
DEU,RENEWABLE,TOT,PC_PRYENRGSUPPLY,A,2003,3.78,
DEU,RENEWABLE,TOT,PC_PRYENRGSUPPLY,A,2004,4.30,
DEU,RENEWABLE,TOT,PC_PRYENRGSUPPLY,A,2005,5.11,
DEU,RENEWABLE,TOT,PC_PRYENRGSUPPLY,A,2006,5.94,
DEU,RENEWABLE,TOT,PC_PRYENRGSUPPLY,A,2007,7.24,
DEU,RENEWABLE,TOT,PC_PRYENRGSUPPLY,A,2008,7.04,
DEU,RENEWABLE,TOT,PC_PRYENRGSUPPLY,A,2009,7.89,
DEU,RENEWABLE,TOT,PC_PRYENRGSUPPLY,A,2010,8.43,
DEU,RENEWABLE,TOT,PC_PRYENRGSUPPLY,A,2011,9.43,
DEU,RENEWABLE,TOT,PC_PRYENRGSUPPLY,A,2012,10.34,
DEU,RENEWABLE,TOT,PC_PRYENRGSUPPLY,A,2013,10.51,
DEU,RENEWABLE,TOT,PC_PRYENRGSUPPLY,A,2014,11.57,
DEU,RENEWABLE,TOT,PC_PRYENRGSUPPLY,A,2015,12.49,
GRC,RENEWABLE,TOT,PC_PRYENRGSUPPLY,A,1960,1.66,
GRC,RENEWABLE,TOT,PC_PRYENRGSUPPLY,A,1961,1.84,
GRC,RENEWABLE,TOT,PC_PRYENRGSUPPLY,A,1962,1.88,
GRC,RENEWABLE,TOT,PC_PRYENRGSUPPLY,A,1963,2.34,
GRC,RENEWABLE,TOT,PC_PRYENRGSUPPLY,A,1964,1.84,
GRC,RENEWABLE,TOT,PC_PRYENRGSUPPLY,A,1965,1.68,
GRC,RENEWABLE,TOT,PC_PRYENRGSUPPLY,A,1966,3.16,
GRC,RENEWABLE,TOT,PC_PRYENRGSUPPLY,A,1967,2.71,
GRC,RENEWABLE,TOT,PC_PRYENRGSUPPLY,A,1968,2.06,
GRC,RENEWABLE,TOT,PC_PRYENRGSUPPLY,A,1969,2.78,
GRC,RENEWABLE,TOT,PC_PRYENRGSUPPLY,A,1970,8.82,
GRC,RENEWABLE,TOT,PC_PRYENRGSUPPLY,A,1971,7.80,
GRC,RENEWABLE,TOT,PC_PRYENRGSUPPLY,A,1972,6.74,
GRC,RENEWABLE,TOT,PC_PRYENRGSUPPLY,A,1973,5.43,
GRC,RENEWABLE,TOT,PC_PRYENRGSUPPLY,A,1974,5.79,
GRC,RENEWABLE,TOT,PC_PRYENRGSUPPLY,A,1975,5.31,
GRC,RENEWABLE,TOT,PC_PRYENRGSUPPLY,A,1976,4.80,
GRC,RENEWABLE,TOT,PC_PRYENRGSUPPLY,A,1977,4.50,
GRC,RENEWABLE,TOT,PC_PRYENRGSUPPLY,A,1978,4.91,
GRC,RENEWABLE,TOT,PC_PRYENRGSUPPLY,A,1979,4.96,
GRC,RENEWABLE,TOT,PC_PRYENRGSUPPLY,A,1980,4.96,
GRC,RENEWABLE,TOT,PC_PRYENRGSUPPLY,A,1981,5.07,
GRC,RENEWABLE,TOT,PC_PRYENRGSUPPLY,A,1982,5.02,
GRC,RENEWABLE,TOT,PC_PRYENRGSUPPLY,A,1983,4.14,
GRC,RENEWABLE,TOT,PC_PRYENRGSUPPLY,A,1984,4.26,
GRC,RENEWABLE,TOT,PC_PRYENRGSUPPLY,A,1985,3.94,
GRC,RENEWABLE,TOT,PC_PRYENRGSUPPLY,A,1986,4.36,
GRC,RENEWABLE,TOT,PC_PRYENRGSUPPLY,A,1987,4.12,
GRC,RENEWABLE,TOT,PC_PRYENRGSUPPLY,A,1988,3.68,
GRC,RENEWABLE,TOT,PC_PRYENRGSUPPLY,A,1989,3.21,
GRC,RENEWABLE,TOT,PC_PRYENRGSUPPLY,A,1990,5.15,
GRC,RENEWABLE,TOT,PC_PRYENRGSUPPLY,A,1991,5.69,
GRC,RENEWABLE,TOT,PC_PRYENRGSUPPLY,A,1992,5.24,
GRC,RENEWABLE,TOT,PC_PRYENRGSUPPLY,A,1993,5.39,
GRC,RENEWABLE,TOT,PC_PRYENRGSUPPLY,A,1994,5.35,
GRC,RENEWABLE,TOT,PC_PRYENRGSUPPLY,A,1995,5.68,
GRC,RENEWABLE,TOT,PC_PRYENRGSUPPLY,A,1996,5.87,
GRC,RENEWABLE,TOT,PC_PRYENRGSUPPLY,A,1997,5.51,
GRC,RENEWABLE,TOT,PC_PRYENRGSUPPLY,A,1998,5.19,
GRC,RENEWABLE,TOT,PC_PRYENRGSUPPLY,A,1999,5.52,
GRC,RENEWABLE,TOT,PC_PRYENRGSUPPLY,A,2000,5.18,
GRC,RENEWABLE,TOT,PC_PRYENRGSUPPLY,A,2001,4.71,
GRC,RENEWABLE,TOT,PC_PRYENRGSUPPLY,A,2002,4.92,
GRC,RENEWABLE,TOT,PC_PRYENRGSUPPLY,A,2003,5.28,
GRC,RENEWABLE,TOT,PC_PRYENRGSUPPLY,A,2004,5.29,
GRC,RENEWABLE,TOT,PC_PRYENRGSUPPLY,A,2005,5.43,
GRC,RENEWABLE,TOT,PC_PRYENRGSUPPLY,A,2006,5.90,
GRC,RENEWABLE,TOT,PC_PRYENRGSUPPLY,A,2007,5.72,
GRC,RENEWABLE,TOT,PC_PRYENRGSUPPLY,A,2008,5.62,
GRC,RENEWABLE,TOT,PC_PRYENRGSUPPLY,A,2009,6.34,
GRC,RENEWABLE,TOT,PC_PRYENRGSUPPLY,A,2010,7.72,
GRC,RENEWABLE,TOT,PC_PRYENRGSUPPLY,A,2011,8.00,
GRC,RENEWABLE,TOT,PC_PRYENRGSUPPLY,A,2012,9.22,
GRC,RENEWABLE,TOT,PC_PRYENRGSUPPLY,A,2013,11.21,
GRC,RENEWABLE,TOT,PC_PRYENRGSUPPLY,A,2014,10.57,
GRC,RENEWABLE,TOT,PC_PRYENRGSUPPLY,A,2015,11.29,
HUN,RENEWABLE,TOT,PC_PRYENRGSUPPLY,A,1965,4.46,
HUN,RENEWABLE,TOT,PC_PRYENRGSUPPLY,A,1966,3.92,
HUN,RENEWABLE,TOT,PC_PRYENRGSUPPLY,A,1967,3.88,
HUN,RENEWABLE,TOT,PC_PRYENRGSUPPLY,A,1968,3.22,
HUN,RENEWABLE,TOT,PC_PRYENRGSUPPLY,A,1969,4.03,
HUN,RENEWABLE,TOT,PC_PRYENRGSUPPLY,A,1970,2.79,
HUN,RENEWABLE,TOT,PC_PRYENRGSUPPLY,A,1971,2.89,
HUN,RENEWABLE,TOT,PC_PRYENRGSUPPLY,A,1972,2.86,
HUN,RENEWABLE,TOT,PC_PRYENRGSUPPLY,A,1973,3.05,
HUN,RENEWABLE,TOT,PC_PRYENRGSUPPLY,A,1974,2.86,
HUN,RENEWABLE,TOT,PC_PRYENRGSUPPLY,A,1975,2.09,
HUN,RENEWABLE,TOT,PC_PRYENRGSUPPLY,A,1976,2.27,
HUN,RENEWABLE,TOT,PC_PRYENRGSUPPLY,A,1977,2.00,
HUN,RENEWABLE,TOT,PC_PRYENRGSUPPLY,A,1978,1.69,
HUN,RENEWABLE,TOT,PC_PRYENRGSUPPLY,A,1979,1.98,
HUN,RENEWABLE,TOT,PC_PRYENRGSUPPLY,A,1980,1.85,
HUN,RENEWABLE,TOT,PC_PRYENRGSUPPLY,A,1981,2.06,
HUN,RENEWABLE,TOT,PC_PRYENRGSUPPLY,A,1982,1.99,
HUN,RENEWABLE,TOT,PC_PRYENRGSUPPLY,A,1983,2.02,
HUN,RENEWABLE,TOT,PC_PRYENRGSUPPLY,A,1984,2.37,
HUN,RENEWABLE,TOT,PC_PRYENRGSUPPLY,A,1985,2.02,
HUN,RENEWABLE,TOT,PC_PRYENRGSUPPLY,A,1986,1.76,
HUN,RENEWABLE,TOT,PC_PRYENRGSUPPLY,A,1987,1.72,
HUN,RENEWABLE,TOT,PC_PRYENRGSUPPLY,A,1988,1.51,
HUN,RENEWABLE,TOT,PC_PRYENRGSUPPLY,A,1989,1.66,
HUN,RENEWABLE,TOT,PC_PRYENRGSUPPLY,A,1990,2.59,
HUN,RENEWABLE,TOT,PC_PRYENRGSUPPLY,A,1991,2.90,
HUN,RENEWABLE,TOT,PC_PRYENRGSUPPLY,A,1992,3.17,
HUN,RENEWABLE,TOT,PC_PRYENRGSUPPLY,A,1993,3.18,
HUN,RENEWABLE,TOT,PC_PRYENRGSUPPLY,A,1994,3.29,
HUN,RENEWABLE,TOT,PC_PRYENRGSUPPLY,A,1995,3.36,
HUN,RENEWABLE,TOT,PC_PRYENRGSUPPLY,A,1996,3.23,
HUN,RENEWABLE,TOT,PC_PRYENRGSUPPLY,A,1997,3.23,
HUN,RENEWABLE,TOT,PC_PRYENRGSUPPLY,A,1998,3.25,
HUN,RENEWABLE,TOT,PC_PRYENRGSUPPLY,A,1999,3.31,
HUN,RENEWABLE,TOT,PC_PRYENRGSUPPLY,A,2000,3.32,
HUN,RENEWABLE,TOT,PC_PRYENRGSUPPLY,A,2001,3.39,
HUN,RENEWABLE,TOT,PC_PRYENRGSUPPLY,A,2002,3.43,
HUN,RENEWABLE,TOT,PC_PRYENRGSUPPLY,A,2003,3.47,
HUN,RENEWABLE,TOT,PC_PRYENRGSUPPLY,A,2004,3.64,
HUN,RENEWABLE,TOT,PC_PRYENRGSUPPLY,A,2005,4.32,
HUN,RENEWABLE,TOT,PC_PRYENRGSUPPLY,A,2006,4.51,
HUN,RENEWABLE,TOT,PC_PRYENRGSUPPLY,A,2007,5.11,
HUN,RENEWABLE,TOT,PC_PRYENRGSUPPLY,A,2008,6.01,
HUN,RENEWABLE,TOT,PC_PRYENRGSUPPLY,A,2009,7.39,
HUN,RENEWABLE,TOT,PC_PRYENRGSUPPLY,A,2010,7.61,
HUN,RENEWABLE,TOT,PC_PRYENRGSUPPLY,A,2011,7.57,
HUN,RENEWABLE,TOT,PC_PRYENRGSUPPLY,A,2012,7.59,
HUN,RENEWABLE,TOT,PC_PRYENRGSUPPLY,A,2013,8.22,
HUN,RENEWABLE,TOT,PC_PRYENRGSUPPLY,A,2014,8.45,
HUN,RENEWABLE,TOT,PC_PRYENRGSUPPLY,A,2015,8.04,
ISL,RENEWABLE,TOT,PC_PRYENRGSUPPLY,A,1960,27.87,
ISL,RENEWABLE,TOT,PC_PRYENRGSUPPLY,A,1961,30.24,
ISL,RENEWABLE,TOT,PC_PRYENRGSUPPLY,A,1962,30.78,
ISL,RENEWABLE,TOT,PC_PRYENRGSUPPLY,A,1963,30.29,
ISL,RENEWABLE,TOT,PC_PRYENRGSUPPLY,A,1964,31.83,
ISL,RENEWABLE,TOT,PC_PRYENRGSUPPLY,A,1965,30.41,
ISL,RENEWABLE,TOT,PC_PRYENRGSUPPLY,A,1966,31.24,
ISL,RENEWABLE,TOT,PC_PRYENRGSUPPLY,A,1967,33.76,
ISL,RENEWABLE,TOT,PC_PRYENRGSUPPLY,A,1968,34.48,
ISL,RENEWABLE,TOT,PC_PRYENRGSUPPLY,A,1969,42.96,
ISL,RENEWABLE,TOT,PC_PRYENRGSUPPLY,A,1970,45.65,
ISL,RENEWABLE,TOT,PC_PRYENRGSUPPLY,A,1971,46.87,
ISL,RENEWABLE,TOT,PC_PRYENRGSUPPLY,A,1972,49.82,
ISL,RENEWABLE,TOT,PC_PRYENRGSUPPLY,A,1973,48.39,
ISL,RENEWABLE,TOT,PC_PRYENRGSUPPLY,A,1974,48.06,
ISL,RENEWABLE,TOT,PC_PRYENRGSUPPLY,A,1975,52.34,
ISL,RENEWABLE,TOT,PC_PRYENRGSUPPLY,A,1976,54.92,
ISL,RENEWABLE,TOT,PC_PRYENRGSUPPLY,A,1977,54.45,
ISL,RENEWABLE,TOT,PC_PRYENRGSUPPLY,A,1978,55.55,
ISL,RENEWABLE,TOT,PC_PRYENRGSUPPLY,A,1979,57.45,
ISL,RENEWABLE,TOT,PC_PRYENRGSUPPLY,A,1980,60.40,
ISL,RENEWABLE,TOT,PC_PRYENRGSUPPLY,A,1981,66.18,
ISL,RENEWABLE,TOT,PC_PRYENRGSUPPLY,A,1982,70.19,
ISL,RENEWABLE,TOT,PC_PRYENRGSUPPLY,A,1983,71.54,
ISL,RENEWABLE,TOT,PC_PRYENRGSUPPLY,A,1984,69.35,
ISL,RENEWABLE,TOT,PC_PRYENRGSUPPLY,A,1985,70.73,
ISL,RENEWABLE,TOT,PC_PRYENRGSUPPLY,A,1986,68.99,
ISL,RENEWABLE,TOT,PC_PRYENRGSUPPLY,A,1987,68.13,
ISL,RENEWABLE,TOT,PC_PRYENRGSUPPLY,A,1988,69.68,
ISL,RENEWABLE,TOT,PC_PRYENRGSUPPLY,A,1989,69.84,
ISL,RENEWABLE,TOT,PC_PRYENRGSUPPLY,A,1990,71.36,
ISL,RENEWABLE,TOT,PC_PRYENRGSUPPLY,A,1991,72.16,
ISL,RENEWABLE,TOT,PC_PRYENRGSUPPLY,A,1992,70.24,
ISL,RENEWABLE,TOT,PC_PRYENRGSUPPLY,A,1993,69.93,
ISL,RENEWABLE,TOT,PC_PRYENRGSUPPLY,A,1994,69.99,
ISL,RENEWABLE,TOT,PC_PRYENRGSUPPLY,A,1995,70.69,
ISL,RENEWABLE,TOT,PC_PRYENRGSUPPLY,A,1996,69.24,
ISL,RENEWABLE,TOT,PC_PRYENRGSUPPLY,A,1997,70.23,
ISL,RENEWABLE,TOT,PC_PRYENRGSUPPLY,A,1998,71.95,
ISL,RENEWABLE,TOT,PC_PRYENRGSUPPLY,A,1999,75.51,
ISL,RENEWABLE,TOT,PC_PRYENRGSUPPLY,A,2000,77.36,
ISL,RENEWABLE,TOT,PC_PRYENRGSUPPLY,A,2001,77.09,
ISL,RENEWABLE,TOT,PC_PRYENRGSUPPLY,A,2002,76.89,
ISL,RENEWABLE,TOT,PC_PRYENRGSUPPLY,A,2003,77.10,
ISL,RENEWABLE,TOT,PC_PRYENRGSUPPLY,A,2004,75.88,
ISL,RENEWABLE,TOT,PC_PRYENRGSUPPLY,A,2005,76.31,
ISL,RENEWABLE,TOT,PC_PRYENRGSUPPLY,A,2006,80.26,
ISL,RENEWABLE,TOT,PC_PRYENRGSUPPLY,A,2007,83.78,
ISL,RENEWABLE,TOT,PC_PRYENRGSUPPLY,A,2008,86.80,
ISL,RENEWABLE,TOT,PC_PRYENRGSUPPLY,A,2009,87.82,
ISL,RENEWABLE,TOT,PC_PRYENRGSUPPLY,A,2010,88.47,
ISL,RENEWABLE,TOT,PC_PRYENRGSUPPLY,A,2011,89.75,
ISL,RENEWABLE,TOT,PC_PRYENRGSUPPLY,A,2012,89.67,
ISL,RENEWABLE,TOT,PC_PRYENRGSUPPLY,A,2013,89.60,
ISL,RENEWABLE,TOT,PC_PRYENRGSUPPLY,A,2014,89.07,
ISL,RENEWABLE,TOT,PC_PRYENRGSUPPLY,A,2015,88.48,
IRL,RENEWABLE,TOT,PC_PRYENRGSUPPLY,A,1960,2.15,
IRL,RENEWABLE,TOT,PC_PRYENRGSUPPLY,A,1961,1.61,
IRL,RENEWABLE,TOT,PC_PRYENRGSUPPLY,A,1962,1.41,
IRL,RENEWABLE,TOT,PC_PRYENRGSUPPLY,A,1963,1.36,
IRL,RENEWABLE,TOT,PC_PRYENRGSUPPLY,A,1964,1.55,
IRL,RENEWABLE,TOT,PC_PRYENRGSUPPLY,A,1965,1.86,
IRL,RENEWABLE,TOT,PC_PRYENRGSUPPLY,A,1966,1.56,
IRL,RENEWABLE,TOT,PC_PRYENRGSUPPLY,A,1967,1.34,
IRL,RENEWABLE,TOT,PC_PRYENRGSUPPLY,A,1968,1.21,
IRL,RENEWABLE,TOT,PC_PRYENRGSUPPLY,A,1969,0.87,
IRL,RENEWABLE,TOT,PC_PRYENRGSUPPLY,A,1970,1.15,
IRL,RENEWABLE,TOT,PC_PRYENRGSUPPLY,A,1971,0.60,
IRL,RENEWABLE,TOT,PC_PRYENRGSUPPLY,A,1972,0.88,
IRL,RENEWABLE,TOT,PC_PRYENRGSUPPLY,A,1973,0.80,
IRL,RENEWABLE,TOT,PC_PRYENRGSUPPLY,A,1974,0.95,
IRL,RENEWABLE,TOT,PC_PRYENRGSUPPLY,A,1975,0.67,
IRL,RENEWABLE,TOT,PC_PRYENRGSUPPLY,A,1976,0.75,
IRL,RENEWABLE,TOT,PC_PRYENRGSUPPLY,A,1977,0.89,
IRL,RENEWABLE,TOT,PC_PRYENRGSUPPLY,A,1978,0.83,
IRL,RENEWABLE,TOT,PC_PRYENRGSUPPLY,A,1979,0.83,
IRL,RENEWABLE,TOT,PC_PRYENRGSUPPLY,A,1980,0.88,
IRL,RENEWABLE,TOT,PC_PRYENRGSUPPLY,A,1981,0.90,
IRL,RENEWABLE,TOT,PC_PRYENRGSUPPLY,A,1982,0.84,
IRL,RENEWABLE,TOT,PC_PRYENRGSUPPLY,A,1983,0.82,
IRL,RENEWABLE,TOT,PC_PRYENRGSUPPLY,A,1984,0.71,
IRL,RENEWABLE,TOT,PC_PRYENRGSUPPLY,A,1985,0.83,
IRL,RENEWABLE,TOT,PC_PRYENRGSUPPLY,A,1986,0.89,
IRL,RENEWABLE,TOT,PC_PRYENRGSUPPLY,A,1987,0.63,
IRL,RENEWABLE,TOT,PC_PRYENRGSUPPLY,A,1988,0.82,
IRL,RENEWABLE,TOT,PC_PRYENRGSUPPLY,A,1989,0.64,
IRL,RENEWABLE,TOT,PC_PRYENRGSUPPLY,A,1990,1.69,
IRL,RENEWABLE,TOT,PC_PRYENRGSUPPLY,A,1991,1.68,
IRL,RENEWABLE,TOT,PC_PRYENRGSUPPLY,A,1992,1.64,
IRL,RENEWABLE,TOT,PC_PRYENRGSUPPLY,A,1993,1.60,
IRL,RENEWABLE,TOT,PC_PRYENRGSUPPLY,A,1994,1.65,
IRL,RENEWABLE,TOT,PC_PRYENRGSUPPLY,A,1995,1.45,
IRL,RENEWABLE,TOT,PC_PRYENRGSUPPLY,A,1996,1.48,
IRL,RENEWABLE,TOT,PC_PRYENRGSUPPLY,A,1997,1.51,
IRL,RENEWABLE,TOT,PC_PRYENRGSUPPLY,A,1998,1.82,
IRL,RENEWABLE,TOT,PC_PRYENRGSUPPLY,A,1999,1.67,
IRL,RENEWABLE,TOT,PC_PRYENRGSUPPLY,A,2000,1.70,
IRL,RENEWABLE,TOT,PC_PRYENRGSUPPLY,A,2001,1.63,
IRL,RENEWABLE,TOT,PC_PRYENRGSUPPLY,A,2002,1.81,
IRL,RENEWABLE,TOT,PC_PRYENRGSUPPLY,A,2003,1.67,
IRL,RENEWABLE,TOT,PC_PRYENRGSUPPLY,A,2004,1.95,
IRL,RENEWABLE,TOT,PC_PRYENRGSUPPLY,A,2005,2.51,
IRL,RENEWABLE,TOT,PC_PRYENRGSUPPLY,A,2006,2.89,
IRL,RENEWABLE,TOT,PC_PRYENRGSUPPLY,A,2007,3.18,
IRL,RENEWABLE,TOT,PC_PRYENRGSUPPLY,A,2008,3.89,
IRL,RENEWABLE,TOT,PC_PRYENRGSUPPLY,A,2009,4.64,
IRL,RENEWABLE,TOT,PC_PRYENRGSUPPLY,A,2010,4.61,
IRL,RENEWABLE,TOT,PC_PRYENRGSUPPLY,A,2011,5.85,
IRL,RENEWABLE,TOT,PC_PRYENRGSUPPLY,A,2012,5.94,
IRL,RENEWABLE,TOT,PC_PRYENRGSUPPLY,A,2013,6.46,
IRL,RENEWABLE,TOT,PC_PRYENRGSUPPLY,A,2014,7.53,
IRL,RENEWABLE,TOT,PC_PRYENRGSUPPLY,A,2015,8.11,
ITA,RENEWABLE,TOT,PC_PRYENRGSUPPLY,A,1960,14.42,
ITA,RENEWABLE,TOT,PC_PRYENRGSUPPLY,A,1961,12.35,
ITA,RENEWABLE,TOT,PC_PRYENRGSUPPLY,A,1962,10.48,
ITA,RENEWABLE,TOT,PC_PRYENRGSUPPLY,A,1963,10.50,
ITA,RENEWABLE,TOT,PC_PRYENRGSUPPLY,A,1964,8.75,
ITA,RENEWABLE,TOT,PC_PRYENRGSUPPLY,A,1965,8.57,
ITA,RENEWABLE,TOT,PC_PRYENRGSUPPLY,A,1966,8.01,
ITA,RENEWABLE,TOT,PC_PRYENRGSUPPLY,A,1967,7.17,
ITA,RENEWABLE,TOT,PC_PRYENRGSUPPLY,A,1968,6.62,
ITA,RENEWABLE,TOT,PC_PRYENRGSUPPLY,A,1969,6.03,
ITA,RENEWABLE,TOT,PC_PRYENRGSUPPLY,A,1970,5.61,
ITA,RENEWABLE,TOT,PC_PRYENRGSUPPLY,A,1971,5.57,
ITA,RENEWABLE,TOT,PC_PRYENRGSUPPLY,A,1972,5.40,
ITA,RENEWABLE,TOT,PC_PRYENRGSUPPLY,A,1973,4.70,
ITA,RENEWABLE,TOT,PC_PRYENRGSUPPLY,A,1974,5.43,
ITA,RENEWABLE,TOT,PC_PRYENRGSUPPLY,A,1975,5.80,
ITA,RENEWABLE,TOT,PC_PRYENRGSUPPLY,A,1976,5.22,
ITA,RENEWABLE,TOT,PC_PRYENRGSUPPLY,A,1977,6.06,
ITA,RENEWABLE,TOT,PC_PRYENRGSUPPLY,A,1978,5.45,
ITA,RENEWABLE,TOT,PC_PRYENRGSUPPLY,A,1979,5.28,
ITA,RENEWABLE,TOT,PC_PRYENRGSUPPLY,A,1980,5.43,
ITA,RENEWABLE,TOT,PC_PRYENRGSUPPLY,A,1981,5.45,
ITA,RENEWABLE,TOT,PC_PRYENRGSUPPLY,A,1982,5.50,
ITA,RENEWABLE,TOT,PC_PRYENRGSUPPLY,A,1983,5.50,
ITA,RENEWABLE,TOT,PC_PRYENRGSUPPLY,A,1984,5.57,
ITA,RENEWABLE,TOT,PC_PRYENRGSUPPLY,A,1985,5.20,
ITA,RENEWABLE,TOT,PC_PRYENRGSUPPLY,A,1986,5.34,
ITA,RENEWABLE,TOT,PC_PRYENRGSUPPLY,A,1987,5.12,
ITA,RENEWABLE,TOT,PC_PRYENRGSUPPLY,A,1988,5.17,
ITA,RENEWABLE,TOT,PC_PRYENRGSUPPLY,A,1989,4.62,
ITA,RENEWABLE,TOT,PC_PRYENRGSUPPLY,A,1990,4.42,
ITA,RENEWABLE,TOT,PC_PRYENRGSUPPLY,A,1991,5.00,
ITA,RENEWABLE,TOT,PC_PRYENRGSUPPLY,A,1992,5.31,
ITA,RENEWABLE,TOT,PC_PRYENRGSUPPLY,A,1993,5.37,
ITA,RENEWABLE,TOT,PC_PRYENRGSUPPLY,A,1994,5.63,
ITA,RENEWABLE,TOT,PC_PRYENRGSUPPLY,A,1995,4.85,
ITA,RENEWABLE,TOT,PC_PRYENRGSUPPLY,A,1996,5.25,
ITA,RENEWABLE,TOT,PC_PRYENRGSUPPLY,A,1997,5.37,
ITA,RENEWABLE,TOT,PC_PRYENRGSUPPLY,A,1998,5.46,
ITA,RENEWABLE,TOT,PC_PRYENRGSUPPLY,A,1999,5.81,
ITA,RENEWABLE,TOT,PC_PRYENRGSUPPLY,A,2000,5.90,
ITA,RENEWABLE,TOT,PC_PRYENRGSUPPLY,A,2001,6.01,
ITA,RENEWABLE,TOT,PC_PRYENRGSUPPLY,A,2002,6.28,
ITA,RENEWABLE,TOT,PC_PRYENRGSUPPLY,A,2003,7.11,
ITA,RENEWABLE,TOT,PC_PRYENRGSUPPLY,A,2004,7.09,
ITA,RENEWABLE,TOT,PC_PRYENRGSUPPLY,A,2005,7.57,
ITA,RENEWABLE,TOT,PC_PRYENRGSUPPLY,A,2006,8.30,
ITA,RENEWABLE,TOT,PC_PRYENRGSUPPLY,A,2007,9.21,
ITA,RENEWABLE,TOT,PC_PRYENRGSUPPLY,A,2008,10.85,
ITA,RENEWABLE,TOT,PC_PRYENRGSUPPLY,A,2009,12.40,
ITA,RENEWABLE,TOT,PC_PRYENRGSUPPLY,A,2010,12.59,
ITA,RENEWABLE,TOT,PC_PRYENRGSUPPLY,A,2011,12.52,
ITA,RENEWABLE,TOT,PC_PRYENRGSUPPLY,A,2012,14.80,
ITA,RENEWABLE,TOT,PC_PRYENRGSUPPLY,A,2013,16.97,
ITA,RENEWABLE,TOT,PC_PRYENRGSUPPLY,A,2014,18.06,
ITA,RENEWABLE,TOT,PC_PRYENRGSUPPLY,A,2015,17.47,
JPN,RENEWABLE,TOT,PC_PRYENRGSUPPLY,A,1960,6.22,
JPN,RENEWABLE,TOT,PC_PRYENRGSUPPLY,A,1961,6.40,
JPN,RENEWABLE,TOT,PC_PRYENRGSUPPLY,A,1962,5.58,
JPN,RENEWABLE,TOT,PC_PRYENRGSUPPLY,A,1963,5.39,
JPN,RENEWABLE,TOT,PC_PRYENRGSUPPLY,A,1964,4.80,
JPN,RENEWABLE,TOT,PC_PRYENRGSUPPLY,A,1965,4.86,
JPN,RENEWABLE,TOT,PC_PRYENRGSUPPLY,A,1966,4.63,
JPN,RENEWABLE,TOT,PC_PRYENRGSUPPLY,A,1967,3.40,
JPN,RENEWABLE,TOT,PC_PRYENRGSUPPLY,A,1968,3.22,
JPN,RENEWABLE,TOT,PC_PRYENRGSUPPLY,A,1969,2.86,
JPN,RENEWABLE,TOT,PC_PRYENRGSUPPLY,A,1970,2.53,
JPN,RENEWABLE,TOT,PC_PRYENRGSUPPLY,A,1971,2.71,
JPN,RENEWABLE,TOT,PC_PRYENRGSUPPLY,A,1972,2.56,
JPN,RENEWABLE,TOT,PC_PRYENRGSUPPLY,A,1973,1.86,
JPN,RENEWABLE,TOT,PC_PRYENRGSUPPLY,A,1974,2.23,
JPN,RENEWABLE,TOT,PC_PRYENRGSUPPLY,A,1975,2.38,
JPN,RENEWABLE,TOT,PC_PRYENRGSUPPLY,A,1976,2.27,
JPN,RENEWABLE,TOT,PC_PRYENRGSUPPLY,A,1977,1.98,
JPN,RENEWABLE,TOT,PC_PRYENRGSUPPLY,A,1978,1.96,
JPN,RENEWABLE,TOT,PC_PRYENRGSUPPLY,A,1979,2.19,
JPN,RENEWABLE,TOT,PC_PRYENRGSUPPLY,A,1980,2.43,
JPN,RENEWABLE,TOT,PC_PRYENRGSUPPLY,A,1981,2.46,
JPN,RENEWABLE,TOT,PC_PRYENRGSUPPLY,A,1982,3.53,
JPN,RENEWABLE,TOT,PC_PRYENRGSUPPLY,A,1983,3.70,
JPN,RENEWABLE,TOT,PC_PRYENRGSUPPLY,A,1984,3.21,
JPN,RENEWABLE,TOT,PC_PRYENRGSUPPLY,A,1985,3.54,
JPN,RENEWABLE,TOT,PC_PRYENRGSUPPLY,A,1986,3.45,
JPN,RENEWABLE,TOT,PC_PRYENRGSUPPLY,A,1987,3.33,
JPN,RENEWABLE,TOT,PC_PRYENRGSUPPLY,A,1988,3.52,
JPN,RENEWABLE,TOT,PC_PRYENRGSUPPLY,A,1989,3.49,
JPN,RENEWABLE,TOT,PC_PRYENRGSUPPLY,A,1990,3.41,
JPN,RENEWABLE,TOT,PC_PRYENRGSUPPLY,A,1991,3.54,
JPN,RENEWABLE,TOT,PC_PRYENRGSUPPLY,A,1992,3.15,
JPN,RENEWABLE,TOT,PC_PRYENRGSUPPLY,A,1993,3.32,
JPN,RENEWABLE,TOT,PC_PRYENRGSUPPLY,A,1994,2.72,
JPN,RENEWABLE,TOT,PC_PRYENRGSUPPLY,A,1995,3.14,
JPN,RENEWABLE,TOT,PC_PRYENRGSUPPLY,A,1996,3.14,
JPN,RENEWABLE,TOT,PC_PRYENRGSUPPLY,A,1997,3.29,
JPN,RENEWABLE,TOT,PC_PRYENRGSUPPLY,A,1998,3.24,
JPN,RENEWABLE,TOT,PC_PRYENRGSUPPLY,A,1999,3.10,
JPN,RENEWABLE,TOT,PC_PRYENRGSUPPLY,A,2000,3.07,
JPN,RENEWABLE,TOT,PC_PRYENRGSUPPLY,A,2001,3.00,
JPN,RENEWABLE,TOT,PC_PRYENRGSUPPLY,A,2002,3.01,
JPN,RENEWABLE,TOT,PC_PRYENRGSUPPLY,A,2003,3.26,
JPN,RENEWABLE,TOT,PC_PRYENRGSUPPLY,A,2004,3.13,
JPN,RENEWABLE,TOT,PC_PRYENRGSUPPLY,A,2005,3.03,
JPN,RENEWABLE,TOT,PC_PRYENRGSUPPLY,A,2006,3.21,
JPN,RENEWABLE,TOT,PC_PRYENRGSUPPLY,A,2007,3.06,
JPN,RENEWABLE,TOT,PC_PRYENRGSUPPLY,A,2008,3.11,
JPN,RENEWABLE,TOT,PC_PRYENRGSUPPLY,A,2009,3.21,
JPN,RENEWABLE,TOT,PC_PRYENRGSUPPLY,A,2010,3.80,
JPN,RENEWABLE,TOT,PC_PRYENRGSUPPLY,A,2011,4.14,
JPN,RENEWABLE,TOT,PC_PRYENRGSUPPLY,A,2012,4.09,
JPN,RENEWABLE,TOT,PC_PRYENRGSUPPLY,A,2013,4.38,
JPN,RENEWABLE,TOT,PC_PRYENRGSUPPLY,A,2014,4.84,
JPN,RENEWABLE,TOT,PC_PRYENRGSUPPLY,A,2015,5.28,
KOR,RENEWABLE,TOT,PC_PRYENRGSUPPLY,A,1971,0.67,
KOR,RENEWABLE,TOT,PC_PRYENRGSUPPLY,A,1972,0.64,
KOR,RENEWABLE,TOT,PC_PRYENRGSUPPLY,A,1973,0.51,
KOR,RENEWABLE,TOT,PC_PRYENRGSUPPLY,A,1974,0.70,
KOR,RENEWABLE,TOT,PC_PRYENRGSUPPLY,A,1975,0.59,
KOR,RENEWABLE,TOT,PC_PRYENRGSUPPLY,A,1976,0.57,
KOR,RENEWABLE,TOT,PC_PRYENRGSUPPLY,A,1977,0.38,
KOR,RENEWABLE,TOT,PC_PRYENRGSUPPLY,A,1978,0.45,
KOR,RENEWABLE,TOT,PC_PRYENRGSUPPLY,A,1979,0.50,
KOR,RENEWABLE,TOT,PC_PRYENRGSUPPLY,A,1980,0.41,
KOR,RENEWABLE,TOT,PC_PRYENRGSUPPLY,A,1981,0.57,
KOR,RENEWABLE,TOT,PC_PRYENRGSUPPLY,A,1982,0.40,
KOR,RENEWABLE,TOT,PC_PRYENRGSUPPLY,A,1983,0.50,
KOR,RENEWABLE,TOT,PC_PRYENRGSUPPLY,A,1984,0.41,
KOR,RENEWABLE,TOT,PC_PRYENRGSUPPLY,A,1985,0.59,
KOR,RENEWABLE,TOT,PC_PRYENRGSUPPLY,A,1986,0.57,
KOR,RENEWABLE,TOT,PC_PRYENRGSUPPLY,A,1987,0.70,
KOR,RENEWABLE,TOT,PC_PRYENRGSUPPLY,A,1988,0.41,
KOR,RENEWABLE,TOT,PC_PRYENRGSUPPLY,A,1989,0.50,
KOR,RENEWABLE,TOT,PC_PRYENRGSUPPLY,A,1990,1.08,
KOR,RENEWABLE,TOT,PC_PRYENRGSUPPLY,A,1991,0.62,
KOR,RENEWABLE,TOT,PC_PRYENRGSUPPLY,A,1992,0.47,
KOR,RENEWABLE,TOT,PC_PRYENRGSUPPLY,A,1993,0.46,
KOR,RENEWABLE,TOT,PC_PRYENRGSUPPLY,A,1994,0.28,
KOR,RENEWABLE,TOT,PC_PRYENRGSUPPLY,A,1995,0.30,
KOR,RENEWABLE,TOT,PC_PRYENRGSUPPLY,A,1996,0.39,
KOR,RENEWABLE,TOT,PC_PRYENRGSUPPLY,A,1997,0.40,
KOR,RENEWABLE,TOT,PC_PRYENRGSUPPLY,A,1998,0.53,
KOR,RENEWABLE,TOT,PC_PRYENRGSUPPLY,A,1999,0.45,
KOR,RENEWABLE,TOT,PC_PRYENRGSUPPLY,A,2000,0.40,
KOR,RENEWABLE,TOT,PC_PRYENRGSUPPLY,A,2001,0.41,
KOR,RENEWABLE,TOT,PC_PRYENRGSUPPLY,A,2002,0.41,
KOR,RENEWABLE,TOT,PC_PRYENRGSUPPLY,A,2003,0.50,
KOR,RENEWABLE,TOT,PC_PRYENRGSUPPLY,A,2004,0.46,
KOR,RENEWABLE,TOT,PC_PRYENRGSUPPLY,A,2005,0.51,
KOR,RENEWABLE,TOT,PC_PRYENRGSUPPLY,A,2006,0.55,
KOR,RENEWABLE,TOT,PC_PRYENRGSUPPLY,A,2007,0.59,
KOR,RENEWABLE,TOT,PC_PRYENRGSUPPLY,A,2008,0.60,
KOR,RENEWABLE,TOT,PC_PRYENRGSUPPLY,A,2009,0.66,
KOR,RENEWABLE,TOT,PC_PRYENRGSUPPLY,A,2010,0.72,
KOR,RENEWABLE,TOT,PC_PRYENRGSUPPLY,A,2011,0.74,
KOR,RENEWABLE,TOT,PC_PRYENRGSUPPLY,A,2012,0.86,
KOR,RENEWABLE,TOT,PC_PRYENRGSUPPLY,A,2013,1.01,
KOR,RENEWABLE,TOT,PC_PRYENRGSUPPLY,A,2014,1.46,
KOR,RENEWABLE,TOT,PC_PRYENRGSUPPLY,A,2015,1.47,
LUX,RENEWABLE,TOT,PC_PRYENRGSUPPLY,A,1960,0.05,
LUX,RENEWABLE,TOT,PC_PRYENRGSUPPLY,A,1961,0.15,
LUX,RENEWABLE,TOT,PC_PRYENRGSUPPLY,A,1962,0.12,
LUX,RENEWABLE,TOT,PC_PRYENRGSUPPLY,A,1963,0.01,
LUX,RENEWABLE,TOT,PC_PRYENRGSUPPLY,A,1964,0.18,
LUX,RENEWABLE,TOT,PC_PRYENRGSUPPLY,A,1965,0.24,
LUX,RENEWABLE,TOT,PC_PRYENRGSUPPLY,A,1966,0.22,
LUX,RENEWABLE,TOT,PC_PRYENRGSUPPLY,A,1967,0.24,
LUX,RENEWABLE,TOT,PC_PRYENRGSUPPLY,A,1968,0.23,
LUX,RENEWABLE,TOT,PC_PRYENRGSUPPLY,A,1969,0.18,
LUX,RENEWABLE,TOT,PC_PRYENRGSUPPLY,A,1970,0.20,
LUX,RENEWABLE,TOT,PC_PRYENRGSUPPLY,A,1971,0.12,
LUX,RENEWABLE,TOT,PC_PRYENRGSUPPLY,A,1972,0.13,
LUX,RENEWABLE,TOT,PC_PRYENRGSUPPLY,A,1973,0.09,
LUX,RENEWABLE,TOT,PC_PRYENRGSUPPLY,A,1974,0.15,
LUX,RENEWABLE,TOT,PC_PRYENRGSUPPLY,A,1975,0.16,
LUX,RENEWABLE,TOT,PC_PRYENRGSUPPLY,A,1976,0.10,
LUX,RENEWABLE,TOT,PC_PRYENRGSUPPLY,A,1977,0.42,
LUX,RENEWABLE,TOT,PC_PRYENRGSUPPLY,A,1978,0.39,
LUX,RENEWABLE,TOT,PC_PRYENRGSUPPLY,A,1979,0.45,
LUX,RENEWABLE,TOT,PC_PRYENRGSUPPLY,A,1980,0.53,
LUX,RENEWABLE,TOT,PC_PRYENRGSUPPLY,A,1981,0.64,
LUX,RENEWABLE,TOT,PC_PRYENRGSUPPLY,A,1982,0.63,
LUX,RENEWABLE,TOT,PC_PRYENRGSUPPLY,A,1983,0.66,
LUX,RENEWABLE,TOT,PC_PRYENRGSUPPLY,A,1984,0.65,
LUX,RENEWABLE,TOT,PC_PRYENRGSUPPLY,A,1985,0.62,
LUX,RENEWABLE,TOT,PC_PRYENRGSUPPLY,A,1986,0.58,
LUX,RENEWABLE,TOT,PC_PRYENRGSUPPLY,A,1987,0.74,
LUX,RENEWABLE,TOT,PC_PRYENRGSUPPLY,A,1988,0.76,
LUX,RENEWABLE,TOT,PC_PRYENRGSUPPLY,A,1989,0.65,
LUX,RENEWABLE,TOT,PC_PRYENRGSUPPLY,A,1990,0.54,
LUX,RENEWABLE,TOT,PC_PRYENRGSUPPLY,A,1991,0.54,
LUX,RENEWABLE,TOT,PC_PRYENRGSUPPLY,A,1992,0.95,
LUX,RENEWABLE,TOT,PC_PRYENRGSUPPLY,A,1993,0.91,
LUX,RENEWABLE,TOT,PC_PRYENRGSUPPLY,A,1994,0.99,
LUX,RENEWABLE,TOT,PC_PRYENRGSUPPLY,A,1995,1.10,
LUX,RENEWABLE,TOT,PC_PRYENRGSUPPLY,A,1996,0.93,
LUX,RENEWABLE,TOT,PC_PRYENRGSUPPLY,A,1997,1.08,
LUX,RENEWABLE,TOT,PC_PRYENRGSUPPLY,A,1998,1.22,
LUX,RENEWABLE,TOT,PC_PRYENRGSUPPLY,A,1999,1.11,
LUX,RENEWABLE,TOT,PC_PRYENRGSUPPLY,A,2000,1.16,
LUX,RENEWABLE,TOT,PC_PRYENRGSUPPLY,A,2001,1.14,
LUX,RENEWABLE,TOT,PC_PRYENRGSUPPLY,A,2002,1.04,
LUX,RENEWABLE,TOT,PC_PRYENRGSUPPLY,A,2003,1.06,
LUX,RENEWABLE,TOT,PC_PRYENRGSUPPLY,A,2004,1.17,
LUX,RENEWABLE,TOT,PC_PRYENRGSUPPLY,A,2005,1.64,
LUX,RENEWABLE,TOT,PC_PRYENRGSUPPLY,A,2006,1.76,
LUX,RENEWABLE,TOT,PC_PRYENRGSUPPLY,A,2007,3.05,
LUX,RENEWABLE,TOT,PC_PRYENRGSUPPLY,A,2008,3.17,
LUX,RENEWABLE,TOT,PC_PRYENRGSUPPLY,A,2009,3.16,
LUX,RENEWABLE,TOT,PC_PRYENRGSUPPLY,A,2010,3.04,
LUX,RENEWABLE,TOT,PC_PRYENRGSUPPLY,A,2011,3.00,
LUX,RENEWABLE,TOT,PC_PRYENRGSUPPLY,A,2012,3.38,
LUX,RENEWABLE,TOT,PC_PRYENRGSUPPLY,A,2013,3.96,
LUX,RENEWABLE,TOT,PC_PRYENRGSUPPLY,A,2014,4.98,
LUX,RENEWABLE,TOT,PC_PRYENRGSUPPLY,A,2015,5.22,
MEX,RENEWABLE,TOT,PC_PRYENRGSUPPLY,A,1971,16.77,
MEX,RENEWABLE,TOT,PC_PRYENRGSUPPLY,A,1972,15.41,
MEX,RENEWABLE,TOT,PC_PRYENRGSUPPLY,A,1973,14.72,
MEX,RENEWABLE,TOT,PC_PRYENRGSUPPLY,A,1974,14.58,
MEX,RENEWABLE,TOT,PC_PRYENRGSUPPLY,A,1975,13.61,
MEX,RENEWABLE,TOT,PC_PRYENRGSUPPLY,A,1976,13.11,
MEX,RENEWABLE,TOT,PC_PRYENRGSUPPLY,A,1977,12.53,
MEX,RENEWABLE,TOT,PC_PRYENRGSUPPLY,A,1978,11.28,
MEX,RENEWABLE,TOT,PC_PRYENRGSUPPLY,A,1979,11.09,
MEX,RENEWABLE,TOT,PC_PRYENRGSUPPLY,A,1980,9.58,
MEX,RENEWABLE,TOT,PC_PRYENRGSUPPLY,A,1981,9.57,
MEX,RENEWABLE,TOT,PC_PRYENRGSUPPLY,A,1982,9.39,
MEX,RENEWABLE,TOT,PC_PRYENRGSUPPLY,A,1983,9.92,
MEX,RENEWABLE,TOT,PC_PRYENRGSUPPLY,A,1984,9.97,
MEX,RENEWABLE,TOT,PC_PRYENRGSUPPLY,A,1985,9.99,
MEX,RENEWABLE,TOT,PC_PRYENRGSUPPLY,A,1986,11.36,
MEX,RENEWABLE,TOT,PC_PRYENRGSUPPLY,A,1987,11.71,
MEX,RENEWABLE,TOT,PC_PRYENRGSUPPLY,A,1988,11.73,
MEX,RENEWABLE,TOT,PC_PRYENRGSUPPLY,A,1989,11.49,
MEX,RENEWABLE,TOT,PC_PRYENRGSUPPLY,A,1990,12.12,
MEX,RENEWABLE,TOT,PC_PRYENRGSUPPLY,A,1991,11.84,
MEX,RENEWABLE,TOT,PC_PRYENRGSUPPLY,A,1992,12.34,
MEX,RENEWABLE,TOT,PC_PRYENRGSUPPLY,A,1993,12.13,
MEX,RENEWABLE,TOT,PC_PRYENRGSUPPLY,A,1994,11.04,
MEX,RENEWABLE,TOT,PC_PRYENRGSUPPLY,A,1995,12.19,
MEX,RENEWABLE,TOT,PC_PRYENRGSUPPLY,A,1996,12.23,
MEX,RENEWABLE,TOT,PC_PRYENRGSUPPLY,A,1997,11.33,
MEX,RENEWABLE,TOT,PC_PRYENRGSUPPLY,A,1998,11.10,
MEX,RENEWABLE,TOT,PC_PRYENRGSUPPLY,A,1999,11.14,
MEX,RENEWABLE,TOT,PC_PRYENRGSUPPLY,A,2000,11.27,
MEX,RENEWABLE,TOT,PC_PRYENRGSUPPLY,A,2001,10.25,
MEX,RENEWABLE,TOT,PC_PRYENRGSUPPLY,A,2002,9.84,
MEX,RENEWABLE,TOT,PC_PRYENRGSUPPLY,A,2003,9.51,
MEX,RENEWABLE,TOT,PC_PRYENRGSUPPLY,A,2004,9.87,
MEX,RENEWABLE,TOT,PC_PRYENRGSUPPLY,A,2005,9.87,
MEX,RENEWABLE,TOT,PC_PRYENRGSUPPLY,A,2006,9.38,
MEX,RENEWABLE,TOT,PC_PRYENRGSUPPLY,A,2007,9.66,
MEX,RENEWABLE,TOT,PC_PRYENRGSUPPLY,A,2008,8.94,
MEX,RENEWABLE,TOT,PC_PRYENRGSUPPLY,A,2009,7.94,
MEX,RENEWABLE,TOT,PC_PRYENRGSUPPLY,A,2010,8.67,
MEX,RENEWABLE,TOT,PC_PRYENRGSUPPLY,A,2011,8.12,
MEX,RENEWABLE,TOT,PC_PRYENRGSUPPLY,A,2012,7.59,
MEX,RENEWABLE,TOT,PC_PRYENRGSUPPLY,A,2013,7.81,
MEX,RENEWABLE,TOT,PC_PRYENRGSUPPLY,A,2014,8.47,
MEX,RENEWABLE,TOT,PC_PRYENRGSUPPLY,A,2015,8.25,
NLD,RENEWABLE,TOT,PC_PRYENRGSUPPLY,A,1971,0.00,
NLD,RENEWABLE,TOT,PC_PRYENRGSUPPLY,A,1972,0.00,
NLD,RENEWABLE,TOT,PC_PRYENRGSUPPLY,A,1973,0.00,
NLD,RENEWABLE,TOT,PC_PRYENRGSUPPLY,A,1974,0.00,
NLD,RENEWABLE,TOT,PC_PRYENRGSUPPLY,A,1975,0.32,
NLD,RENEWABLE,TOT,PC_PRYENRGSUPPLY,A,1976,0.29,
NLD,RENEWABLE,TOT,PC_PRYENRGSUPPLY,A,1977,0.32,
NLD,RENEWABLE,TOT,PC_PRYENRGSUPPLY,A,1978,0.42,
NLD,RENEWABLE,TOT,PC_PRYENRGSUPPLY,A,1979,0.36,
NLD,RENEWABLE,TOT,PC_PRYENRGSUPPLY,A,1980,0.35,
NLD,RENEWABLE,TOT,PC_PRYENRGSUPPLY,A,1981,0.33,
NLD,RENEWABLE,TOT,PC_PRYENRGSUPPLY,A,1982,0.11,
NLD,RENEWABLE,TOT,PC_PRYENRGSUPPLY,A,1983,0.09,
NLD,RENEWABLE,TOT,PC_PRYENRGSUPPLY,A,1984,0.01,
NLD,RENEWABLE,TOT,PC_PRYENRGSUPPLY,A,1985,0.14,
NLD,RENEWABLE,TOT,PC_PRYENRGSUPPLY,A,1986,0.17,
NLD,RENEWABLE,TOT,PC_PRYENRGSUPPLY,A,1987,0.21,
NLD,RENEWABLE,TOT,PC_PRYENRGSUPPLY,A,1988,0.56,
NLD,RENEWABLE,TOT,PC_PRYENRGSUPPLY,A,1989,0.58,
NLD,RENEWABLE,TOT,PC_PRYENRGSUPPLY,A,1990,1.15,
NLD,RENEWABLE,TOT,PC_PRYENRGSUPPLY,A,1991,1.11,
NLD,RENEWABLE,TOT,PC_PRYENRGSUPPLY,A,1992,1.16,
NLD,RENEWABLE,TOT,PC_PRYENRGSUPPLY,A,1993,1.23,
NLD,RENEWABLE,TOT,PC_PRYENRGSUPPLY,A,1994,1.23,
NLD,RENEWABLE,TOT,PC_PRYENRGSUPPLY,A,1995,1.24,
NLD,RENEWABLE,TOT,PC_PRYENRGSUPPLY,A,1996,1.35,
NLD,RENEWABLE,TOT,PC_PRYENRGSUPPLY,A,1997,1.51,
NLD,RENEWABLE,TOT,PC_PRYENRGSUPPLY,A,1998,1.58,
NLD,RENEWABLE,TOT,PC_PRYENRGSUPPLY,A,1999,1.68,
NLD,RENEWABLE,TOT,PC_PRYENRGSUPPLY,A,2000,1.79,
NLD,RENEWABLE,TOT,PC_PRYENRGSUPPLY,A,2001,1.83,
NLD,RENEWABLE,TOT,PC_PRYENRGSUPPLY,A,2002,1.99,
NLD,RENEWABLE,TOT,PC_PRYENRGSUPPLY,A,2003,1.87,
NLD,RENEWABLE,TOT,PC_PRYENRGSUPPLY,A,2004,2.18,
NLD,RENEWABLE,TOT,PC_PRYENRGSUPPLY,A,2005,2.78,
NLD,RENEWABLE,TOT,PC_PRYENRGSUPPLY,A,2006,3.00,
NLD,RENEWABLE,TOT,PC_PRYENRGSUPPLY,A,2007,3.13,
NLD,RENEWABLE,TOT,PC_PRYENRGSUPPLY,A,2008,3.65,
NLD,RENEWABLE,TOT,PC_PRYENRGSUPPLY,A,2009,4.18,
NLD,RENEWABLE,TOT,PC_PRYENRGSUPPLY,A,2010,3.89,
NLD,RENEWABLE,TOT,PC_PRYENRGSUPPLY,A,2011,4.44,
NLD,RENEWABLE,TOT,PC_PRYENRGSUPPLY,A,2012,4.55,
NLD,RENEWABLE,TOT,PC_PRYENRGSUPPLY,A,2013,4.45,
NLD,RENEWABLE,TOT,PC_PRYENRGSUPPLY,A,2014,4.72,
NLD,RENEWABLE,TOT,PC_PRYENRGSUPPLY,A,2015,5.05,
NZL,RENEWABLE,TOT,PC_PRYENRGSUPPLY,A,1960,20.72,
NZL,RENEWABLE,TOT,PC_PRYENRGSUPPLY,A,1961,22.67,
NZL,RENEWABLE,TOT,PC_PRYENRGSUPPLY,A,1962,28.96,
NZL,RENEWABLE,TOT,PC_PRYENRGSUPPLY,A,1963,31.10,
NZL,RENEWABLE,TOT,PC_PRYENRGSUPPLY,A,1964,31.42,
NZL,RENEWABLE,TOT,PC_PRYENRGSUPPLY,A,1965,32.34,
NZL,RENEWABLE,TOT,PC_PRYENRGSUPPLY,A,1966,32.37,
NZL,RENEWABLE,TOT,PC_PRYENRGSUPPLY,A,1967,30.88,
NZL,RENEWABLE,TOT,PC_PRYENRGSUPPLY,A,1968,31.59,
NZL,RENEWABLE,TOT,PC_PRYENRGSUPPLY,A,1969,30.77,
NZL,RENEWABLE,TOT,PC_PRYENRGSUPPLY,A,1970,30.01,
NZL,RENEWABLE,TOT,PC_PRYENRGSUPPLY,A,1971,32.34,
NZL,RENEWABLE,TOT,PC_PRYENRGSUPPLY,A,1972,30.37,
NZL,RENEWABLE,TOT,PC_PRYENRGSUPPLY,A,1973,29.17,
NZL,RENEWABLE,TOT,PC_PRYENRGSUPPLY,A,1974,31.39,
NZL,RENEWABLE,TOT,PC_PRYENRGSUPPLY,A,1975,35.00,
NZL,RENEWABLE,TOT,PC_PRYENRGSUPPLY,A,1976,30.78,
NZL,RENEWABLE,TOT,PC_PRYENRGSUPPLY,A,1977,28.88,
NZL,RENEWABLE,TOT,PC_PRYENRGSUPPLY,A,1978,30.90,
NZL,RENEWABLE,TOT,PC_PRYENRGSUPPLY,A,1979,34.22,
NZL,RENEWABLE,TOT,PC_PRYENRGSUPPLY,A,1980,35.23,
NZL,RENEWABLE,TOT,PC_PRYENRGSUPPLY,A,1981,35.46,
NZL,RENEWABLE,TOT,PC_PRYENRGSUPPLY,A,1982,31.96,
NZL,RENEWABLE,TOT,PC_PRYENRGSUPPLY,A,1983,33.06,
NZL,RENEWABLE,TOT,PC_PRYENRGSUPPLY,A,1984,31.74,
NZL,RENEWABLE,TOT,PC_PRYENRGSUPPLY,A,1985,28.62,
NZL,RENEWABLE,TOT,PC_PRYENRGSUPPLY,A,1986,30.31,
NZL,RENEWABLE,TOT,PC_PRYENRGSUPPLY,A,1987,30.64,
NZL,RENEWABLE,TOT,PC_PRYENRGSUPPLY,A,1988,30.61,
NZL,RENEWABLE,TOT,PC_PRYENRGSUPPLY,A,1989,32.56,
NZL,RENEWABLE,TOT,PC_PRYENRGSUPPLY,A,1990,32.91,
NZL,RENEWABLE,TOT,PC_PRYENRGSUPPLY,A,1991,32.62,
NZL,RENEWABLE,TOT,PC_PRYENRGSUPPLY,A,1992,30.64,
NZL,RENEWABLE,TOT,PC_PRYENRGSUPPLY,A,1993,31.38,
NZL,RENEWABLE,TOT,PC_PRYENRGSUPPLY,A,1994,31.25,
NZL,RENEWABLE,TOT,PC_PRYENRGSUPPLY,A,1995,31.81,
NZL,RENEWABLE,TOT,PC_PRYENRGSUPPLY,A,1996,29.90,
NZL,RENEWABLE,TOT,PC_PRYENRGSUPPLY,A,1997,27.67,
NZL,RENEWABLE,TOT,PC_PRYENRGSUPPLY,A,1998,30.12,
NZL,RENEWABLE,TOT,PC_PRYENRGSUPPLY,A,1999,28.92,
NZL,RENEWABLE,TOT,PC_PRYENRGSUPPLY,A,2000,30.28,
NZL,RENEWABLE,TOT,PC_PRYENRGSUPPLY,A,2001,28.00,
NZL,RENEWABLE,TOT,PC_PRYENRGSUPPLY,A,2002,29.84,
NZL,RENEWABLE,TOT,PC_PRYENRGSUPPLY,A,2003,29.63,
NZL,RENEWABLE,TOT,PC_PRYENRGSUPPLY,A,2004,31.40,
NZL,RENEWABLE,TOT,PC_PRYENRGSUPPLY,A,2005,31.50,
NZL,RENEWABLE,TOT,PC_PRYENRGSUPPLY,A,2006,32.07,
NZL,RENEWABLE,TOT,PC_PRYENRGSUPPLY,A,2007,32.20,
NZL,RENEWABLE,TOT,PC_PRYENRGSUPPLY,A,2008,32.92,
NZL,RENEWABLE,TOT,PC_PRYENRGSUPPLY,A,2009,35.65,
NZL,RENEWABLE,TOT,PC_PRYENRGSUPPLY,A,2010,38.67,
NZL,RENEWABLE,TOT,PC_PRYENRGSUPPLY,A,2011,40.03,
NZL,RENEWABLE,TOT,PC_PRYENRGSUPPLY,A,2012,37.61,
NZL,RENEWABLE,TOT,PC_PRYENRGSUPPLY,A,2013,38.98,
NZL,RENEWABLE,TOT,PC_PRYENRGSUPPLY,A,2014,39.99,
NZL,RENEWABLE,TOT,PC_PRYENRGSUPPLY,A,2015,40.46,
NOR,RENEWABLE,TOT,PC_PRYENRGSUPPLY,A,1960,39.34,
NOR,RENEWABLE,TOT,PC_PRYENRGSUPPLY,A,1961,41.46,
NOR,RENEWABLE,TOT,PC_PRYENRGSUPPLY,A,1962,43.77,
NOR,RENEWABLE,TOT,PC_PRYENRGSUPPLY,A,1963,42.72,
NOR,RENEWABLE,TOT,PC_PRYENRGSUPPLY,A,1964,44.45,
NOR,RENEWABLE,TOT,PC_PRYENRGSUPPLY,A,1965,44.98,
NOR,RENEWABLE,TOT,PC_PRYENRGSUPPLY,A,1966,41.22,
NOR,RENEWABLE,TOT,PC_PRYENRGSUPPLY,A,1967,43.02,
NOR,RENEWABLE,TOT,PC_PRYENRGSUPPLY,A,1968,44.44,
NOR,RENEWABLE,TOT,PC_PRYENRGSUPPLY,A,1969,40.15,
NOR,RENEWABLE,TOT,PC_PRYENRGSUPPLY,A,1970,37.53,
NOR,RENEWABLE,TOT,PC_PRYENRGSUPPLY,A,1971,40.81,
NOR,RENEWABLE,TOT,PC_PRYENRGSUPPLY,A,1972,42.08,
NOR,RENEWABLE,TOT,PC_PRYENRGSUPPLY,A,1973,43.85,
NOR,RENEWABLE,TOT,PC_PRYENRGSUPPLY,A,1974,46.16,
NOR,RENEWABLE,TOT,PC_PRYENRGSUPPLY,A,1975,45.45,
NOR,RENEWABLE,TOT,PC_PRYENRGSUPPLY,A,1976,46.84,
NOR,RENEWABLE,TOT,PC_PRYENRGSUPPLY,A,1977,40.48,
NOR,RENEWABLE,TOT,PC_PRYENRGSUPPLY,A,1978,41.90,
NOR,RENEWABLE,TOT,PC_PRYENRGSUPPLY,A,1979,45.03,
NOR,RENEWABLE,TOT,PC_PRYENRGSUPPLY,A,1980,42.37,
NOR,RENEWABLE,TOT,PC_PRYENRGSUPPLY,A,1981,47.64,
NOR,RENEWABLE,TOT,PC_PRYENRGSUPPLY,A,1982,48.91,
NOR,RENEWABLE,TOT,PC_PRYENRGSUPPLY,A,1983,53.28,
NOR,RENEWABLE,TOT,PC_PRYENRGSUPPLY,A,1984,50.67,
NOR,RENEWABLE,TOT,PC_PRYENRGSUPPLY,A,1985,47.93,
NOR,RENEWABLE,TOT,PC_PRYENRGSUPPLY,A,1986,43.45,
NOR,RENEWABLE,TOT,PC_PRYENRGSUPPLY,A,1987,46.07,
NOR,RENEWABLE,TOT,PC_PRYENRGSUPPLY,A,1988,50.32,
NOR,RENEWABLE,TOT,PC_PRYENRGSUPPLY,A,1989,52.44,
NOR,RENEWABLE,TOT,PC_PRYENRGSUPPLY,A,1990,54.09,
NOR,RENEWABLE,TOT,PC_PRYENRGSUPPLY,A,1991,47.77,
NOR,RENEWABLE,TOT,PC_PRYENRGSUPPLY,A,1992,49.46,
NOR,RENEWABLE,TOT,PC_PRYENRGSUPPLY,A,1993,47.76,
NOR,RENEWABLE,TOT,PC_PRYENRGSUPPLY,A,1994,46.32,
NOR,RENEWABLE,TOT,PC_PRYENRGSUPPLY,A,1995,49.07,
NOR,RENEWABLE,TOT,PC_PRYENRGSUPPLY,A,1996,43.80,
NOR,RENEWABLE,TOT,PC_PRYENRGSUPPLY,A,1997,43.75,
NOR,RENEWABLE,TOT,PC_PRYENRGSUPPLY,A,1998,44.35,
NOR,RENEWABLE,TOT,PC_PRYENRGSUPPLY,A,1999,45.04,
NOR,RENEWABLE,TOT,PC_PRYENRGSUPPLY,A,2000,51.55,
NOR,RENEWABLE,TOT,PC_PRYENRGSUPPLY,A,2001,42.80,
NOR,RENEWABLE,TOT,PC_PRYENRGSUPPLY,A,2002,49.40,
NOR,RENEWABLE,TOT,PC_PRYENRGSUPPLY,A,2003,38.16,
NOR,RENEWABLE,TOT,PC_PRYENRGSUPPLY,A,2004,39.92,
NOR,RENEWABLE,TOT,PC_PRYENRGSUPPLY,A,2005,48.38,
NOR,RENEWABLE,TOT,PC_PRYENRGSUPPLY,A,2006,42.53,
NOR,RENEWABLE,TOT,PC_PRYENRGSUPPLY,A,2007,46.39,
NOR,RENEWABLE,TOT,PC_PRYENRGSUPPLY,A,2008,41.52,
NOR,RENEWABLE,TOT,PC_PRYENRGSUPPLY,A,2009,38.86,
NOR,RENEWABLE,TOT,PC_PRYENRGSUPPLY,A,2010,34.44,
NOR,RENEWABLE,TOT,PC_PRYENRGSUPPLY,A,2011,42.88,
NOR,RENEWABLE,TOT,PC_PRYENRGSUPPLY,A,2012,46.65,
NOR,RENEWABLE,TOT,PC_PRYENRGSUPPLY,A,2013,38.66,
NOR,RENEWABLE,TOT,PC_PRYENRGSUPPLY,A,2014,45.56,
NOR,RENEWABLE,TOT,PC_PRYENRGSUPPLY,A,2015,44.61,
POL,RENEWABLE,TOT,PC_PRYENRGSUPPLY,A,1960,1.66,
POL,RENEWABLE,TOT,PC_PRYENRGSUPPLY,A,1961,1.60,
POL,RENEWABLE,TOT,PC_PRYENRGSUPPLY,A,1962,1.56,
POL,RENEWABLE,TOT,PC_PRYENRGSUPPLY,A,1963,1.54,
POL,RENEWABLE,TOT,PC_PRYENRGSUPPLY,A,1964,1.51,
POL,RENEWABLE,TOT,PC_PRYENRGSUPPLY,A,1965,1.49,
POL,RENEWABLE,TOT,PC_PRYENRGSUPPLY,A,1966,1.49,
POL,RENEWABLE,TOT,PC_PRYENRGSUPPLY,A,1967,1.53,
POL,RENEWABLE,TOT,PC_PRYENRGSUPPLY,A,1968,1.52,
POL,RENEWABLE,TOT,PC_PRYENRGSUPPLY,A,1969,1.45,
POL,RENEWABLE,TOT,PC_PRYENRGSUPPLY,A,1970,1.30,
POL,RENEWABLE,TOT,PC_PRYENRGSUPPLY,A,1971,1.39,
POL,RENEWABLE,TOT,PC_PRYENRGSUPPLY,A,1972,1.48,
POL,RENEWABLE,TOT,PC_PRYENRGSUPPLY,A,1973,1.25,
POL,RENEWABLE,TOT,PC_PRYENRGSUPPLY,A,1974,1.28,
POL,RENEWABLE,TOT,PC_PRYENRGSUPPLY,A,1975,1.19,
POL,RENEWABLE,TOT,PC_PRYENRGSUPPLY,A,1976,1.05,
POL,RENEWABLE,TOT,PC_PRYENRGSUPPLY,A,1977,0.99,
POL,RENEWABLE,TOT,PC_PRYENRGSUPPLY,A,1978,0.84,
POL,RENEWABLE,TOT,PC_PRYENRGSUPPLY,A,1979,0.74,
POL,RENEWABLE,TOT,PC_PRYENRGSUPPLY,A,1980,0.82,
POL,RENEWABLE,TOT,PC_PRYENRGSUPPLY,A,1981,1.11,
POL,RENEWABLE,TOT,PC_PRYENRGSUPPLY,A,1982,0.90,
POL,RENEWABLE,TOT,PC_PRYENRGSUPPLY,A,1983,0.97,
POL,RENEWABLE,TOT,PC_PRYENRGSUPPLY,A,1984,1.14,
POL,RENEWABLE,TOT,PC_PRYENRGSUPPLY,A,1985,1.18,
POL,RENEWABLE,TOT,PC_PRYENRGSUPPLY,A,1986,1.65,
POL,RENEWABLE,TOT,PC_PRYENRGSUPPLY,A,1987,1.45,
POL,RENEWABLE,TOT,PC_PRYENRGSUPPLY,A,1988,1.37,
POL,RENEWABLE,TOT,PC_PRYENRGSUPPLY,A,1989,1.38,
POL,RENEWABLE,TOT,PC_PRYENRGSUPPLY,A,1990,1.53,
POL,RENEWABLE,TOT,PC_PRYENRGSUPPLY,A,1991,1.34,
POL,RENEWABLE,TOT,PC_PRYENRGSUPPLY,A,1992,1.52,
POL,RENEWABLE,TOT,PC_PRYENRGSUPPLY,A,1993,3.89,
POL,RENEWABLE,TOT,PC_PRYENRGSUPPLY,A,1994,4.00,
POL,RENEWABLE,TOT,PC_PRYENRGSUPPLY,A,1995,3.94,
POL,RENEWABLE,TOT,PC_PRYENRGSUPPLY,A,1996,3.74,
POL,RENEWABLE,TOT,PC_PRYENRGSUPPLY,A,1997,3.78,
POL,RENEWABLE,TOT,PC_PRYENRGSUPPLY,A,1998,4.12,
POL,RENEWABLE,TOT,PC_PRYENRGSUPPLY,A,1999,4.05,
POL,RENEWABLE,TOT,PC_PRYENRGSUPPLY,A,2000,4.28,
POL,RENEWABLE,TOT,PC_PRYENRGSUPPLY,A,2001,4.55,
POL,RENEWABLE,TOT,PC_PRYENRGSUPPLY,A,2002,4.68,
POL,RENEWABLE,TOT,PC_PRYENRGSUPPLY,A,2003,4.57,
POL,RENEWABLE,TOT,PC_PRYENRGSUPPLY,A,2004,4.75,
POL,RENEWABLE,TOT,PC_PRYENRGSUPPLY,A,2005,4.87,
POL,RENEWABLE,TOT,PC_PRYENRGSUPPLY,A,2006,4.85,
POL,RENEWABLE,TOT,PC_PRYENRGSUPPLY,A,2007,5.01,
POL,RENEWABLE,TOT,PC_PRYENRGSUPPLY,A,2008,5.69,
POL,RENEWABLE,TOT,PC_PRYENRGSUPPLY,A,2009,6.66,
POL,RENEWABLE,TOT,PC_PRYENRGSUPPLY,A,2010,7.25,
POL,RENEWABLE,TOT,PC_PRYENRGSUPPLY,A,2011,7.87,
POL,RENEWABLE,TOT,PC_PRYENRGSUPPLY,A,2012,8.83,
POL,RENEWABLE,TOT,PC_PRYENRGSUPPLY,A,2013,8.77,
POL,RENEWABLE,TOT,PC_PRYENRGSUPPLY,A,2014,9.14,
POL,RENEWABLE,TOT,PC_PRYENRGSUPPLY,A,2015,9.59,
PRT,RENEWABLE,TOT,PC_PRYENRGSUPPLY,A,1960,32.64,
PRT,RENEWABLE,TOT,PC_PRYENRGSUPPLY,A,1961,30.68,
PRT,RENEWABLE,TOT,PC_PRYENRGSUPPLY,A,1962,30.83,
PRT,RENEWABLE,TOT,PC_PRYENRGSUPPLY,A,1963,29.30,
PRT,RENEWABLE,TOT,PC_PRYENRGSUPPLY,A,1964,28.57,
PRT,RENEWABLE,TOT,PC_PRYENRGSUPPLY,A,1965,27.47,
PRT,RENEWABLE,TOT,PC_PRYENRGSUPPLY,A,1966,29.53,
PRT,RENEWABLE,TOT,PC_PRYENRGSUPPLY,A,1967,27.64,
PRT,RENEWABLE,TOT,PC_PRYENRGSUPPLY,A,1968,26.70,
PRT,RENEWABLE,TOT,PC_PRYENRGSUPPLY,A,1969,25.26,
PRT,RENEWABLE,TOT,PC_PRYENRGSUPPLY,A,1970,21.61,
PRT,RENEWABLE,TOT,PC_PRYENRGSUPPLY,A,1971,19.64,
PRT,RENEWABLE,TOT,PC_PRYENRGSUPPLY,A,1972,19.53,
PRT,RENEWABLE,TOT,PC_PRYENRGSUPPLY,A,1973,18.40,
PRT,RENEWABLE,TOT,PC_PRYENRGSUPPLY,A,1974,18.04,
PRT,RENEWABLE,TOT,PC_PRYENRGSUPPLY,A,1975,15.53,
PRT,RENEWABLE,TOT,PC_PRYENRGSUPPLY,A,1976,12.81,
PRT,RENEWABLE,TOT,PC_PRYENRGSUPPLY,A,1977,19.04,
PRT,RENEWABLE,TOT,PC_PRYENRGSUPPLY,A,1978,18.96,
PRT,RENEWABLE,TOT,PC_PRYENRGSUPPLY,A,1979,18.00,
PRT,RENEWABLE,TOT,PC_PRYENRGSUPPLY,A,1980,14.10,
PRT,RENEWABLE,TOT,PC_PRYENRGSUPPLY,A,1981,11.82,
PRT,RENEWABLE,TOT,PC_PRYENRGSUPPLY,A,1982,12.41,
PRT,RENEWABLE,TOT,PC_PRYENRGSUPPLY,A,1983,13.65,
PRT,RENEWABLE,TOT,PC_PRYENRGSUPPLY,A,1984,14.90,
PRT,RENEWABLE,TOT,PC_PRYENRGSUPPLY,A,1985,16.83,
PRT,RENEWABLE,TOT,PC_PRYENRGSUPPLY,A,1986,14.44,
PRT,RENEWABLE,TOT,PC_PRYENRGSUPPLY,A,1987,14.80,
PRT,RENEWABLE,TOT,PC_PRYENRGSUPPLY,A,1988,16.29,
PRT,RENEWABLE,TOT,PC_PRYENRGSUPPLY,A,1989,15.14,
PRT,RENEWABLE,TOT,PC_PRYENRGSUPPLY,A,1990,19.53,
PRT,RENEWABLE,TOT,PC_PRYENRGSUPPLY,A,1991,19.36,
PRT,RENEWABLE,TOT,PC_PRYENRGSUPPLY,A,1992,15.80,
PRT,RENEWABLE,TOT,PC_PRYENRGSUPPLY,A,1993,17.95,
PRT,RENEWABLE,TOT,PC_PRYENRGSUPPLY,A,1994,18.76,
PRT,RENEWABLE,TOT,PC_PRYENRGSUPPLY,A,1995,16.43,
PRT,RENEWABLE,TOT,PC_PRYENRGSUPPLY,A,1996,18.97,
PRT,RENEWABLE,TOT,PC_PRYENRGSUPPLY,A,1997,17.79,
PRT,RENEWABLE,TOT,PC_PRYENRGSUPPLY,A,1998,16.40,
PRT,RENEWABLE,TOT,PC_PRYENRGSUPPLY,A,1999,13.68,
PRT,RENEWABLE,TOT,PC_PRYENRGSUPPLY,A,2000,15.28,
PRT,RENEWABLE,TOT,PC_PRYENRGSUPPLY,A,2001,16.18,
PRT,RENEWABLE,TOT,PC_PRYENRGSUPPLY,A,2002,13.76,
PRT,RENEWABLE,TOT,PC_PRYENRGSUPPLY,A,2003,16.89,
PRT,RENEWABLE,TOT,PC_PRYENRGSUPPLY,A,2004,14.71,
PRT,RENEWABLE,TOT,PC_PRYENRGSUPPLY,A,2005,13.13,
PRT,RENEWABLE,TOT,PC_PRYENRGSUPPLY,A,2006,16.75,
PRT,RENEWABLE,TOT,PC_PRYENRGSUPPLY,A,2007,17.69,
PRT,RENEWABLE,TOT,PC_PRYENRGSUPPLY,A,2008,17.54,
PRT,RENEWABLE,TOT,PC_PRYENRGSUPPLY,A,2009,19.65,
PRT,RENEWABLE,TOT,PC_PRYENRGSUPPLY,A,2010,23.24,
PRT,RENEWABLE,TOT,PC_PRYENRGSUPPLY,A,2011,22.49,
PRT,RENEWABLE,TOT,PC_PRYENRGSUPPLY,A,2012,20.31,
PRT,RENEWABLE,TOT,PC_PRYENRGSUPPLY,A,2013,24.75,
PRT,RENEWABLE,TOT,PC_PRYENRGSUPPLY,A,2014,26.16,
PRT,RENEWABLE,TOT,PC_PRYENRGSUPPLY,A,2015,21.53,
SVK,RENEWABLE,TOT,PC_PRYENRGSUPPLY,A,1971,2.31,
SVK,RENEWABLE,TOT,PC_PRYENRGSUPPLY,A,1972,2.28,
SVK,RENEWABLE,TOT,PC_PRYENRGSUPPLY,A,1973,1.91,
SVK,RENEWABLE,TOT,PC_PRYENRGSUPPLY,A,1974,2.17,
SVK,RENEWABLE,TOT,PC_PRYENRGSUPPLY,A,1975,1.99,
SVK,RENEWABLE,TOT,PC_PRYENRGSUPPLY,A,1976,2.02,
SVK,RENEWABLE,TOT,PC_PRYENRGSUPPLY,A,1977,2.06,
SVK,RENEWABLE,TOT,PC_PRYENRGSUPPLY,A,1978,1.98,
SVK,RENEWABLE,TOT,PC_PRYENRGSUPPLY,A,1979,1.73,
SVK,RENEWABLE,TOT,PC_PRYENRGSUPPLY,A,1980,1.81,
SVK,RENEWABLE,TOT,PC_PRYENRGSUPPLY,A,1981,1.68,
SVK,RENEWABLE,TOT,PC_PRYENRGSUPPLY,A,1982,1.52,
SVK,RENEWABLE,TOT,PC_PRYENRGSUPPLY,A,1983,1.47,
SVK,RENEWABLE,TOT,PC_PRYENRGSUPPLY,A,1984,1.27,
SVK,RENEWABLE,TOT,PC_PRYENRGSUPPLY,A,1985,1.50,
SVK,RENEWABLE,TOT,PC_PRYENRGSUPPLY,A,1986,1.32,
SVK,RENEWABLE,TOT,PC_PRYENRGSUPPLY,A,1987,1.43,
SVK,RENEWABLE,TOT,PC_PRYENRGSUPPLY,A,1988,1.36,
SVK,RENEWABLE,TOT,PC_PRYENRGSUPPLY,A,1989,1.38,
SVK,RENEWABLE,TOT,PC_PRYENRGSUPPLY,A,1990,1.54,
SVK,RENEWABLE,TOT,PC_PRYENRGSUPPLY,A,1991,1.37,
SVK,RENEWABLE,TOT,PC_PRYENRGSUPPLY,A,1992,1.57,
SVK,RENEWABLE,TOT,PC_PRYENRGSUPPLY,A,1993,2.65,
SVK,RENEWABLE,TOT,PC_PRYENRGSUPPLY,A,1994,3.13,
SVK,RENEWABLE,TOT,PC_PRYENRGSUPPLY,A,1995,2.80,
SVK,RENEWABLE,TOT,PC_PRYENRGSUPPLY,A,1996,2.43,
SVK,RENEWABLE,TOT,PC_PRYENRGSUPPLY,A,1997,2.39,
SVK,RENEWABLE,TOT,PC_PRYENRGSUPPLY,A,1998,2.50,
SVK,RENEWABLE,TOT,PC_PRYENRGSUPPLY,A,1999,2.58,
SVK,RENEWABLE,TOT,PC_PRYENRGSUPPLY,A,2000,2.75,
SVK,RENEWABLE,TOT,PC_PRYENRGSUPPLY,A,2001,4.13,
SVK,RENEWABLE,TOT,PC_PRYENRGSUPPLY,A,2002,3.98,
SVK,RENEWABLE,TOT,PC_PRYENRGSUPPLY,A,2003,3.47,
SVK,RENEWABLE,TOT,PC_PRYENRGSUPPLY,A,2004,3.98,
SVK,RENEWABLE,TOT,PC_PRYENRGSUPPLY,A,2005,4.29,
SVK,RENEWABLE,TOT,PC_PRYENRGSUPPLY,A,2006,4.48,
SVK,RENEWABLE,TOT,PC_PRYENRGSUPPLY,A,2007,5.28,
SVK,RENEWABLE,TOT,PC_PRYENRGSUPPLY,A,2008,5.12,
SVK,RENEWABLE,TOT,PC_PRYENRGSUPPLY,A,2009,6.75,
SVK,RENEWABLE,TOT,PC_PRYENRGSUPPLY,A,2010,7.42,
SVK,RENEWABLE,TOT,PC_PRYENRGSUPPLY,A,2011,7.45,
SVK,RENEWABLE,TOT,PC_PRYENRGSUPPLY,A,2012,8.16,
SVK,RENEWABLE,TOT,PC_PRYENRGSUPPLY,A,2013,8.31,
SVK,RENEWABLE,TOT,PC_PRYENRGSUPPLY,A,2014,8.90,
SVK,RENEWABLE,TOT,PC_PRYENRGSUPPLY,A,2015,8.54,
ESP,RENEWABLE,TOT,PC_PRYENRGSUPPLY,A,1960,8.31,
ESP,RENEWABLE,TOT,PC_PRYENRGSUPPLY,A,1961,8.02,
ESP,RENEWABLE,TOT,PC_PRYENRGSUPPLY,A,1962,7.36,
ESP,RENEWABLE,TOT,PC_PRYENRGSUPPLY,A,1963,9.32,
ESP,RENEWABLE,TOT,PC_PRYENRGSUPPLY,A,1964,8.22,
ESP,RENEWABLE,TOT,PC_PRYENRGSUPPLY,A,1965,7.41,
ESP,RENEWABLE,TOT,PC_PRYENRGSUPPLY,A,1966,9.18,
ESP,RENEWABLE,TOT,PC_PRYENRGSUPPLY,A,1967,6.76,
ESP,RENEWABLE,TOT,PC_PRYENRGSUPPLY,A,1968,6.37,
ESP,RENEWABLE,TOT,PC_PRYENRGSUPPLY,A,1969,7.50,
ESP,RENEWABLE,TOT,PC_PRYENRGSUPPLY,A,1970,6.32,
ESP,RENEWABLE,TOT,PC_PRYENRGSUPPLY,A,1971,6.45,
ESP,RENEWABLE,TOT,PC_PRYENRGSUPPLY,A,1972,6.84,
ESP,RENEWABLE,TOT,PC_PRYENRGSUPPLY,A,1973,4.85,
ESP,RENEWABLE,TOT,PC_PRYENRGSUPPLY,A,1974,4.72,
ESP,RENEWABLE,TOT,PC_PRYENRGSUPPLY,A,1975,3.94,
ESP,RENEWABLE,TOT,PC_PRYENRGSUPPLY,A,1976,2.99,
ESP,RENEWABLE,TOT,PC_PRYENRGSUPPLY,A,1977,5.74,
ESP,RENEWABLE,TOT,PC_PRYENRGSUPPLY,A,1978,5.46,
ESP,RENEWABLE,TOT,PC_PRYENRGSUPPLY,A,1979,6.14,
ESP,RENEWABLE,TOT,PC_PRYENRGSUPPLY,A,1980,4.15,
ESP,RENEWABLE,TOT,PC_PRYENRGSUPPLY,A,1981,3.20,
ESP,RENEWABLE,TOT,PC_PRYENRGSUPPLY,A,1982,3.90,
ESP,RENEWABLE,TOT,PC_PRYENRGSUPPLY,A,1983,3.93,
ESP,RENEWABLE,TOT,PC_PRYENRGSUPPLY,A,1984,4.47,
ESP,RENEWABLE,TOT,PC_PRYENRGSUPPLY,A,1985,4.42,
ESP,RENEWABLE,TOT,PC_PRYENRGSUPPLY,A,1986,3.77,
ESP,RENEWABLE,TOT,PC_PRYENRGSUPPLY,A,1987,3.82,
ESP,RENEWABLE,TOT,PC_PRYENRGSUPPLY,A,1988,4.41,
ESP,RENEWABLE,TOT,PC_PRYENRGSUPPLY,A,1989,5.92,
ESP,RENEWABLE,TOT,PC_PRYENRGSUPPLY,A,1990,6.88,
ESP,RENEWABLE,TOT,PC_PRYENRGSUPPLY,A,1991,6.54,
ESP,RENEWABLE,TOT,PC_PRYENRGSUPPLY,A,1992,5.35,
ESP,RENEWABLE,TOT,PC_PRYENRGSUPPLY,A,1993,6.10,
ESP,RENEWABLE,TOT,PC_PRYENRGSUPPLY,A,1994,6.18,
ESP,RENEWABLE,TOT,PC_PRYENRGSUPPLY,A,1995,5.46,
ESP,RENEWABLE,TOT,PC_PRYENRGSUPPLY,A,1996,7.03,
ESP,RENEWABLE,TOT,PC_PRYENRGSUPPLY,A,1997,6.30,
ESP,RENEWABLE,TOT,PC_PRYENRGSUPPLY,A,1998,6.12,
ESP,RENEWABLE,TOT,PC_PRYENRGSUPPLY,A,1999,5.19,
ESP,RENEWABLE,TOT,PC_PRYENRGSUPPLY,A,2000,5.59,
ESP,RENEWABLE,TOT,PC_PRYENRGSUPPLY,A,2001,6.52,
ESP,RENEWABLE,TOT,PC_PRYENRGSUPPLY,A,2002,5.35,
ESP,RENEWABLE,TOT,PC_PRYENRGSUPPLY,A,2003,6.90,
ESP,RENEWABLE,TOT,PC_PRYENRGSUPPLY,A,2004,6.34,
ESP,RENEWABLE,TOT,PC_PRYENRGSUPPLY,A,2005,5.92,
ESP,RENEWABLE,TOT,PC_PRYENRGSUPPLY,A,2006,6.46,
ESP,RENEWABLE,TOT,PC_PRYENRGSUPPLY,A,2007,6.96,
ESP,RENEWABLE,TOT,PC_PRYENRGSUPPLY,A,2008,7.59,
ESP,RENEWABLE,TOT,PC_PRYENRGSUPPLY,A,2009,9.83,
ESP,RENEWABLE,TOT,PC_PRYENRGSUPPLY,A,2010,11.78,
ESP,RENEWABLE,TOT,PC_PRYENRGSUPPLY,A,2011,11.80,
ESP,RENEWABLE,TOT,PC_PRYENRGSUPPLY,A,2012,12.86,
ESP,RENEWABLE,TOT,PC_PRYENRGSUPPLY,A,2013,15.15,
ESP,RENEWABLE,TOT,PC_PRYENRGSUPPLY,A,2014,15.51,
ESP,RENEWABLE,TOT,PC_PRYENRGSUPPLY,A,2015,14.35,
SWE,RENEWABLE,TOT,PC_PRYENRGSUPPLY,A,1960,25.83,
SWE,RENEWABLE,TOT,PC_PRYENRGSUPPLY,A,1961,27.66,
SWE,RENEWABLE,TOT,PC_PRYENRGSUPPLY,A,1962,27.09,
SWE,RENEWABLE,TOT,PC_PRYENRGSUPPLY,A,1963,25.00,
SWE,RENEWABLE,TOT,PC_PRYENRGSUPPLY,A,1964,25.33,
SWE,RENEWABLE,TOT,PC_PRYENRGSUPPLY,A,1965,25.06,
SWE,RENEWABLE,TOT,PC_PRYENRGSUPPLY,A,1966,23.00,
SWE,RENEWABLE,TOT,PC_PRYENRGSUPPLY,A,1967,24.19,
SWE,RENEWABLE,TOT,PC_PRYENRGSUPPLY,A,1968,21.67,
SWE,RENEWABLE,TOT,PC_PRYENRGSUPPLY,A,1969,18.77,
SWE,RENEWABLE,TOT,PC_PRYENRGSUPPLY,A,1970,17.20,
SWE,RENEWABLE,TOT,PC_PRYENRGSUPPLY,A,1971,20.43,
SWE,RENEWABLE,TOT,PC_PRYENRGSUPPLY,A,1972,20.43,
SWE,RENEWABLE,TOT,PC_PRYENRGSUPPLY,A,1973,22.38,
SWE,RENEWABLE,TOT,PC_PRYENRGSUPPLY,A,1974,23.00,
SWE,RENEWABLE,TOT,PC_PRYENRGSUPPLY,A,1975,21.84,
SWE,RENEWABLE,TOT,PC_PRYENRGSUPPLY,A,1976,19.44,
SWE,RENEWABLE,TOT,PC_PRYENRGSUPPLY,A,1977,19.15,
SWE,RENEWABLE,TOT,PC_PRYENRGSUPPLY,A,1978,20.91,
SWE,RENEWABLE,TOT,PC_PRYENRGSUPPLY,A,1979,21.20,
SWE,RENEWABLE,TOT,PC_PRYENRGSUPPLY,A,1980,22.50,
SWE,RENEWABLE,TOT,PC_PRYENRGSUPPLY,A,1981,22.00,
SWE,RENEWABLE,TOT,PC_PRYENRGSUPPLY,A,1982,21.63,
SWE,RENEWABLE,TOT,PC_PRYENRGSUPPLY,A,1983,24.36,
SWE,RENEWABLE,TOT,PC_PRYENRGSUPPLY,A,1984,24.87,
SWE,RENEWABLE,TOT,PC_PRYENRGSUPPLY,A,1985,24.01,
SWE,RENEWABLE,TOT,PC_PRYENRGSUPPLY,A,1986,21.32,
SWE,RENEWABLE,TOT,PC_PRYENRGSUPPLY,A,1987,23.75,
SWE,RENEWABLE,TOT,PC_PRYENRGSUPPLY,A,1988,23.13,
SWE,RENEWABLE,TOT,PC_PRYENRGSUPPLY,A,1989,24.23,
SWE,RENEWABLE,TOT,PC_PRYENRGSUPPLY,A,1990,24.43,
SWE,RENEWABLE,TOT,PC_PRYENRGSUPPLY,A,1991,22.58,
SWE,RENEWABLE,TOT,PC_PRYENRGSUPPLY,A,1992,26.13,
SWE,RENEWABLE,TOT,PC_PRYENRGSUPPLY,A,1993,27.00,
SWE,RENEWABLE,TOT,PC_PRYENRGSUPPLY,A,1994,23.05,
SWE,RENEWABLE,TOT,PC_PRYENRGSUPPLY,A,1995,25.50,
SWE,RENEWABLE,TOT,PC_PRYENRGSUPPLY,A,1996,23.03,
SWE,RENEWABLE,TOT,PC_PRYENRGSUPPLY,A,1997,26.95,
SWE,RENEWABLE,TOT,PC_PRYENRGSUPPLY,A,1998,27.42,
SWE,RENEWABLE,TOT,PC_PRYENRGSUPPLY,A,1999,26.64,
SWE,RENEWABLE,TOT,PC_PRYENRGSUPPLY,A,2000,31.00,
SWE,RENEWABLE,TOT,PC_PRYENRGSUPPLY,A,2001,28.16,
SWE,RENEWABLE,TOT,PC_PRYENRGSUPPLY,A,2002,25.34,
SWE,RENEWABLE,TOT,PC_PRYENRGSUPPLY,A,2003,24.47,
SWE,RENEWABLE,TOT,PC_PRYENRGSUPPLY,A,2004,25.00,
SWE,RENEWABLE,TOT,PC_PRYENRGSUPPLY,A,2005,28.75,
SWE,RENEWABLE,TOT,PC_PRYENRGSUPPLY,A,2006,28.66,
SWE,RENEWABLE,TOT,PC_PRYENRGSUPPLY,A,2007,30.55,
SWE,RENEWABLE,TOT,PC_PRYENRGSUPPLY,A,2008,31.49,
SWE,RENEWABLE,TOT,PC_PRYENRGSUPPLY,A,2009,34.84,
SWE,RENEWABLE,TOT,PC_PRYENRGSUPPLY,A,2010,33.39,
SWE,RENEWABLE,TOT,PC_PRYENRGSUPPLY,A,2011,33.20,
SWE,RENEWABLE,TOT,PC_PRYENRGSUPPLY,A,2012,36.93,
SWE,RENEWABLE,TOT,PC_PRYENRGSUPPLY,A,2013,34.57,
SWE,RENEWABLE,TOT,PC_PRYENRGSUPPLY,A,2014,35.85,
SWE,RENEWABLE,TOT,PC_PRYENRGSUPPLY,A,2015,45.89,
CHE,RENEWABLE,TOT,PC_PRYENRGSUPPLY,A,1960,28.33,
CHE,RENEWABLE,TOT,PC_PRYENRGSUPPLY,A,1961,27.79,
CHE,RENEWABLE,TOT,PC_PRYENRGSUPPLY,A,1962,25.22,
CHE,RENEWABLE,TOT,PC_PRYENRGSUPPLY,A,1963,21.81,
CHE,RENEWABLE,TOT,PC_PRYENRGSUPPLY,A,1964,21.66,
CHE,RENEWABLE,TOT,PC_PRYENRGSUPPLY,A,1965,22.20,
CHE,RENEWABLE,TOT,PC_PRYENRGSUPPLY,A,1966,23.45,
CHE,RENEWABLE,TOT,PC_PRYENRGSUPPLY,A,1967,23.74,
CHE,RENEWABLE,TOT,PC_PRYENRGSUPPLY,A,1968,21.60,
CHE,RENEWABLE,TOT,PC_PRYENRGSUPPLY,A,1969,18.38,
CHE,RENEWABLE,TOT,PC_PRYENRGSUPPLY,A,1970,18.35,
CHE,RENEWABLE,TOT,PC_PRYENRGSUPPLY,A,1971,15.51,
CHE,RENEWABLE,TOT,PC_PRYENRGSUPPLY,A,1972,13.61,
CHE,RENEWABLE,TOT,PC_PRYENRGSUPPLY,A,1973,13.97,
CHE,RENEWABLE,TOT,PC_PRYENRGSUPPLY,A,1974,14.66,
CHE,RENEWABLE,TOT,PC_PRYENRGSUPPLY,A,1975,17.91,
CHE,RENEWABLE,TOT,PC_PRYENRGSUPPLY,A,1976,13.67,
CHE,RENEWABLE,TOT,PC_PRYENRGSUPPLY,A,1977,18.12,
CHE,RENEWABLE,TOT,PC_PRYENRGSUPPLY,A,1978,16.64,
CHE,RENEWABLE,TOT,PC_PRYENRGSUPPLY,A,1979,16.55,
CHE,RENEWABLE,TOT,PC_PRYENRGSUPPLY,A,1980,16.44,
CHE,RENEWABLE,TOT,PC_PRYENRGSUPPLY,A,1981,18.51,
CHE,RENEWABLE,TOT,PC_PRYENRGSUPPLY,A,1982,19.79,
CHE,RENEWABLE,TOT,PC_PRYENRGSUPPLY,A,1983,17.54,
CHE,RENEWABLE,TOT,PC_PRYENRGSUPPLY,A,1984,15.03,
CHE,RENEWABLE,TOT,PC_PRYENRGSUPPLY,A,1985,15.23,
CHE,RENEWABLE,TOT,PC_PRYENRGSUPPLY,A,1986,15.14,
CHE,RENEWABLE,TOT,PC_PRYENRGSUPPLY,A,1987,16.25,
CHE,RENEWABLE,TOT,PC_PRYENRGSUPPLY,A,1988,16.55,
CHE,RENEWABLE,TOT,PC_PRYENRGSUPPLY,A,1989,14.59,
CHE,RENEWABLE,TOT,PC_PRYENRGSUPPLY,A,1990,14.91,
CHE,RENEWABLE,TOT,PC_PRYENRGSUPPLY,A,1991,15.84,
CHE,RENEWABLE,TOT,PC_PRYENRGSUPPLY,A,1992,15.88,
CHE,RENEWABLE,TOT,PC_PRYENRGSUPPLY,A,1993,17.45,
CHE,RENEWABLE,TOT,PC_PRYENRGSUPPLY,A,1994,18.34,
CHE,RENEWABLE,TOT,PC_PRYENRGSUPPLY,A,1995,17.40,
CHE,RENEWABLE,TOT,PC_PRYENRGSUPPLY,A,1996,15.15,
CHE,RENEWABLE,TOT,PC_PRYENRGSUPPLY,A,1997,16.36,
CHE,RENEWABLE,TOT,PC_PRYENRGSUPPLY,A,1998,16.16,
CHE,RENEWABLE,TOT,PC_PRYENRGSUPPLY,A,1999,18.61,
CHE,RENEWABLE,TOT,PC_PRYENRGSUPPLY,A,2000,17.73,
CHE,RENEWABLE,TOT,PC_PRYENRGSUPPLY,A,2001,18.38,
CHE,RENEWABLE,TOT,PC_PRYENRGSUPPLY,A,2002,16.83,
CHE,RENEWABLE,TOT,PC_PRYENRGSUPPLY,A,2003,16.85,
CHE,RENEWABLE,TOT,PC_PRYENRGSUPPLY,A,2004,16.48,
CHE,RENEWABLE,TOT,PC_PRYENRGSUPPLY,A,2005,16.03,
CHE,RENEWABLE,TOT,PC_PRYENRGSUPPLY,A,2006,15.51,
CHE,RENEWABLE,TOT,PC_PRYENRGSUPPLY,A,2007,17.77,
CHE,RENEWABLE,TOT,PC_PRYENRGSUPPLY,A,2008,17.82,
CHE,RENEWABLE,TOT,PC_PRYENRGSUPPLY,A,2009,17.81,
CHE,RENEWABLE,TOT,PC_PRYENRGSUPPLY,A,2010,19.00,
CHE,RENEWABLE,TOT,PC_PRYENRGSUPPLY,A,2011,18.08,
CHE,RENEWABLE,TOT,PC_PRYENRGSUPPLY,A,2012,20.70,
CHE,RENEWABLE,TOT,PC_PRYENRGSUPPLY,A,2013,20.30,
CHE,RENEWABLE,TOT,PC_PRYENRGSUPPLY,A,2014,21.10,
CHE,RENEWABLE,TOT,PC_PRYENRGSUPPLY,A,2015,22.35,
TUR,RENEWABLE,TOT,PC_PRYENRGSUPPLY,A,1960,55.80,
TUR,RENEWABLE,TOT,PC_PRYENRGSUPPLY,A,1961,55.84,
TUR,RENEWABLE,TOT,PC_PRYENRGSUPPLY,A,1962,50.95,
TUR,RENEWABLE,TOT,PC_PRYENRGSUPPLY,A,1963,48.37,
TUR,RENEWABLE,TOT,PC_PRYENRGSUPPLY,A,1964,46.03,
TUR,RENEWABLE,TOT,PC_PRYENRGSUPPLY,A,1965,43.92,
TUR,RENEWABLE,TOT,PC_PRYENRGSUPPLY,A,1966,40.55,
TUR,RENEWABLE,TOT,PC_PRYENRGSUPPLY,A,1967,39.38,
TUR,RENEWABLE,TOT,PC_PRYENRGSUPPLY,A,1968,37.82,
TUR,RENEWABLE,TOT,PC_PRYENRGSUPPLY,A,1969,35.84,
TUR,RENEWABLE,TOT,PC_PRYENRGSUPPLY,A,1970,34.35,
TUR,RENEWABLE,TOT,PC_PRYENRGSUPPLY,A,1971,31.01,
TUR,RENEWABLE,TOT,PC_PRYENRGSUPPLY,A,1972,29.72,
TUR,RENEWABLE,TOT,PC_PRYENRGSUPPLY,A,1973,27.61,
TUR,RENEWABLE,TOT,PC_PRYENRGSUPPLY,A,1974,27.43,
TUR,RENEWABLE,TOT,PC_PRYENRGSUPPLY,A,1975,27.59,
TUR,RENEWABLE,TOT,PC_PRYENRGSUPPLY,A,1976,26.80,
TUR,RENEWABLE,TOT,PC_PRYENRGSUPPLY,A,1977,25.02,
TUR,RENEWABLE,TOT,PC_PRYENRGSUPPLY,A,1978,26.13,
TUR,RENEWABLE,TOT,PC_PRYENRGSUPPLY,A,1979,28.71,
TUR,RENEWABLE,TOT,PC_PRYENRGSUPPLY,A,1980,27.72,
TUR,RENEWABLE,TOT,PC_PRYENRGSUPPLY,A,1981,27.97,
TUR,RENEWABLE,TOT,PC_PRYENRGSUPPLY,A,1982,27.38,
TUR,RENEWABLE,TOT,PC_PRYENRGSUPPLY,A,1983,25.59,
TUR,RENEWABLE,TOT,PC_PRYENRGSUPPLY,A,1984,25.00,
TUR,RENEWABLE,TOT,PC_PRYENRGSUPPLY,A,1985,22.94,
TUR,RENEWABLE,TOT,PC_PRYENRGSUPPLY,A,1986,21.86,
TUR,RENEWABLE,TOT,PC_PRYENRGSUPPLY,A,1987,21.03,
TUR,RENEWABLE,TOT,PC_PRYENRGSUPPLY,A,1988,22.89,
TUR,RENEWABLE,TOT,PC_PRYENRGSUPPLY,A,1989,20.12,
TUR,RENEWABLE,TOT,PC_PRYENRGSUPPLY,A,1990,18.32,
TUR,RENEWABLE,TOT,PC_PRYENRGSUPPLY,A,1991,18.54,
TUR,RENEWABLE,TOT,PC_PRYENRGSUPPLY,A,1992,18.65,
TUR,RENEWABLE,TOT,PC_PRYENRGSUPPLY,A,1993,18.67,
TUR,RENEWABLE,TOT,PC_PRYENRGSUPPLY,A,1994,18.47,
TUR,RENEWABLE,TOT,PC_PRYENRGSUPPLY,A,1995,17.50,
TUR,RENEWABLE,TOT,PC_PRYENRGSUPPLY,A,1996,16.77,
TUR,RENEWABLE,TOT,PC_PRYENRGSUPPLY,A,1997,15.95,
TUR,RENEWABLE,TOT,PC_PRYENRGSUPPLY,A,1998,16.00,
TUR,RENEWABLE,TOT,PC_PRYENRGSUPPLY,A,1999,15.19,
TUR,RENEWABLE,TOT,PC_PRYENRGSUPPLY,A,2000,13.30,
TUR,RENEWABLE,TOT,PC_PRYENRGSUPPLY,A,2001,13.35,
TUR,RENEWABLE,TOT,PC_PRYENRGSUPPLY,A,2002,13.53,
TUR,RENEWABLE,TOT,PC_PRYENRGSUPPLY,A,2003,12.87,
TUR,RENEWABLE,TOT,PC_PRYENRGSUPPLY,A,2004,13.36,
TUR,RENEWABLE,TOT,PC_PRYENRGSUPPLY,A,2005,12.03,
TUR,RENEWABLE,TOT,PC_PRYENRGSUPPLY,A,2006,11.12,
TUR,RENEWABLE,TOT,PC_PRYENRGSUPPLY,A,2007,9.60,
TUR,RENEWABLE,TOT,PC_PRYENRGSUPPLY,A,2008,9.43,
TUR,RENEWABLE,TOT,PC_PRYENRGSUPPLY,A,2009,10.14,
TUR,RENEWABLE,TOT,PC_PRYENRGSUPPLY,A,2010,10.90,
TUR,RENEWABLE,TOT,PC_PRYENRGSUPPLY,A,2011,9.89,
TUR,RENEWABLE,TOT,PC_PRYENRGSUPPLY,A,2012,10.28,
TUR,RENEWABLE,TOT,PC_PRYENRGSUPPLY,A,2013,11.19,
TUR,RENEWABLE,TOT,PC_PRYENRGSUPPLY,A,2014,9.94,
TUR,RENEWABLE,TOT,PC_PRYENRGSUPPLY,A,2015,11.97,
GBR,RENEWABLE,TOT,PC_PRYENRGSUPPLY,A,1960,0.17,
GBR,RENEWABLE,TOT,PC_PRYENRGSUPPLY,A,1961,0.21,
GBR,RENEWABLE,TOT,PC_PRYENRGSUPPLY,A,1962,0.20,
GBR,RENEWABLE,TOT,PC_PRYENRGSUPPLY,A,1963,0.17,
GBR,RENEWABLE,TOT,PC_PRYENRGSUPPLY,A,1964,0.18,
GBR,RENEWABLE,TOT,PC_PRYENRGSUPPLY,A,1965,0.20,
GBR,RENEWABLE,TOT,PC_PRYENRGSUPPLY,A,1966,0.19,
GBR,RENEWABLE,TOT,PC_PRYENRGSUPPLY,A,1967,0.20,
GBR,RENEWABLE,TOT,PC_PRYENRGSUPPLY,A,1968,0.16,
GBR,RENEWABLE,TOT,PC_PRYENRGSUPPLY,A,1969,0.14,
GBR,RENEWABLE,TOT,PC_PRYENRGSUPPLY,A,1970,0.19,
GBR,RENEWABLE,TOT,PC_PRYENRGSUPPLY,A,1971,0.14,
GBR,RENEWABLE,TOT,PC_PRYENRGSUPPLY,A,1972,0.14,
GBR,RENEWABLE,TOT,PC_PRYENRGSUPPLY,A,1973,0.15,
GBR,RENEWABLE,TOT,PC_PRYENRGSUPPLY,A,1974,0.17,
GBR,RENEWABLE,TOT,PC_PRYENRGSUPPLY,A,1975,0.16,
GBR,RENEWABLE,TOT,PC_PRYENRGSUPPLY,A,1976,0.16,
GBR,RENEWABLE,TOT,PC_PRYENRGSUPPLY,A,1977,0.16,
GBR,RENEWABLE,TOT,PC_PRYENRGSUPPLY,A,1978,0.17,
GBR,RENEWABLE,TOT,PC_PRYENRGSUPPLY,A,1979,0.17,
GBR,RENEWABLE,TOT,PC_PRYENRGSUPPLY,A,1980,0.17,
GBR,RENEWABLE,TOT,PC_PRYENRGSUPPLY,A,1981,0.19,
GBR,RENEWABLE,TOT,PC_PRYENRGSUPPLY,A,1982,0.20,
GBR,RENEWABLE,TOT,PC_PRYENRGSUPPLY,A,1983,0.21,
GBR,RENEWABLE,TOT,PC_PRYENRGSUPPLY,A,1984,0.18,
GBR,RENEWABLE,TOT,PC_PRYENRGSUPPLY,A,1985,0.18,
GBR,RENEWABLE,TOT,PC_PRYENRGSUPPLY,A,1986,0.20,
GBR,RENEWABLE,TOT,PC_PRYENRGSUPPLY,A,1987,0.17,
GBR,RENEWABLE,TOT,PC_PRYENRGSUPPLY,A,1988,0.20,
GBR,RENEWABLE,TOT,PC_PRYENRGSUPPLY,A,1989,0.51,
GBR,RENEWABLE,TOT,PC_PRYENRGSUPPLY,A,1990,0.50,
GBR,RENEWABLE,TOT,PC_PRYENRGSUPPLY,A,1991,0.48,
GBR,RENEWABLE,TOT,PC_PRYENRGSUPPLY,A,1992,0.64,
GBR,RENEWABLE,TOT,PC_PRYENRGSUPPLY,A,1993,0.63,
GBR,RENEWABLE,TOT,PC_PRYENRGSUPPLY,A,1994,0.82,
GBR,RENEWABLE,TOT,PC_PRYENRGSUPPLY,A,1995,0.85,
GBR,RENEWABLE,TOT,PC_PRYENRGSUPPLY,A,1996,0.79,
GBR,RENEWABLE,TOT,PC_PRYENRGSUPPLY,A,1997,0.89,
GBR,RENEWABLE,TOT,PC_PRYENRGSUPPLY,A,1998,0.94,
GBR,RENEWABLE,TOT,PC_PRYENRGSUPPLY,A,1999,0.96,
GBR,RENEWABLE,TOT,PC_PRYENRGSUPPLY,A,2000,1.02,
GBR,RENEWABLE,TOT,PC_PRYENRGSUPPLY,A,2001,1.03,
GBR,RENEWABLE,TOT,PC_PRYENRGSUPPLY,A,2002,1.17,
GBR,RENEWABLE,TOT,PC_PRYENRGSUPPLY,A,2003,1.24,
GBR,RENEWABLE,TOT,PC_PRYENRGSUPPLY,A,2004,1.48,
GBR,RENEWABLE,TOT,PC_PRYENRGSUPPLY,A,2005,1.79,
GBR,RENEWABLE,TOT,PC_PRYENRGSUPPLY,A,2006,1.95,
GBR,RENEWABLE,TOT,PC_PRYENRGSUPPLY,A,2007,2.18,
GBR,RENEWABLE,TOT,PC_PRYENRGSUPPLY,A,2008,2.63,
GBR,RENEWABLE,TOT,PC_PRYENRGSUPPLY,A,2009,3.13,
GBR,RENEWABLE,TOT,PC_PRYENRGSUPPLY,A,2010,3.62,
GBR,RENEWABLE,TOT,PC_PRYENRGSUPPLY,A,2011,4.30,
GBR,RENEWABLE,TOT,PC_PRYENRGSUPPLY,A,2012,4.55,
GBR,RENEWABLE,TOT,PC_PRYENRGSUPPLY,A,2013,5.47,
GBR,RENEWABLE,TOT,PC_PRYENRGSUPPLY,A,2014,6.75,
GBR,RENEWABLE,TOT,PC_PRYENRGSUPPLY,A,2015,7.66,
USA,RENEWABLE,TOT,PC_PRYENRGSUPPLY,A,1960,4.42,
USA,RENEWABLE,TOT,PC_PRYENRGSUPPLY,A,1961,4.37,
USA,RENEWABLE,TOT,PC_PRYENRGSUPPLY,A,1962,4.33,
USA,RENEWABLE,TOT,PC_PRYENRGSUPPLY,A,1963,4.15,
USA,RENEWABLE,TOT,PC_PRYENRGSUPPLY,A,1964,4.10,
USA,RENEWABLE,TOT,PC_PRYENRGSUPPLY,A,1965,4.06,
USA,RENEWABLE,TOT,PC_PRYENRGSUPPLY,A,1966,3.91,
USA,RENEWABLE,TOT,PC_PRYENRGSUPPLY,A,1967,3.87,
USA,RENEWABLE,TOT,PC_PRYENRGSUPPLY,A,1968,3.84,
USA,RENEWABLE,TOT,PC_PRYENRGSUPPLY,A,1969,3.87,
USA,RENEWABLE,TOT,PC_PRYENRGSUPPLY,A,1970,3.68,
USA,RENEWABLE,TOT,PC_PRYENRGSUPPLY,A,1971,3.67,
USA,RENEWABLE,TOT,PC_PRYENRGSUPPLY,A,1972,3.69,
USA,RENEWABLE,TOT,PC_PRYENRGSUPPLY,A,1973,3.61,
USA,RENEWABLE,TOT,PC_PRYENRGSUPPLY,A,1974,3.91,
USA,RENEWABLE,TOT,PC_PRYENRGSUPPLY,A,1975,3.98,
USA,RENEWABLE,TOT,PC_PRYENRGSUPPLY,A,1976,3.96,
USA,RENEWABLE,TOT,PC_PRYENRGSUPPLY,A,1977,3.70,
USA,RENEWABLE,TOT,PC_PRYENRGSUPPLY,A,1978,4.10,
USA,RENEWABLE,TOT,PC_PRYENRGSUPPLY,A,1979,4.30,
USA,RENEWABLE,TOT,PC_PRYENRGSUPPLY,A,1980,4.60,
USA,RENEWABLE,TOT,PC_PRYENRGSUPPLY,A,1981,4.71,
USA,RENEWABLE,TOT,PC_PRYENRGSUPPLY,A,1982,5.16,
USA,RENEWABLE,TOT,PC_PRYENRGSUPPLY,A,1983,5.54,
USA,RENEWABLE,TOT,PC_PRYENRGSUPPLY,A,1984,5.75,
USA,RENEWABLE,TOT,PC_PRYENRGSUPPLY,A,1985,5.53,
USA,RENEWABLE,TOT,PC_PRYENRGSUPPLY,A,1986,5.71,
USA,RENEWABLE,TOT,PC_PRYENRGSUPPLY,A,1987,5.60,
USA,RENEWABLE,TOT,PC_PRYENRGSUPPLY,A,1988,5.20,
USA,RENEWABLE,TOT,PC_PRYENRGSUPPLY,A,1989,5.35,
USA,RENEWABLE,TOT,PC_PRYENRGSUPPLY,A,1990,5.02,
USA,RENEWABLE,TOT,PC_PRYENRGSUPPLY,A,1991,5.14,
USA,RENEWABLE,TOT,PC_PRYENRGSUPPLY,A,1992,5.28,
USA,RENEWABLE,TOT,PC_PRYENRGSUPPLY,A,1993,5.03,
USA,RENEWABLE,TOT,PC_PRYENRGSUPPLY,A,1994,4.90,
USA,RENEWABLE,TOT,PC_PRYENRGSUPPLY,A,1995,5.07,
USA,RENEWABLE,TOT,PC_PRYENRGSUPPLY,A,1996,5.21,
USA,RENEWABLE,TOT,PC_PRYENRGSUPPLY,A,1997,4.97,
USA,RENEWABLE,TOT,PC_PRYENRGSUPPLY,A,1998,4.88,
USA,RENEWABLE,TOT,PC_PRYENRGSUPPLY,A,1999,4.67,
USA,RENEWABLE,TOT,PC_PRYENRGSUPPLY,A,2000,4.49,
USA,RENEWABLE,TOT,PC_PRYENRGSUPPLY,A,2001,4.00,
USA,RENEWABLE,TOT,PC_PRYENRGSUPPLY,A,2002,4.05,
USA,RENEWABLE,TOT,PC_PRYENRGSUPPLY,A,2003,4.30,
USA,RENEWABLE,TOT,PC_PRYENRGSUPPLY,A,2004,4.39,
USA,RENEWABLE,TOT,PC_PRYENRGSUPPLY,A,2005,4.54,
USA,RENEWABLE,TOT,PC_PRYENRGSUPPLY,A,2006,4.77,
USA,RENEWABLE,TOT,PC_PRYENRGSUPPLY,A,2007,4.67,
USA,RENEWABLE,TOT,PC_PRYENRGSUPPLY,A,2008,5.07,
USA,RENEWABLE,TOT,PC_PRYENRGSUPPLY,A,2009,5.44,
USA,RENEWABLE,TOT,PC_PRYENRGSUPPLY,A,2010,5.65,
USA,RENEWABLE,TOT,PC_PRYENRGSUPPLY,A,2011,6.12,
USA,RENEWABLE,TOT,PC_PRYENRGSUPPLY,A,2012,6.43,
USA,RENEWABLE,TOT,PC_PRYENRGSUPPLY,A,2013,6.79,
USA,RENEWABLE,TOT,PC_PRYENRGSUPPLY,A,2014,6.87,
USA,RENEWABLE,TOT,PC_PRYENRGSUPPLY,A,2015,6.86,
ALB,RENEWABLE,TOT,PC_PRYENRGSUPPLY,A,1971,25.34,
ALB,RENEWABLE,TOT,PC_PRYENRGSUPPLY,A,1972,23.30,
ALB,RENEWABLE,TOT,PC_PRYENRGSUPPLY,A,1973,26.94,
ALB,RENEWABLE,TOT,PC_PRYENRGSUPPLY,A,1974,26.67,
ALB,RENEWABLE,TOT,PC_PRYENRGSUPPLY,A,1975,25.78,
ALB,RENEWABLE,TOT,PC_PRYENRGSUPPLY,A,1976,24.58,
ALB,RENEWABLE,TOT,PC_PRYENRGSUPPLY,A,1977,24.30,
ALB,RENEWABLE,TOT,PC_PRYENRGSUPPLY,A,1978,22.42,
ALB,RENEWABLE,TOT,PC_PRYENRGSUPPLY,A,1979,26.84,
ALB,RENEWABLE,TOT,PC_PRYENRGSUPPLY,A,1980,20.47,
ALB,RENEWABLE,TOT,PC_PRYENRGSUPPLY,A,1981,23.64,
ALB,RENEWABLE,TOT,PC_PRYENRGSUPPLY,A,1982,23.92,
ALB,RENEWABLE,TOT,PC_PRYENRGSUPPLY,A,1983,22.86,
ALB,RENEWABLE,TOT,PC_PRYENRGSUPPLY,A,1984,20.65,
ALB,RENEWABLE,TOT,PC_PRYENRGSUPPLY,A,1985,20.54,
ALB,RENEWABLE,TOT,PC_PRYENRGSUPPLY,A,1986,24.86,
ALB,RENEWABLE,TOT,PC_PRYENRGSUPPLY,A,1987,23.33,
ALB,RENEWABLE,TOT,PC_PRYENRGSUPPLY,A,1988,21.54,
ALB,RENEWABLE,TOT,PC_PRYENRGSUPPLY,A,1989,22.11,
ALB,RENEWABLE,TOT,PC_PRYENRGSUPPLY,A,1990,22.74,
ALB,RENEWABLE,TOT,PC_PRYENRGSUPPLY,A,1991,35.57,
ALB,RENEWABLE,TOT,PC_PRYENRGSUPPLY,A,1992,47.15,
ALB,RENEWABLE,TOT,PC_PRYENRGSUPPLY,A,1993,47.45,
ALB,RENEWABLE,TOT,PC_PRYENRGSUPPLY,A,1994,46.28,
ALB,RENEWABLE,TOT,PC_PRYENRGSUPPLY,A,1995,50.94,
ALB,RENEWABLE,TOT,PC_PRYENRGSUPPLY,A,1996,55.94,
ALB,RENEWABLE,TOT,PC_PRYENRGSUPPLY,A,1997,59.46,
ALB,RENEWABLE,TOT,PC_PRYENRGSUPPLY,A,1998,52.26,
ALB,RENEWABLE,TOT,PC_PRYENRGSUPPLY,A,1999,40.04,
ALB,RENEWABLE,TOT,PC_PRYENRGSUPPLY,A,2000,36.48,
ALB,RENEWABLE,TOT,PC_PRYENRGSUPPLY,A,2001,30.81,
ALB,RENEWABLE,TOT,PC_PRYENRGSUPPLY,A,2002,27.78,
ALB,RENEWABLE,TOT,PC_PRYENRGSUPPLY,A,2003,31.47,
ALB,RENEWABLE,TOT,PC_PRYENRGSUPPLY,A,2004,32.53,
ALB,RENEWABLE,TOT,PC_PRYENRGSUPPLY,A,2005,32.04,
ALB,RENEWABLE,TOT,PC_PRYENRGSUPPLY,A,2006,33.06,
ALB,RENEWABLE,TOT,PC_PRYENRGSUPPLY,A,2007,22.83,
ALB,RENEWABLE,TOT,PC_PRYENRGSUPPLY,A,2008,26.16,
ALB,RENEWABLE,TOT,PC_PRYENRGSUPPLY,A,2009,30.97,
ALB,RENEWABLE,TOT,PC_PRYENRGSUPPLY,A,2010,40.60,
ALB,RENEWABLE,TOT,PC_PRYENRGSUPPLY,A,2011,25.87,
ALB,RENEWABLE,TOT,PC_PRYENRGSUPPLY,A,2012,31.31,
ALB,RENEWABLE,TOT,PC_PRYENRGSUPPLY,A,2013,34.99,
ALB,RENEWABLE,TOT,PC_PRYENRGSUPPLY,A,2014,27.29,
DZA,RENEWABLE,TOT,PC_PRYENRGSUPPLY,A,1971,1.00,
DZA,RENEWABLE,TOT,PC_PRYENRGSUPPLY,A,1972,1.22,
DZA,RENEWABLE,TOT,PC_PRYENRGSUPPLY,A,1973,1.48,
DZA,RENEWABLE,TOT,PC_PRYENRGSUPPLY,A,1974,0.95,
DZA,RENEWABLE,TOT,PC_PRYENRGSUPPLY,A,1975,0.63,
DZA,RENEWABLE,TOT,PC_PRYENRGSUPPLY,A,1976,0.64,
DZA,RENEWABLE,TOT,PC_PRYENRGSUPPLY,A,1977,0.43,
DZA,RENEWABLE,TOT,PC_PRYENRGSUPPLY,A,1978,0.33,
DZA,RENEWABLE,TOT,PC_PRYENRGSUPPLY,A,1979,0.30,
DZA,RENEWABLE,TOT,PC_PRYENRGSUPPLY,A,1980,0.27,
DZA,RENEWABLE,TOT,PC_PRYENRGSUPPLY,A,1981,0.32,
DZA,RENEWABLE,TOT,PC_PRYENRGSUPPLY,A,1982,0.31,
DZA,RENEWABLE,TOT,PC_PRYENRGSUPPLY,A,1983,0.17,
DZA,RENEWABLE,TOT,PC_PRYENRGSUPPLY,A,1984,0.28,
DZA,RENEWABLE,TOT,PC_PRYENRGSUPPLY,A,1985,0.36,
DZA,RENEWABLE,TOT,PC_PRYENRGSUPPLY,A,1986,0.15,
DZA,RENEWABLE,TOT,PC_PRYENRGSUPPLY,A,1987,0.27,
DZA,RENEWABLE,TOT,PC_PRYENRGSUPPLY,A,1988,0.12,
DZA,RENEWABLE,TOT,PC_PRYENRGSUPPLY,A,1989,0.14,
DZA,RENEWABLE,TOT,PC_PRYENRGSUPPLY,A,1990,0.10,
DZA,RENEWABLE,TOT,PC_PRYENRGSUPPLY,A,1991,0.19,
DZA,RENEWABLE,TOT,PC_PRYENRGSUPPLY,A,1992,0.16,
DZA,RENEWABLE,TOT,PC_PRYENRGSUPPLY,A,1993,0.28,
DZA,RENEWABLE,TOT,PC_PRYENRGSUPPLY,A,1994,0.22,
DZA,RENEWABLE,TOT,PC_PRYENRGSUPPLY,A,1995,0.22,
DZA,RENEWABLE,TOT,PC_PRYENRGSUPPLY,A,1996,0.21,
DZA,RENEWABLE,TOT,PC_PRYENRGSUPPLY,A,1997,0.24,
DZA,RENEWABLE,TOT,PC_PRYENRGSUPPLY,A,1998,0.29,
DZA,RENEWABLE,TOT,PC_PRYENRGSUPPLY,A,1999,0.27,
DZA,RENEWABLE,TOT,PC_PRYENRGSUPPLY,A,2000,0.22,
DZA,RENEWABLE,TOT,PC_PRYENRGSUPPLY,A,2001,0.22,
DZA,RENEWABLE,TOT,PC_PRYENRGSUPPLY,A,2002,0.27,
DZA,RENEWABLE,TOT,PC_PRYENRGSUPPLY,A,2003,0.27,
DZA,RENEWABLE,TOT,PC_PRYENRGSUPPLY,A,2004,0.26,
DZA,RENEWABLE,TOT,PC_PRYENRGSUPPLY,A,2005,0.37,
DZA,RENEWABLE,TOT,PC_PRYENRGSUPPLY,A,2006,0.24,
DZA,RENEWABLE,TOT,PC_PRYENRGSUPPLY,A,2007,0.25,
DZA,RENEWABLE,TOT,PC_PRYENRGSUPPLY,A,2008,0.19,
DZA,RENEWABLE,TOT,PC_PRYENRGSUPPLY,A,2009,0.20,
DZA,RENEWABLE,TOT,PC_PRYENRGSUPPLY,A,2010,0.17,
DZA,RENEWABLE,TOT,PC_PRYENRGSUPPLY,A,2011,0.14,
DZA,RENEWABLE,TOT,PC_PRYENRGSUPPLY,A,2012,0.15,
DZA,RENEWABLE,TOT,PC_PRYENRGSUPPLY,A,2013,0.11,
DZA,RENEWABLE,TOT,PC_PRYENRGSUPPLY,A,2014,0.05,
AGO,RENEWABLE,TOT,PC_PRYENRGSUPPLY,A,1971,84.17,
AGO,RENEWABLE,TOT,PC_PRYENRGSUPPLY,A,1972,78.74,
AGO,RENEWABLE,TOT,PC_PRYENRGSUPPLY,A,1973,79.89,
AGO,RENEWABLE,TOT,PC_PRYENRGSUPPLY,A,1974,79.07,
AGO,RENEWABLE,TOT,PC_PRYENRGSUPPLY,A,1975,82.17,
AGO,RENEWABLE,TOT,PC_PRYENRGSUPPLY,A,1976,83.18,
AGO,RENEWABLE,TOT,PC_PRYENRGSUPPLY,A,1977,85.78,
AGO,RENEWABLE,TOT,PC_PRYENRGSUPPLY,A,1978,79.62,
AGO,RENEWABLE,TOT,PC_PRYENRGSUPPLY,A,1979,80.04,
AGO,RENEWABLE,TOT,PC_PRYENRGSUPPLY,A,1980,80.04,
AGO,RENEWABLE,TOT,PC_PRYENRGSUPPLY,A,1981,80.84,
AGO,RENEWABLE,TOT,PC_PRYENRGSUPPLY,A,1982,83.38,
AGO,RENEWABLE,TOT,PC_PRYENRGSUPPLY,A,1983,82.38,
AGO,RENEWABLE,TOT,PC_PRYENRGSUPPLY,A,1984,82.93,
AGO,RENEWABLE,TOT,PC_PRYENRGSUPPLY,A,1985,79.69,
AGO,RENEWABLE,TOT,PC_PRYENRGSUPPLY,A,1986,80.11,
AGO,RENEWABLE,TOT,PC_PRYENRGSUPPLY,A,1987,79.62,
AGO,RENEWABLE,TOT,PC_PRYENRGSUPPLY,A,1988,77.98,
AGO,RENEWABLE,TOT,PC_PRYENRGSUPPLY,A,1989,77.90,
AGO,RENEWABLE,TOT,PC_PRYENRGSUPPLY,A,1990,74.52,
AGO,RENEWABLE,TOT,PC_PRYENRGSUPPLY,A,1991,74.52,
AGO,RENEWABLE,TOT,PC_PRYENRGSUPPLY,A,1992,75.90,
AGO,RENEWABLE,TOT,PC_PRYENRGSUPPLY,A,1993,75.04,
AGO,RENEWABLE,TOT,PC_PRYENRGSUPPLY,A,1994,75.56,
AGO,RENEWABLE,TOT,PC_PRYENRGSUPPLY,A,1995,77.22,
AGO,RENEWABLE,TOT,PC_PRYENRGSUPPLY,A,1996,76.50,
AGO,RENEWABLE,TOT,PC_PRYENRGSUPPLY,A,1997,76.13,
AGO,RENEWABLE,TOT,PC_PRYENRGSUPPLY,A,1998,77.88,
AGO,RENEWABLE,TOT,PC_PRYENRGSUPPLY,A,1999,75.29,
AGO,RENEWABLE,TOT,PC_PRYENRGSUPPLY,A,2000,74.78,
AGO,RENEWABLE,TOT,PC_PRYENRGSUPPLY,A,2001,73.32,
AGO,RENEWABLE,TOT,PC_PRYENRGSUPPLY,A,2002,71.85,
AGO,RENEWABLE,TOT,PC_PRYENRGSUPPLY,A,2003,68.28,
AGO,RENEWABLE,TOT,PC_PRYENRGSUPPLY,A,2004,68.44,
AGO,RENEWABLE,TOT,PC_PRYENRGSUPPLY,A,2005,72.92,
AGO,RENEWABLE,TOT,PC_PRYENRGSUPPLY,A,2006,68.33,
AGO,RENEWABLE,TOT,PC_PRYENRGSUPPLY,A,2007,65.26,
AGO,RENEWABLE,TOT,PC_PRYENRGSUPPLY,A,2008,62.04,
AGO,RENEWABLE,TOT,PC_PRYENRGSUPPLY,A,2009,58.20,
AGO,RENEWABLE,TOT,PC_PRYENRGSUPPLY,A,2010,57.01,
AGO,RENEWABLE,TOT,PC_PRYENRGSUPPLY,A,2011,56.15,
AGO,RENEWABLE,TOT,PC_PRYENRGSUPPLY,A,2012,51.99,
AGO,RENEWABLE,TOT,PC_PRYENRGSUPPLY,A,2013,53.51,
AGO,RENEWABLE,TOT,PC_PRYENRGSUPPLY,A,2014,51.72,
ARG,RENEWABLE,TOT,PC_PRYENRGSUPPLY,A,1971,7.12,
ARG,RENEWABLE,TOT,PC_PRYENRGSUPPLY,A,1972,6.74,
ARG,RENEWABLE,TOT,PC_PRYENRGSUPPLY,A,1973,6.61,
ARG,RENEWABLE,TOT,PC_PRYENRGSUPPLY,A,1974,7.70,
ARG,RENEWABLE,TOT,PC_PRYENRGSUPPLY,A,1975,6.51,
ARG,RENEWABLE,TOT,PC_PRYENRGSUPPLY,A,1976,6.04,
ARG,RENEWABLE,TOT,PC_PRYENRGSUPPLY,A,1977,6.49,
ARG,RENEWABLE,TOT,PC_PRYENRGSUPPLY,A,1978,7.09,
ARG,RENEWABLE,TOT,PC_PRYENRGSUPPLY,A,1979,6.92,
ARG,RENEWABLE,TOT,PC_PRYENRGSUPPLY,A,1980,8.26,
ARG,RENEWABLE,TOT,PC_PRYENRGSUPPLY,A,1981,8.18,
ARG,RENEWABLE,TOT,PC_PRYENRGSUPPLY,A,1982,8.36,
ARG,RENEWABLE,TOT,PC_PRYENRGSUPPLY,A,1983,8.72,
ARG,RENEWABLE,TOT,PC_PRYENRGSUPPLY,A,1984,8.75,
ARG,RENEWABLE,TOT,PC_PRYENRGSUPPLY,A,1985,9.21,
ARG,RENEWABLE,TOT,PC_PRYENRGSUPPLY,A,1986,8.16,
ARG,RENEWABLE,TOT,PC_PRYENRGSUPPLY,A,1987,8.16,
ARG,RENEWABLE,TOT,PC_PRYENRGSUPPLY,A,1988,6.51,
ARG,RENEWABLE,TOT,PC_PRYENRGSUPPLY,A,1989,5.76,
ARG,RENEWABLE,TOT,PC_PRYENRGSUPPLY,A,1990,7.07,
ARG,RENEWABLE,TOT,PC_PRYENRGSUPPLY,A,1991,6.73,
ARG,RENEWABLE,TOT,PC_PRYENRGSUPPLY,A,1992,7.05,
ARG,RENEWABLE,TOT,PC_PRYENRGSUPPLY,A,1993,8.03,
ARG,RENEWABLE,TOT,PC_PRYENRGSUPPLY,A,1994,8.81,
ARG,RENEWABLE,TOT,PC_PRYENRGSUPPLY,A,1995,9.16,
ARG,RENEWABLE,TOT,PC_PRYENRGSUPPLY,A,1996,8.32,
ARG,RENEWABLE,TOT,PC_PRYENRGSUPPLY,A,1997,8.75,
ARG,RENEWABLE,TOT,PC_PRYENRGSUPPLY,A,1998,8.82,
ARG,RENEWABLE,TOT,PC_PRYENRGSUPPLY,A,1999,7.92,
ARG,RENEWABLE,TOT,PC_PRYENRGSUPPLY,A,2000,8.83,
ARG,RENEWABLE,TOT,PC_PRYENRGSUPPLY,A,2001,10.61,
ARG,RENEWABLE,TOT,PC_PRYENRGSUPPLY,A,2002,10.64,
ARG,RENEWABLE,TOT,PC_PRYENRGSUPPLY,A,2003,10.04,
ARG,RENEWABLE,TOT,PC_PRYENRGSUPPLY,A,2004,7.14,
ARG,RENEWABLE,TOT,PC_PRYENRGSUPPLY,A,2005,7.77,
ARG,RENEWABLE,TOT,PC_PRYENRGSUPPLY,A,2006,8.32,
ARG,RENEWABLE,TOT,PC_PRYENRGSUPPLY,A,2007,7.33,
ARG,RENEWABLE,TOT,PC_PRYENRGSUPPLY,A,2008,6.28,
ARG,RENEWABLE,TOT,PC_PRYENRGSUPPLY,A,2009,6.87,
ARG,RENEWABLE,TOT,PC_PRYENRGSUPPLY,A,2010,7.18,
ARG,RENEWABLE,TOT,PC_PRYENRGSUPPLY,A,2011,8.05,
ARG,RENEWABLE,TOT,PC_PRYENRGSUPPLY,A,2012,8.10,
ARG,RENEWABLE,TOT,PC_PRYENRGSUPPLY,A,2013,8.25,
ARG,RENEWABLE,TOT,PC_PRYENRGSUPPLY,A,2014,8.75,
ARM,RENEWABLE,TOT,PC_PRYENRGSUPPLY,A,1990,1.93,
ARM,RENEWABLE,TOT,PC_PRYENRGSUPPLY,A,1991,1.82,
ARM,RENEWABLE,TOT,PC_PRYENRGSUPPLY,A,1992,6.69,
ARM,RENEWABLE,TOT,PC_PRYENRGSUPPLY,A,1993,17.49,
ARM,RENEWABLE,TOT,PC_PRYENRGSUPPLY,A,1994,22.93,
ARM,RENEWABLE,TOT,PC_PRYENRGSUPPLY,A,1995,10.86,
ARM,RENEWABLE,TOT,PC_PRYENRGSUPPLY,A,1996,8.34,
ARM,RENEWABLE,TOT,PC_PRYENRGSUPPLY,A,1997,7.13,
ARM,RENEWABLE,TOT,PC_PRYENRGSUPPLY,A,1998,7.66,
ARM,RENEWABLE,TOT,PC_PRYENRGSUPPLY,A,1999,6.34,
ARM,RENEWABLE,TOT,PC_PRYENRGSUPPLY,A,2000,5.99,
ARM,RENEWABLE,TOT,PC_PRYENRGSUPPLY,A,2001,4.60,
ARM,RENEWABLE,TOT,PC_PRYENRGSUPPLY,A,2002,8.12,
ARM,RENEWABLE,TOT,PC_PRYENRGSUPPLY,A,2003,9.21,
ARM,RENEWABLE,TOT,PC_PRYENRGSUPPLY,A,2004,8.80,
ARM,RENEWABLE,TOT,PC_PRYENRGSUPPLY,A,2005,6.40,
ARM,RENEWABLE,TOT,PC_PRYENRGSUPPLY,A,2006,6.66,
ARM,RENEWABLE,TOT,PC_PRYENRGSUPPLY,A,2007,5.89,
ARM,RENEWABLE,TOT,PC_PRYENRGSUPPLY,A,2008,5.43,
ARM,RENEWABLE,TOT,PC_PRYENRGSUPPLY,A,2009,6.99,
ARM,RENEWABLE,TOT,PC_PRYENRGSUPPLY,A,2010,9.22,
ARM,RENEWABLE,TOT,PC_PRYENRGSUPPLY,A,2011,8.20,
ARM,RENEWABLE,TOT,PC_PRYENRGSUPPLY,A,2012,7.02,
ARM,RENEWABLE,TOT,PC_PRYENRGSUPPLY,A,2013,6.75,
ARM,RENEWABLE,TOT,PC_PRYENRGSUPPLY,A,2014,6.95,
AZE,RENEWABLE,TOT,PC_PRYENRGSUPPLY,A,1990,0.70,
AZE,RENEWABLE,TOT,PC_PRYENRGSUPPLY,A,1991,0.75,
AZE,RENEWABLE,TOT,PC_PRYENRGSUPPLY,A,1992,0.92,
AZE,RENEWABLE,TOT,PC_PRYENRGSUPPLY,A,1993,1.39,
AZE,RENEWABLE,TOT,PC_PRYENRGSUPPLY,A,1994,1.18,
AZE,RENEWABLE,TOT,PC_PRYENRGSUPPLY,A,1995,1.09,
AZE,RENEWABLE,TOT,PC_PRYENRGSUPPLY,A,1996,1.28,
AZE,RENEWABLE,TOT,PC_PRYENRGSUPPLY,A,1997,1.46,
AZE,RENEWABLE,TOT,PC_PRYENRGSUPPLY,A,1998,1.59,
AZE,RENEWABLE,TOT,PC_PRYENRGSUPPLY,A,1999,1.36,
AZE,RENEWABLE,TOT,PC_PRYENRGSUPPLY,A,2000,1.34,
AZE,RENEWABLE,TOT,PC_PRYENRGSUPPLY,A,2001,1.10,
AZE,RENEWABLE,TOT,PC_PRYENRGSUPPLY,A,2002,1.61,
AZE,RENEWABLE,TOT,PC_PRYENRGSUPPLY,A,2003,1.94,
AZE,RENEWABLE,TOT,PC_PRYENRGSUPPLY,A,2004,1.95,
AZE,RENEWABLE,TOT,PC_PRYENRGSUPPLY,A,2005,2.11,
AZE,RENEWABLE,TOT,PC_PRYENRGSUPPLY,A,2006,1.82,
AZE,RENEWABLE,TOT,PC_PRYENRGSUPPLY,A,2007,2.40,
AZE,RENEWABLE,TOT,PC_PRYENRGSUPPLY,A,2008,2.08,
AZE,RENEWABLE,TOT,PC_PRYENRGSUPPLY,A,2009,2.28,
AZE,RENEWABLE,TOT,PC_PRYENRGSUPPLY,A,2010,3.34,
AZE,RENEWABLE,TOT,PC_PRYENRGSUPPLY,A,2011,2.60,
AZE,RENEWABLE,TOT,PC_PRYENRGSUPPLY,A,2012,1.86,
AZE,RENEWABLE,TOT,PC_PRYENRGSUPPLY,A,2013,1.84,
AZE,RENEWABLE,TOT,PC_PRYENRGSUPPLY,A,2014,1.63,
BHR,RENEWABLE,TOT,PC_PRYENRGSUPPLY,A,1971,0.00,
BHR,RENEWABLE,TOT,PC_PRYENRGSUPPLY,A,1972,0.00,
BHR,RENEWABLE,TOT,PC_PRYENRGSUPPLY,A,1973,0.00,
BHR,RENEWABLE,TOT,PC_PRYENRGSUPPLY,A,1974,0.00,
BHR,RENEWABLE,TOT,PC_PRYENRGSUPPLY,A,1975,0.00,
BHR,RENEWABLE,TOT,PC_PRYENRGSUPPLY,A,1976,0.00,
BHR,RENEWABLE,TOT,PC_PRYENRGSUPPLY,A,1977,0.00,
BHR,RENEWABLE,TOT,PC_PRYENRGSUPPLY,A,1978,0.00,
BHR,RENEWABLE,TOT,PC_PRYENRGSUPPLY,A,1979,0.00,
BHR,RENEWABLE,TOT,PC_PRYENRGSUPPLY,A,1980,0.00,
BHR,RENEWABLE,TOT,PC_PRYENRGSUPPLY,A,1981,0.00,
BHR,RENEWABLE,TOT,PC_PRYENRGSUPPLY,A,1982,0.00,
BHR,RENEWABLE,TOT,PC_PRYENRGSUPPLY,A,1983,0.00,
BHR,RENEWABLE,TOT,PC_PRYENRGSUPPLY,A,1984,0.00,
BHR,RENEWABLE,TOT,PC_PRYENRGSUPPLY,A,1985,0.00,
BHR,RENEWABLE,TOT,PC_PRYENRGSUPPLY,A,1986,0.00,
BHR,RENEWABLE,TOT,PC_PRYENRGSUPPLY,A,1987,0.00,
BHR,RENEWABLE,TOT,PC_PRYENRGSUPPLY,A,1988,0.00,
BHR,RENEWABLE,TOT,PC_PRYENRGSUPPLY,A,1989,0.00,
BHR,RENEWABLE,TOT,PC_PRYENRGSUPPLY,A,1990,0.00,
BHR,RENEWABLE,TOT,PC_PRYENRGSUPPLY,A,1991,0.00,
BHR,RENEWABLE,TOT,PC_PRYENRGSUPPLY,A,1992,0.00,
BHR,RENEWABLE,TOT,PC_PRYENRGSUPPLY,A,1993,0.00,
BHR,RENEWABLE,TOT,PC_PRYENRGSUPPLY,A,1994,0.00,
BHR,RENEWABLE,TOT,PC_PRYENRGSUPPLY,A,1995,0.00,
BHR,RENEWABLE,TOT,PC_PRYENRGSUPPLY,A,1996,0.00,
BHR,RENEWABLE,TOT,PC_PRYENRGSUPPLY,A,1997,0.00,
BHR,RENEWABLE,TOT,PC_PRYENRGSUPPLY,A,1998,0.00,
BHR,RENEWABLE,TOT,PC_PRYENRGSUPPLY,A,1999,0.00,
BHR,RENEWABLE,TOT,PC_PRYENRGSUPPLY,A,2000,0.00,
BHR,RENEWABLE,TOT,PC_PRYENRGSUPPLY,A,2001,0.00,
BHR,RENEWABLE,TOT,PC_PRYENRGSUPPLY,A,2002,0.00,
BHR,RENEWABLE,TOT,PC_PRYENRGSUPPLY,A,2003,0.00,
BHR,RENEWABLE,TOT,PC_PRYENRGSUPPLY,A,2004,0.00,
BHR,RENEWABLE,TOT,PC_PRYENRGSUPPLY,A,2005,0.00,
BHR,RENEWABLE,TOT,PC_PRYENRGSUPPLY,A,2006,0.00,
BHR,RENEWABLE,TOT,PC_PRYENRGSUPPLY,A,2007,0.00,
BHR,RENEWABLE,TOT,PC_PRYENRGSUPPLY,A,2008,0.00,
BHR,RENEWABLE,TOT,PC_PRYENRGSUPPLY,A,2009,0.00,
BHR,RENEWABLE,TOT,PC_PRYENRGSUPPLY,A,2010,0.00,
BHR,RENEWABLE,TOT,PC_PRYENRGSUPPLY,A,2011,0.00,
BHR,RENEWABLE,TOT,PC_PRYENRGSUPPLY,A,2012,0.00,
BHR,RENEWABLE,TOT,PC_PRYENRGSUPPLY,A,2013,0.00,
BHR,RENEWABLE,TOT,PC_PRYENRGSUPPLY,A,2014,0.00,
BGD,RENEWABLE,TOT,PC_PRYENRGSUPPLY,A,1971,78.62,
BGD,RENEWABLE,TOT,PC_PRYENRGSUPPLY,A,1972,79.29,
BGD,RENEWABLE,TOT,PC_PRYENRGSUPPLY,A,1973,75.79,
BGD,RENEWABLE,TOT,PC_PRYENRGSUPPLY,A,1974,74.55,
BGD,RENEWABLE,TOT,PC_PRYENRGSUPPLY,A,1975,75.32,
BGD,RENEWABLE,TOT,PC_PRYENRGSUPPLY,A,1976,72.57,
BGD,RENEWABLE,TOT,PC_PRYENRGSUPPLY,A,1977,72.71,
BGD,RENEWABLE,TOT,PC_PRYENRGSUPPLY,A,1978,71.77,
BGD,RENEWABLE,TOT,PC_PRYENRGSUPPLY,A,1979,70.58,
BGD,RENEWABLE,TOT,PC_PRYENRGSUPPLY,A,1980,67.85,
BGD,RENEWABLE,TOT,PC_PRYENRGSUPPLY,A,1981,67.29,
BGD,RENEWABLE,TOT,PC_PRYENRGSUPPLY,A,1982,65.04,
BGD,RENEWABLE,TOT,PC_PRYENRGSUPPLY,A,1983,66.61,
BGD,RENEWABLE,TOT,PC_PRYENRGSUPPLY,A,1984,65.08,
BGD,RENEWABLE,TOT,PC_PRYENRGSUPPLY,A,1985,62.67,
BGD,RENEWABLE,TOT,PC_PRYENRGSUPPLY,A,1986,60.91,
BGD,RENEWABLE,TOT,PC_PRYENRGSUPPLY,A,1987,56.13,
BGD,RENEWABLE,TOT,PC_PRYENRGSUPPLY,A,1988,55.81,
BGD,RENEWABLE,TOT,PC_PRYENRGSUPPLY,A,1989,54.93,
BGD,RENEWABLE,TOT,PC_PRYENRGSUPPLY,A,1990,54.48,
BGD,RENEWABLE,TOT,PC_PRYENRGSUPPLY,A,1991,55.33,
BGD,RENEWABLE,TOT,PC_PRYENRGSUPPLY,A,1992,53.27,
BGD,RENEWABLE,TOT,PC_PRYENRGSUPPLY,A,1993,50.54,
BGD,RENEWABLE,TOT,PC_PRYENRGSUPPLY,A,1994,49.75,
BGD,RENEWABLE,TOT,PC_PRYENRGSUPPLY,A,1995,45.59,
BGD,RENEWABLE,TOT,PC_PRYENRGSUPPLY,A,1996,43.92,
BGD,RENEWABLE,TOT,PC_PRYENRGSUPPLY,A,1997,43.43,
BGD,RENEWABLE,TOT,PC_PRYENRGSUPPLY,A,1998,42.37,
BGD,RENEWABLE,TOT,PC_PRYENRGSUPPLY,A,1999,42.72,
BGD,RENEWABLE,TOT,PC_PRYENRGSUPPLY,A,2000,42.06,
BGD,RENEWABLE,TOT,PC_PRYENRGSUPPLY,A,2001,39.28,
BGD,RENEWABLE,TOT,PC_PRYENRGSUPPLY,A,2002,38.95,
BGD,RENEWABLE,TOT,PC_PRYENRGSUPPLY,A,2003,37.61,
BGD,RENEWABLE,TOT,PC_PRYENRGSUPPLY,A,2004,37.52,
BGD,RENEWABLE,TOT,PC_PRYENRGSUPPLY,A,2005,36.66,
BGD,RENEWABLE,TOT,PC_PRYENRGSUPPLY,A,2006,34.67,
BGD,RENEWABLE,TOT,PC_PRYENRGSUPPLY,A,2007,33.58,
BGD,RENEWABLE,TOT,PC_PRYENRGSUPPLY,A,2008,32.42,
BGD,RENEWABLE,TOT,PC_PRYENRGSUPPLY,A,2009,30.99,
BGD,RENEWABLE,TOT,PC_PRYENRGSUPPLY,A,2010,29.03,
BGD,RENEWABLE,TOT,PC_PRYENRGSUPPLY,A,2011,28.35,
BGD,RENEWABLE,TOT,PC_PRYENRGSUPPLY,A,2012,27.32,
BGD,RENEWABLE,TOT,PC_PRYENRGSUPPLY,A,2013,27.14,
BGD,RENEWABLE,TOT,PC_PRYENRGSUPPLY,A,2014,26.23,
BLR,RENEWABLE,TOT,PC_PRYENRGSUPPLY,A,1990,0.45,
BLR,RENEWABLE,TOT,PC_PRYENRGSUPPLY,A,1991,0.50,
BLR,RENEWABLE,TOT,PC_PRYENRGSUPPLY,A,1992,0.64,
BLR,RENEWABLE,TOT,PC_PRYENRGSUPPLY,A,1993,0.81,
BLR,RENEWABLE,TOT,PC_PRYENRGSUPPLY,A,1994,1.29,
BLR,RENEWABLE,TOT,PC_PRYENRGSUPPLY,A,1995,1.59,
BLR,RENEWABLE,TOT,PC_PRYENRGSUPPLY,A,1996,2.20,
BLR,RENEWABLE,TOT,PC_PRYENRGSUPPLY,A,1997,2.40,
BLR,RENEWABLE,TOT,PC_PRYENRGSUPPLY,A,1998,2.62,
BLR,RENEWABLE,TOT,PC_PRYENRGSUPPLY,A,1999,2.87,
BLR,RENEWABLE,TOT,PC_PRYENRGSUPPLY,A,2000,3.33,
BLR,RENEWABLE,TOT,PC_PRYENRGSUPPLY,A,2001,3.71,
BLR,RENEWABLE,TOT,PC_PRYENRGSUPPLY,A,2002,3.82,
BLR,RENEWABLE,TOT,PC_PRYENRGSUPPLY,A,2003,3.72,
BLR,RENEWABLE,TOT,PC_PRYENRGSUPPLY,A,2004,3.74,
BLR,RENEWABLE,TOT,PC_PRYENRGSUPPLY,A,2005,4.24,
BLR,RENEWABLE,TOT,PC_PRYENRGSUPPLY,A,2006,4.44,
BLR,RENEWABLE,TOT,PC_PRYENRGSUPPLY,A,2007,4.60,
BLR,RENEWABLE,TOT,PC_PRYENRGSUPPLY,A,2008,4.65,
BLR,RENEWABLE,TOT,PC_PRYENRGSUPPLY,A,2009,5.07,
BLR,RENEWABLE,TOT,PC_PRYENRGSUPPLY,A,2010,5.35,
BLR,RENEWABLE,TOT,PC_PRYENRGSUPPLY,A,2011,5.27,
BLR,RENEWABLE,TOT,PC_PRYENRGSUPPLY,A,2012,5.21,
BLR,RENEWABLE,TOT,PC_PRYENRGSUPPLY,A,2013,5.68,
BLR,RENEWABLE,TOT,PC_PRYENRGSUPPLY,A,2014,5.20,
BEN,RENEWABLE,TOT,PC_PRYENRGSUPPLY,A,1971,90.70,
BEN,RENEWABLE,TOT,PC_PRYENRGSUPPLY,A,1972,88.30,
BEN,RENEWABLE,TOT,PC_PRYENRGSUPPLY,A,1973,88.19,
BEN,RENEWABLE,TOT,PC_PRYENRGSUPPLY,A,1974,88.05,
BEN,RENEWABLE,TOT,PC_PRYENRGSUPPLY,A,1975,87.30,
BEN,RENEWABLE,TOT,PC_PRYENRGSUPPLY,A,1976,91.86,
BEN,RENEWABLE,TOT,PC_PRYENRGSUPPLY,A,1977,90.57,
BEN,RENEWABLE,TOT,PC_PRYENRGSUPPLY,A,1978,89.09,
BEN,RENEWABLE,TOT,PC_PRYENRGSUPPLY,A,1979,89.62,
BEN,RENEWABLE,TOT,PC_PRYENRGSUPPLY,A,1980,89.58,
BEN,RENEWABLE,TOT,PC_PRYENRGSUPPLY,A,1981,91.86,
BEN,RENEWABLE,TOT,PC_PRYENRGSUPPLY,A,1982,90.98,
BEN,RENEWABLE,TOT,PC_PRYENRGSUPPLY,A,1983,90.76,
BEN,RENEWABLE,TOT,PC_PRYENRGSUPPLY,A,1984,90.92,
BEN,RENEWABLE,TOT,PC_PRYENRGSUPPLY,A,1985,89.02,
BEN,RENEWABLE,TOT,PC_PRYENRGSUPPLY,A,1986,90.50,
BEN,RENEWABLE,TOT,PC_PRYENRGSUPPLY,A,1987,91.64,
BEN,RENEWABLE,TOT,PC_PRYENRGSUPPLY,A,1988,91.70,
BEN,RENEWABLE,TOT,PC_PRYENRGSUPPLY,A,1989,93.58,
BEN,RENEWABLE,TOT,PC_PRYENRGSUPPLY,A,1990,94.15,
BEN,RENEWABLE,TOT,PC_PRYENRGSUPPLY,A,1991,95.05,
BEN,RENEWABLE,TOT,PC_PRYENRGSUPPLY,A,1992,95.00,
BEN,RENEWABLE,TOT,PC_PRYENRGSUPPLY,A,1993,95.03,
BEN,RENEWABLE,TOT,PC_PRYENRGSUPPLY,A,1994,95.13,
BEN,RENEWABLE,TOT,PC_PRYENRGSUPPLY,A,1995,95.03,
BEN,RENEWABLE,TOT,PC_PRYENRGSUPPLY,A,1996,85.61,
BEN,RENEWABLE,TOT,PC_PRYENRGSUPPLY,A,1997,81.58,
BEN,RENEWABLE,TOT,PC_PRYENRGSUPPLY,A,1998,81.67,
BEN,RENEWABLE,TOT,PC_PRYENRGSUPPLY,A,1999,77.77,
BEN,RENEWABLE,TOT,PC_PRYENRGSUPPLY,A,2000,72.89,
BEN,RENEWABLE,TOT,PC_PRYENRGSUPPLY,A,2001,70.67,
BEN,RENEWABLE,TOT,PC_PRYENRGSUPPLY,A,2002,68.33,
BEN,RENEWABLE,TOT,PC_PRYENRGSUPPLY,A,2003,66.07,
BEN,RENEWABLE,TOT,PC_PRYENRGSUPPLY,A,2004,65.18,
BEN,RENEWABLE,TOT,PC_PRYENRGSUPPLY,A,2005,66.90,
BEN,RENEWABLE,TOT,PC_PRYENRGSUPPLY,A,2006,61.96,
BEN,RENEWABLE,TOT,PC_PRYENRGSUPPLY,A,2007,58.78,
BEN,RENEWABLE,TOT,PC_PRYENRGSUPPLY,A,2008,59.19,
BEN,RENEWABLE,TOT,PC_PRYENRGSUPPLY,A,2009,58.03,
BEN,RENEWABLE,TOT,PC_PRYENRGSUPPLY,A,2010,56.24,
BEN,RENEWABLE,TOT,PC_PRYENRGSUPPLY,A,2011,56.29,
BEN,RENEWABLE,TOT,PC_PRYENRGSUPPLY,A,2012,55.84,
BEN,RENEWABLE,TOT,PC_PRYENRGSUPPLY,A,2013,54.87,
BEN,RENEWABLE,TOT,PC_PRYENRGSUPPLY,A,2014,53.41,
BOL,RENEWABLE,TOT,PC_PRYENRGSUPPLY,A,1971,26.63,
BOL,RENEWABLE,TOT,PC_PRYENRGSUPPLY,A,1972,26.47,
BOL,RENEWABLE,TOT,PC_PRYENRGSUPPLY,A,1973,26.13,
BOL,RENEWABLE,TOT,PC_PRYENRGSUPPLY,A,1974,25.02,
BOL,RENEWABLE,TOT,PC_PRYENRGSUPPLY,A,1975,23.14,
BOL,RENEWABLE,TOT,PC_PRYENRGSUPPLY,A,1976,23.05,
BOL,RENEWABLE,TOT,PC_PRYENRGSUPPLY,A,1977,22.50,
BOL,RENEWABLE,TOT,PC_PRYENRGSUPPLY,A,1978,21.08,
BOL,RENEWABLE,TOT,PC_PRYENRGSUPPLY,A,1979,19.87,
BOL,RENEWABLE,TOT,PC_PRYENRGSUPPLY,A,1980,33.86,
BOL,RENEWABLE,TOT,PC_PRYENRGSUPPLY,A,1981,35.15,
BOL,RENEWABLE,TOT,PC_PRYENRGSUPPLY,A,1982,35.55,
BOL,RENEWABLE,TOT,PC_PRYENRGSUPPLY,A,1983,39.20,
BOL,RENEWABLE,TOT,PC_PRYENRGSUPPLY,A,1984,39.33,
BOL,RENEWABLE,TOT,PC_PRYENRGSUPPLY,A,1985,40.40,
BOL,RENEWABLE,TOT,PC_PRYENRGSUPPLY,A,1986,43.24,
BOL,RENEWABLE,TOT,PC_PRYENRGSUPPLY,A,1987,33.84,
BOL,RENEWABLE,TOT,PC_PRYENRGSUPPLY,A,1988,35.99,
BOL,RENEWABLE,TOT,PC_PRYENRGSUPPLY,A,1989,32.37,
BOL,RENEWABLE,TOT,PC_PRYENRGSUPPLY,A,1990,32.77,
BOL,RENEWABLE,TOT,PC_PRYENRGSUPPLY,A,1991,33.45,
BOL,RENEWABLE,TOT,PC_PRYENRGSUPPLY,A,1992,30.76,
BOL,RENEWABLE,TOT,PC_PRYENRGSUPPLY,A,1993,31.38,
BOL,RENEWABLE,TOT,PC_PRYENRGSUPPLY,A,1994,28.46,
BOL,RENEWABLE,TOT,PC_PRYENRGSUPPLY,A,1995,25.75,
BOL,RENEWABLE,TOT,PC_PRYENRGSUPPLY,A,1996,23.48,
BOL,RENEWABLE,TOT,PC_PRYENRGSUPPLY,A,1997,21.63,
BOL,RENEWABLE,TOT,PC_PRYENRGSUPPLY,A,1998,21.20,
BOL,RENEWABLE,TOT,PC_PRYENRGSUPPLY,A,1999,21.84,
BOL,RENEWABLE,TOT,PC_PRYENRGSUPPLY,A,2000,17.42,
BOL,RENEWABLE,TOT,PC_PRYENRGSUPPLY,A,2001,22.78,
BOL,RENEWABLE,TOT,PC_PRYENRGSUPPLY,A,2002,19.12,
BOL,RENEWABLE,TOT,PC_PRYENRGSUPPLY,A,2003,17.99,
BOL,RENEWABLE,TOT,PC_PRYENRGSUPPLY,A,2004,18.38,
BOL,RENEWABLE,TOT,PC_PRYENRGSUPPLY,A,2005,16.73,
BOL,RENEWABLE,TOT,PC_PRYENRGSUPPLY,A,2006,14.04,
BOL,RENEWABLE,TOT,PC_PRYENRGSUPPLY,A,2007,17.95,
BOL,RENEWABLE,TOT,PC_PRYENRGSUPPLY,A,2008,17.40,
BOL,RENEWABLE,TOT,PC_PRYENRGSUPPLY,A,2009,17.21,
BOL,RENEWABLE,TOT,PC_PRYENRGSUPPLY,A,2010,16.84,
BOL,RENEWABLE,TOT,PC_PRYENRGSUPPLY,A,2011,16.68,
BOL,RENEWABLE,TOT,PC_PRYENRGSUPPLY,A,2012,14.98,
BOL,RENEWABLE,TOT,PC_PRYENRGSUPPLY,A,2013,15.59,
BOL,RENEWABLE,TOT,PC_PRYENRGSUPPLY,A,2014,14.80,
BIH,RENEWABLE,TOT,PC_PRYENRGSUPPLY,A,1990,6.07,
BIH,RENEWABLE,TOT,PC_PRYENRGSUPPLY,A,1991,9.58,
BIH,RENEWABLE,TOT,PC_PRYENRGSUPPLY,A,1992,10.26,
BIH,RENEWABLE,TOT,PC_PRYENRGSUPPLY,A,1993,9.90,
BIH,RENEWABLE,TOT,PC_PRYENRGSUPPLY,A,1994,32.11,
BIH,RENEWABLE,TOT,PC_PRYENRGSUPPLY,A,1995,31.36,
BIH,RENEWABLE,TOT,PC_PRYENRGSUPPLY,A,1996,34.57,
BIH,RENEWABLE,TOT,PC_PRYENRGSUPPLY,A,1997,20.97,
BIH,RENEWABLE,TOT,PC_PRYENRGSUPPLY,A,1998,16.77,
BIH,RENEWABLE,TOT,PC_PRYENRGSUPPLY,A,1999,19.63,
BIH,RENEWABLE,TOT,PC_PRYENRGSUPPLY,A,2000,14.21,
BIH,RENEWABLE,TOT,PC_PRYENRGSUPPLY,A,2001,14.93,
BIH,RENEWABLE,TOT,PC_PRYENRGSUPPLY,A,2002,14.43,
BIH,RENEWABLE,TOT,PC_PRYENRGSUPPLY,A,2003,12.95,
BIH,RENEWABLE,TOT,PC_PRYENRGSUPPLY,A,2004,14.48,
BIH,RENEWABLE,TOT,PC_PRYENRGSUPPLY,A,2005,13.84,
BIH,RENEWABLE,TOT,PC_PRYENRGSUPPLY,A,2006,12.93,
BIH,RENEWABLE,TOT,PC_PRYENRGSUPPLY,A,2007,9.90,
BIH,RENEWABLE,TOT,PC_PRYENRGSUPPLY,A,2008,10.05,
BIH,RENEWABLE,TOT,PC_PRYENRGSUPPLY,A,2009,11.53,
BIH,RENEWABLE,TOT,PC_PRYENRGSUPPLY,A,2010,13.43,
BIH,RENEWABLE,TOT,PC_PRYENRGSUPPLY,A,2011,7.80,
BIH,RENEWABLE,TOT,PC_PRYENRGSUPPLY,A,2012,8.11,
BIH,RENEWABLE,TOT,PC_PRYENRGSUPPLY,A,2013,12.42,
BIH,RENEWABLE,TOT,PC_PRYENRGSUPPLY,A,2014,25.60,
BWA,RENEWABLE,TOT,PC_PRYENRGSUPPLY,A,1981,48.91,
BWA,RENEWABLE,TOT,PC_PRYENRGSUPPLY,A,1982,48.27,
BWA,RENEWABLE,TOT,PC_PRYENRGSUPPLY,A,1983,49.45,
BWA,RENEWABLE,TOT,PC_PRYENRGSUPPLY,A,1984,50.11,
BWA,RENEWABLE,TOT,PC_PRYENRGSUPPLY,A,1985,49.09,
BWA,RENEWABLE,TOT,PC_PRYENRGSUPPLY,A,1986,46.36,
BWA,RENEWABLE,TOT,PC_PRYENRGSUPPLY,A,1987,45.41,
BWA,RENEWABLE,TOT,PC_PRYENRGSUPPLY,A,1988,44.68,
BWA,RENEWABLE,TOT,PC_PRYENRGSUPPLY,A,1989,42.91,
BWA,RENEWABLE,TOT,PC_PRYENRGSUPPLY,A,1990,34.57,
BWA,RENEWABLE,TOT,PC_PRYENRGSUPPLY,A,1991,36.47,
BWA,RENEWABLE,TOT,PC_PRYENRGSUPPLY,A,1992,33.86,
BWA,RENEWABLE,TOT,PC_PRYENRGSUPPLY,A,1993,35.04,
BWA,RENEWABLE,TOT,PC_PRYENRGSUPPLY,A,1994,36.26,
BWA,RENEWABLE,TOT,PC_PRYENRGSUPPLY,A,1995,34.96,
BWA,RENEWABLE,TOT,PC_PRYENRGSUPPLY,A,1996,35.62,
BWA,RENEWABLE,TOT,PC_PRYENRGSUPPLY,A,1997,34.62,
BWA,RENEWABLE,TOT,PC_PRYENRGSUPPLY,A,1998,32.47,
BWA,RENEWABLE,TOT,PC_PRYENRGSUPPLY,A,1999,31.45,
BWA,RENEWABLE,TOT,PC_PRYENRGSUPPLY,A,2000,30.25,
BWA,RENEWABLE,TOT,PC_PRYENRGSUPPLY,A,2001,29.90,
BWA,RENEWABLE,TOT,PC_PRYENRGSUPPLY,A,2002,28.83,
BWA,RENEWABLE,TOT,PC_PRYENRGSUPPLY,A,2003,28.35,
BWA,RENEWABLE,TOT,PC_PRYENRGSUPPLY,A,2004,25.20,
BWA,RENEWABLE,TOT,PC_PRYENRGSUPPLY,A,2005,24.42,
BWA,RENEWABLE,TOT,PC_PRYENRGSUPPLY,A,2006,24.03,
BWA,RENEWABLE,TOT,PC_PRYENRGSUPPLY,A,2007,23.67,
BWA,RENEWABLE,TOT,PC_PRYENRGSUPPLY,A,2008,22.81,
BWA,RENEWABLE,TOT,PC_PRYENRGSUPPLY,A,2009,24.93,
BWA,RENEWABLE,TOT,PC_PRYENRGSUPPLY,A,2010,23.25,
BWA,RENEWABLE,TOT,PC_PRYENRGSUPPLY,A,2011,24.69,
BWA,RENEWABLE,TOT,PC_PRYENRGSUPPLY,A,2012,22.22,
BWA,RENEWABLE,TOT,PC_PRYENRGSUPPLY,A,2013,21.45,
BWA,RENEWABLE,TOT,PC_PRYENRGSUPPLY,A,2014,19.98,
BRA,RENEWABLE,TOT,PC_PRYENRGSUPPLY,A,1971,56.35,
BRA,RENEWABLE,TOT,PC_PRYENRGSUPPLY,A,1972,54.63,
BRA,RENEWABLE,TOT,PC_PRYENRGSUPPLY,A,1973,50.71,
BRA,RENEWABLE,TOT,PC_PRYENRGSUPPLY,A,1974,49.19,
BRA,RENEWABLE,TOT,PC_PRYENRGSUPPLY,A,1975,47.88,
BRA,RENEWABLE,TOT,PC_PRYENRGSUPPLY,A,1976,45.85,
BRA,RENEWABLE,TOT,PC_PRYENRGSUPPLY,A,1977,45.89,
BRA,RENEWABLE,TOT,PC_PRYENRGSUPPLY,A,1978,43.64,
BRA,RENEWABLE,TOT,PC_PRYENRGSUPPLY,A,1979,43.66,
BRA,RENEWABLE,TOT,PC_PRYENRGSUPPLY,A,1980,45.21,
BRA,RENEWABLE,TOT,PC_PRYENRGSUPPLY,A,1981,47.11,
BRA,RENEWABLE,TOT,PC_PRYENRGSUPPLY,A,1982,47.48,
BRA,RENEWABLE,TOT,PC_PRYENRGSUPPLY,A,1983,50.36,
BRA,RENEWABLE,TOT,PC_PRYENRGSUPPLY,A,1984,52.25,
BRA,RENEWABLE,TOT,PC_PRYENRGSUPPLY,A,1985,50.98,
BRA,RENEWABLE,TOT,PC_PRYENRGSUPPLY,A,1986,49.31,
BRA,RENEWABLE,TOT,PC_PRYENRGSUPPLY,A,1987,49.29,
BRA,RENEWABLE,TOT,PC_PRYENRGSUPPLY,A,1988,48.83,
BRA,RENEWABLE,TOT,PC_PRYENRGSUPPLY,A,1989,48.53,
BRA,RENEWABLE,TOT,PC_PRYENRGSUPPLY,A,1990,46.74,
BRA,RENEWABLE,TOT,PC_PRYENRGSUPPLY,A,1991,46.15,
BRA,RENEWABLE,TOT,PC_PRYENRGSUPPLY,A,1992,45.57,
BRA,RENEWABLE,TOT,PC_PRYENRGSUPPLY,A,1993,45.06,
BRA,RENEWABLE,TOT,PC_PRYENRGSUPPLY,A,1994,44.97,
BRA,RENEWABLE,TOT,PC_PRYENRGSUPPLY,A,1995,43.10,
BRA,RENEWABLE,TOT,PC_PRYENRGSUPPLY,A,1996,41.51,
BRA,RENEWABLE,TOT,PC_PRYENRGSUPPLY,A,1997,40.90,
BRA,RENEWABLE,TOT,PC_PRYENRGSUPPLY,A,1998,40.34,
BRA,RENEWABLE,TOT,PC_PRYENRGSUPPLY,A,1999,40.28,
BRA,RENEWABLE,TOT,PC_PRYENRGSUPPLY,A,2000,38.85,
BRA,RENEWABLE,TOT,PC_PRYENRGSUPPLY,A,2001,37.35,
BRA,RENEWABLE,TOT,PC_PRYENRGSUPPLY,A,2002,39.36,
BRA,RENEWABLE,TOT,PC_PRYENRGSUPPLY,A,2003,41.96,
BRA,RENEWABLE,TOT,PC_PRYENRGSUPPLY,A,2004,42.28,
BRA,RENEWABLE,TOT,PC_PRYENRGSUPPLY,A,2005,42.92,
BRA,RENEWABLE,TOT,PC_PRYENRGSUPPLY,A,2006,43.31,
BRA,RENEWABLE,TOT,PC_PRYENRGSUPPLY,A,2007,44.40,
BRA,RENEWABLE,TOT,PC_PRYENRGSUPPLY,A,2008,44.46,
BRA,RENEWABLE,TOT,PC_PRYENRGSUPPLY,A,2009,45.80,
BRA,RENEWABLE,TOT,PC_PRYENRGSUPPLY,A,2010,43.94,
BRA,RENEWABLE,TOT,PC_PRYENRGSUPPLY,A,2011,42.73,
BRA,RENEWABLE,TOT,PC_PRYENRGSUPPLY,A,2012,40.72,
BRA,RENEWABLE,TOT,PC_PRYENRGSUPPLY,A,2013,39.41,
BRA,RENEWABLE,TOT,PC_PRYENRGSUPPLY,A,2014,38.58,
BRN,RENEWABLE,TOT,PC_PRYENRGSUPPLY,A,1971,8.95,
BRN,RENEWABLE,TOT,PC_PRYENRGSUPPLY,A,1972,8.63,
BRN,RENEWABLE,TOT,PC_PRYENRGSUPPLY,A,1973,4.19,
BRN,RENEWABLE,TOT,PC_PRYENRGSUPPLY,A,1974,2.31,
BRN,RENEWABLE,TOT,PC_PRYENRGSUPPLY,A,1975,1.75,
BRN,RENEWABLE,TOT,PC_PRYENRGSUPPLY,A,1976,1.26,
BRN,RENEWABLE,TOT,PC_PRYENRGSUPPLY,A,1977,1.10,
BRN,RENEWABLE,TOT,PC_PRYENRGSUPPLY,A,1978,1.10,
BRN,RENEWABLE,TOT,PC_PRYENRGSUPPLY,A,1979,0.99,
BRN,RENEWABLE,TOT,PC_PRYENRGSUPPLY,A,1980,0.70,
BRN,RENEWABLE,TOT,PC_PRYENRGSUPPLY,A,1981,0.67,
BRN,RENEWABLE,TOT,PC_PRYENRGSUPPLY,A,1982,0.57,
BRN,RENEWABLE,TOT,PC_PRYENRGSUPPLY,A,1983,0.49,
BRN,RENEWABLE,TOT,PC_PRYENRGSUPPLY,A,1984,0.38,
BRN,RENEWABLE,TOT,PC_PRYENRGSUPPLY,A,1985,0.33,
BRN,RENEWABLE,TOT,PC_PRYENRGSUPPLY,A,1986,0.33,
BRN,RENEWABLE,TOT,PC_PRYENRGSUPPLY,A,1987,0.27,
BRN,RENEWABLE,TOT,PC_PRYENRGSUPPLY,A,1988,0.28,
BRN,RENEWABLE,TOT,PC_PRYENRGSUPPLY,A,1989,0.19,
BRN,RENEWABLE,TOT,PC_PRYENRGSUPPLY,A,1990,0.13,
BRN,RENEWABLE,TOT,PC_PRYENRGSUPPLY,A,1991,0.08,
BRN,RENEWABLE,TOT,PC_PRYENRGSUPPLY,A,1992,0.04,
BRN,RENEWABLE,TOT,PC_PRYENRGSUPPLY,A,1993,0.00,
BRN,RENEWABLE,TOT,PC_PRYENRGSUPPLY,A,1994,0.00,
BRN,RENEWABLE,TOT,PC_PRYENRGSUPPLY,A,1995,0.00,
BRN,RENEWABLE,TOT,PC_PRYENRGSUPPLY,A,1996,0.00,
BRN,RENEWABLE,TOT,PC_PRYENRGSUPPLY,A,1997,0.00,
BRN,RENEWABLE,TOT,PC_PRYENRGSUPPLY,A,1998,0.00,
BRN,RENEWABLE,TOT,PC_PRYENRGSUPPLY,A,1999,0.00,
BRN,RENEWABLE,TOT,PC_PRYENRGSUPPLY,A,2000,0.00,
BRN,RENEWABLE,TOT,PC_PRYENRGSUPPLY,A,2001,0.00,
BRN,RENEWABLE,TOT,PC_PRYENRGSUPPLY,A,2002,0.00,
BRN,RENEWABLE,TOT,PC_PRYENRGSUPPLY,A,2003,0.00,
BRN,RENEWABLE,TOT,PC_PRYENRGSUPPLY,A,2004,0.00,
BRN,RENEWABLE,TOT,PC_PRYENRGSUPPLY,A,2005,0.00,
BRN,RENEWABLE,TOT,PC_PRYENRGSUPPLY,A,2006,0.00,
BRN,RENEWABLE,TOT,PC_PRYENRGSUPPLY,A,2007,0.00,
BRN,RENEWABLE,TOT,PC_PRYENRGSUPPLY,A,2008,0.00,
BRN,RENEWABLE,TOT,PC_PRYENRGSUPPLY,A,2009,0.00,
BRN,RENEWABLE,TOT,PC_PRYENRGSUPPLY,A,2010,0.00,
BRN,RENEWABLE,TOT,PC_PRYENRGSUPPLY,A,2011,0.00,
BRN,RENEWABLE,TOT,PC_PRYENRGSUPPLY,A,2012,0.00,
BRN,RENEWABLE,TOT,PC_PRYENRGSUPPLY,A,2013,0.01,
BRN,RENEWABLE,TOT,PC_PRYENRGSUPPLY,A,2014,0.00,
BGR,RENEWABLE,TOT,PC_PRYENRGSUPPLY,A,1971,2.38,
BGR,RENEWABLE,TOT,PC_PRYENRGSUPPLY,A,1972,2.23,
BGR,RENEWABLE,TOT,PC_PRYENRGSUPPLY,A,1973,2.24,
BGR,RENEWABLE,TOT,PC_PRYENRGSUPPLY,A,1974,1.95,
BGR,RENEWABLE,TOT,PC_PRYENRGSUPPLY,A,1975,1.93,
BGR,RENEWABLE,TOT,PC_PRYENRGSUPPLY,A,1976,2.08,
BGR,RENEWABLE,TOT,PC_PRYENRGSUPPLY,A,1977,2.08,
BGR,RENEWABLE,TOT,PC_PRYENRGSUPPLY,A,1978,1.71,
BGR,RENEWABLE,TOT,PC_PRYENRGSUPPLY,A,1979,1.73,
BGR,RENEWABLE,TOT,PC_PRYENRGSUPPLY,A,1980,1.82,
BGR,RENEWABLE,TOT,PC_PRYENRGSUPPLY,A,1981,2.53,
BGR,RENEWABLE,TOT,PC_PRYENRGSUPPLY,A,1982,2.26,
BGR,RENEWABLE,TOT,PC_PRYENRGSUPPLY,A,1983,2.30,
BGR,RENEWABLE,TOT,PC_PRYENRGSUPPLY,A,1984,2.25,
BGR,RENEWABLE,TOT,PC_PRYENRGSUPPLY,A,1985,1.97,
BGR,RENEWABLE,TOT,PC_PRYENRGSUPPLY,A,1986,1.97,
BGR,RENEWABLE,TOT,PC_PRYENRGSUPPLY,A,1987,1.40,
BGR,RENEWABLE,TOT,PC_PRYENRGSUPPLY,A,1988,1.32,
BGR,RENEWABLE,TOT,PC_PRYENRGSUPPLY,A,1989,1.36,
BGR,RENEWABLE,TOT,PC_PRYENRGSUPPLY,A,1990,1.18,
BGR,RENEWABLE,TOT,PC_PRYENRGSUPPLY,A,1991,1.60,
BGR,RENEWABLE,TOT,PC_PRYENRGSUPPLY,A,1992,1.66,
BGR,RENEWABLE,TOT,PC_PRYENRGSUPPLY,A,1993,1.44,
BGR,RENEWABLE,TOT,PC_PRYENRGSUPPLY,A,1994,1.38,
BGR,RENEWABLE,TOT,PC_PRYENRGSUPPLY,A,1995,1.78,
BGR,RENEWABLE,TOT,PC_PRYENRGSUPPLY,A,1996,2.14,
BGR,RENEWABLE,TOT,PC_PRYENRGSUPPLY,A,1997,2.29,
BGR,RENEWABLE,TOT,PC_PRYENRGSUPPLY,A,1998,3.39,
BGR,RENEWABLE,TOT,PC_PRYENRGSUPPLY,A,1999,3.59,
BGR,RENEWABLE,TOT,PC_PRYENRGSUPPLY,A,2000,4.17,
BGR,RENEWABLE,TOT,PC_PRYENRGSUPPLY,A,2001,3.57,
BGR,RENEWABLE,TOT,PC_PRYENRGSUPPLY,A,2002,4.38,
BGR,RENEWABLE,TOT,PC_PRYENRGSUPPLY,A,2003,4.86,
BGR,RENEWABLE,TOT,PC_PRYENRGSUPPLY,A,2004,5.20,
BGR,RENEWABLE,TOT,PC_PRYENRGSUPPLY,A,2005,5.52,
BGR,RENEWABLE,TOT,PC_PRYENRGSUPPLY,A,2006,5.59,
BGR,RENEWABLE,TOT,PC_PRYENRGSUPPLY,A,2007,4.79,
BGR,RENEWABLE,TOT,PC_PRYENRGSUPPLY,A,2008,5.35,
BGR,RENEWABLE,TOT,PC_PRYENRGSUPPLY,A,2009,6.36,
BGR,RENEWABLE,TOT,PC_PRYENRGSUPPLY,A,2010,8.19,
BGR,RENEWABLE,TOT,PC_PRYENRGSUPPLY,A,2011,7.09,
BGR,RENEWABLE,TOT,PC_PRYENRGSUPPLY,A,2012,8.85,
BGR,RENEWABLE,TOT,PC_PRYENRGSUPPLY,A,2013,10.69,
BGR,RENEWABLE,TOT,PC_PRYENRGSUPPLY,A,2014,9.97,
KHM,RENEWABLE,TOT,PC_PRYENRGSUPPLY,A,1995,81.98,
KHM,RENEWABLE,TOT,PC_PRYENRGSUPPLY,A,1996,82.08,
KHM,RENEWABLE,TOT,PC_PRYENRGSUPPLY,A,1997,81.58,
KHM,RENEWABLE,TOT,PC_PRYENRGSUPPLY,A,1998,81.59,
KHM,RENEWABLE,TOT,PC_PRYENRGSUPPLY,A,1999,80.49,
KHM,RENEWABLE,TOT,PC_PRYENRGSUPPLY,A,2000,79.66,
KHM,RENEWABLE,TOT,PC_PRYENRGSUPPLY,A,2001,78.36,
KHM,RENEWABLE,TOT,PC_PRYENRGSUPPLY,A,2002,81.36,
KHM,RENEWABLE,TOT,PC_PRYENRGSUPPLY,A,2003,80.43,
KHM,RENEWABLE,TOT,PC_PRYENRGSUPPLY,A,2004,75.52,
KHM,RENEWABLE,TOT,PC_PRYENRGSUPPLY,A,2005,72.64,
KHM,RENEWABLE,TOT,PC_PRYENRGSUPPLY,A,2006,70.32,
KHM,RENEWABLE,TOT,PC_PRYENRGSUPPLY,A,2007,66.57,
KHM,RENEWABLE,TOT,PC_PRYENRGSUPPLY,A,2008,65.30,
KHM,RENEWABLE,TOT,PC_PRYENRGSUPPLY,A,2009,70.91,
KHM,RENEWABLE,TOT,PC_PRYENRGSUPPLY,A,2010,68.33,
KHM,RENEWABLE,TOT,PC_PRYENRGSUPPLY,A,2011,68.42,
KHM,RENEWABLE,TOT,PC_PRYENRGSUPPLY,A,2012,68.07,
KHM,RENEWABLE,TOT,PC_PRYENRGSUPPLY,A,2013,68.36,
KHM,RENEWABLE,TOT,PC_PRYENRGSUPPLY,A,2014,66.88,
CMR,RENEWABLE,TOT,PC_PRYENRGSUPPLY,A,1971,90.99,
CMR,RENEWABLE,TOT,PC_PRYENRGSUPPLY,A,1972,90.78,
CMR,RENEWABLE,TOT,PC_PRYENRGSUPPLY,A,1973,90.63,
CMR,RENEWABLE,TOT,PC_PRYENRGSUPPLY,A,1974,90.53,
CMR,RENEWABLE,TOT,PC_PRYENRGSUPPLY,A,1975,88.61,
CMR,RENEWABLE,TOT,PC_PRYENRGSUPPLY,A,1976,89.53,
CMR,RENEWABLE,TOT,PC_PRYENRGSUPPLY,A,1977,85.93,
CMR,RENEWABLE,TOT,PC_PRYENRGSUPPLY,A,1978,85.64,
CMR,RENEWABLE,TOT,PC_PRYENRGSUPPLY,A,1979,84.96,
CMR,RENEWABLE,TOT,PC_PRYENRGSUPPLY,A,1980,84.43,
CMR,RENEWABLE,TOT,PC_PRYENRGSUPPLY,A,1981,83.47,
CMR,RENEWABLE,TOT,PC_PRYENRGSUPPLY,A,1982,82.23,
CMR,RENEWABLE,TOT,PC_PRYENRGSUPPLY,A,1983,81.39,
CMR,RENEWABLE,TOT,PC_PRYENRGSUPPLY,A,1984,80.82,
CMR,RENEWABLE,TOT,PC_PRYENRGSUPPLY,A,1985,79.99,
CMR,RENEWABLE,TOT,PC_PRYENRGSUPPLY,A,1986,80.73,
CMR,RENEWABLE,TOT,PC_PRYENRGSUPPLY,A,1987,81.18,
CMR,RENEWABLE,TOT,PC_PRYENRGSUPPLY,A,1988,80.83,
CMR,RENEWABLE,TOT,PC_PRYENRGSUPPLY,A,1989,80.08,
CMR,RENEWABLE,TOT,PC_PRYENRGSUPPLY,A,1990,81.29,
CMR,RENEWABLE,TOT,PC_PRYENRGSUPPLY,A,1991,82.61,
CMR,RENEWABLE,TOT,PC_PRYENRGSUPPLY,A,1992,83.89,
CMR,RENEWABLE,TOT,PC_PRYENRGSUPPLY,A,1993,83.35,
CMR,RENEWABLE,TOT,PC_PRYENRGSUPPLY,A,1994,83.10,
CMR,RENEWABLE,TOT,PC_PRYENRGSUPPLY,A,1995,83.93,
CMR,RENEWABLE,TOT,PC_PRYENRGSUPPLY,A,1996,84.31,
CMR,RENEWABLE,TOT,PC_PRYENRGSUPPLY,A,1997,83.85,
CMR,RENEWABLE,TOT,PC_PRYENRGSUPPLY,A,1998,83.64,
CMR,RENEWABLE,TOT,PC_PRYENRGSUPPLY,A,1999,85.35,
CMR,RENEWABLE,TOT,PC_PRYENRGSUPPLY,A,2000,83.69,
CMR,RENEWABLE,TOT,PC_PRYENRGSUPPLY,A,2001,84.48,
CMR,RENEWABLE,TOT,PC_PRYENRGSUPPLY,A,2002,84.19,
CMR,RENEWABLE,TOT,PC_PRYENRGSUPPLY,A,2003,83.35,
CMR,RENEWABLE,TOT,PC_PRYENRGSUPPLY,A,2004,83.31,
CMR,RENEWABLE,TOT,PC_PRYENRGSUPPLY,A,2005,84.67,
CMR,RENEWABLE,TOT,PC_PRYENRGSUPPLY,A,2006,82.96,
CMR,RENEWABLE,TOT,PC_PRYENRGSUPPLY,A,2007,71.11,
CMR,RENEWABLE,TOT,PC_PRYENRGSUPPLY,A,2008,72.38,
CMR,RENEWABLE,TOT,PC_PRYENRGSUPPLY,A,2009,69.11,
CMR,RENEWABLE,TOT,PC_PRYENRGSUPPLY,A,2010,68.84,
CMR,RENEWABLE,TOT,PC_PRYENRGSUPPLY,A,2011,73.27,
CMR,RENEWABLE,TOT,PC_PRYENRGSUPPLY,A,2012,72.52,
CMR,RENEWABLE,TOT,PC_PRYENRGSUPPLY,A,2013,70.64,
CMR,RENEWABLE,TOT,PC_PRYENRGSUPPLY,A,2014,70.14,
CHL,RENEWABLE,TOT,PC_PRYENRGSUPPLY,A,1971,20.78,
CHL,RENEWABLE,TOT,PC_PRYENRGSUPPLY,A,1972,20.92,
CHL,RENEWABLE,TOT,PC_PRYENRGSUPPLY,A,1973,21.25,
CHL,RENEWABLE,TOT,PC_PRYENRGSUPPLY,A,1974,23.02,
CHL,RENEWABLE,TOT,PC_PRYENRGSUPPLY,A,1975,25.67,
CHL,RENEWABLE,TOT,PC_PRYENRGSUPPLY,A,1976,25.34,
CHL,RENEWABLE,TOT,PC_PRYENRGSUPPLY,A,1977,25.65,
CHL,RENEWABLE,TOT,PC_PRYENRGSUPPLY,A,1978,26.32,
CHL,RENEWABLE,TOT,PC_PRYENRGSUPPLY,A,1979,25.64,
CHL,RENEWABLE,TOT,PC_PRYENRGSUPPLY,A,1980,26.06,
CHL,RENEWABLE,TOT,PC_PRYENRGSUPPLY,A,1981,26.01,
CHL,RENEWABLE,TOT,PC_PRYENRGSUPPLY,A,1982,29.78,
CHL,RENEWABLE,TOT,PC_PRYENRGSUPPLY,A,1983,31.56,
CHL,RENEWABLE,TOT,PC_PRYENRGSUPPLY,A,1984,31.73,
CHL,RENEWABLE,TOT,PC_PRYENRGSUPPLY,A,1985,33.19,
CHL,RENEWABLE,TOT,PC_PRYENRGSUPPLY,A,1986,33.29,
CHL,RENEWABLE,TOT,PC_PRYENRGSUPPLY,A,1987,34.09,
CHL,RENEWABLE,TOT,PC_PRYENRGSUPPLY,A,1988,30.69,
CHL,RENEWABLE,TOT,PC_PRYENRGSUPPLY,A,1989,26.19,
CHL,RENEWABLE,TOT,PC_PRYENRGSUPPLY,A,1990,27.84,
CHL,RENEWABLE,TOT,PC_PRYENRGSUPPLY,A,1991,31.96,
CHL,RENEWABLE,TOT,PC_PRYENRGSUPPLY,A,1992,33.64,
CHL,RENEWABLE,TOT,PC_PRYENRGSUPPLY,A,1993,31.93,
CHL,RENEWABLE,TOT,PC_PRYENRGSUPPLY,A,1994,30.18,
CHL,RENEWABLE,TOT,PC_PRYENRGSUPPLY,A,1995,29.99,
CHL,RENEWABLE,TOT,PC_PRYENRGSUPPLY,A,1996,27.61,
CHL,RENEWABLE,TOT,PC_PRYENRGSUPPLY,A,1997,25.34,
CHL,RENEWABLE,TOT,PC_PRYENRGSUPPLY,A,1998,24.47,
CHL,RENEWABLE,TOT,PC_PRYENRGSUPPLY,A,1999,22.80,
CHL,RENEWABLE,TOT,PC_PRYENRGSUPPLY,A,2000,25.08,
CHL,RENEWABLE,TOT,PC_PRYENRGSUPPLY,A,2001,26.41,
CHL,RENEWABLE,TOT,PC_PRYENRGSUPPLY,A,2002,26.19,
CHL,RENEWABLE,TOT,PC_PRYENRGSUPPLY,A,2003,24.79,
CHL,RENEWABLE,TOT,PC_PRYENRGSUPPLY,A,2004,24.22,
CHL,RENEWABLE,TOT,PC_PRYENRGSUPPLY,A,2005,25.10,
CHL,RENEWABLE,TOT,PC_PRYENRGSUPPLY,A,2006,25.33,
CHL,RENEWABLE,TOT,PC_PRYENRGSUPPLY,A,2007,23.52,
CHL,RENEWABLE,TOT,PC_PRYENRGSUPPLY,A,2008,24.49,
CHL,RENEWABLE,TOT,PC_PRYENRGSUPPLY,A,2009,26.13,
CHL,RENEWABLE,TOT,PC_PRYENRGSUPPLY,A,2010,22.13,
CHL,RENEWABLE,TOT,PC_PRYENRGSUPPLY,A,2011,23.13,
CHL,RENEWABLE,TOT,PC_PRYENRGSUPPLY,A,2012,29.96,
CHL,RENEWABLE,TOT,PC_PRYENRGSUPPLY,A,2013,31.28,
CHL,RENEWABLE,TOT,PC_PRYENRGSUPPLY,A,2014,26.45,
CHL,RENEWABLE,TOT,PC_PRYENRGSUPPLY,A,2015,26.59,
CHN,RENEWABLE,TOT,PC_PRYENRGSUPPLY,A,1971,40.10,
CHN,RENEWABLE,TOT,PC_PRYENRGSUPPLY,A,1972,39.14,
CHN,RENEWABLE,TOT,PC_PRYENRGSUPPLY,A,1973,38.68,
CHN,RENEWABLE,TOT,PC_PRYENRGSUPPLY,A,1974,38.56,
CHN,RENEWABLE,TOT,PC_PRYENRGSUPPLY,A,1975,35.56,
CHN,RENEWABLE,TOT,PC_PRYENRGSUPPLY,A,1976,34.92,
CHN,RENEWABLE,TOT,PC_PRYENRGSUPPLY,A,1977,32.52,
CHN,RENEWABLE,TOT,PC_PRYENRGSUPPLY,A,1978,30.36,
CHN,RENEWABLE,TOT,PC_PRYENRGSUPPLY,A,1979,30.34,
CHN,RENEWABLE,TOT,PC_PRYENRGSUPPLY,A,1980,30.93,
CHN,RENEWABLE,TOT,PC_PRYENRGSUPPLY,A,1981,31.61,
CHN,RENEWABLE,TOT,PC_PRYENRGSUPPLY,A,1982,31.12,
CHN,RENEWABLE,TOT,PC_PRYENRGSUPPLY,A,1983,30.39,
CHN,RENEWABLE,TOT,PC_PRYENRGSUPPLY,A,1984,28.83,
CHN,RENEWABLE,TOT,PC_PRYENRGSUPPLY,A,1985,28.42,
CHN,RENEWABLE,TOT,PC_PRYENRGSUPPLY,A,1986,27.76,
CHN,RENEWABLE,TOT,PC_PRYENRGSUPPLY,A,1987,26.75,
CHN,RENEWABLE,TOT,PC_PRYENRGSUPPLY,A,1988,25.75,
CHN,RENEWABLE,TOT,PC_PRYENRGSUPPLY,A,1989,25.66,
CHN,RENEWABLE,TOT,PC_PRYENRGSUPPLY,A,1990,24.27,
CHN,RENEWABLE,TOT,PC_PRYENRGSUPPLY,A,1991,25.14,
CHN,RENEWABLE,TOT,PC_PRYENRGSUPPLY,A,1992,24.52,
CHN,RENEWABLE,TOT,PC_PRYENRGSUPPLY,A,1993,23.45,
CHN,RENEWABLE,TOT,PC_PRYENRGSUPPLY,A,1994,22.58,
CHN,RENEWABLE,TOT,PC_PRYENRGSUPPLY,A,1995,21.30,
CHN,RENEWABLE,TOT,PC_PRYENRGSUPPLY,A,1996,20.69,
CHN,RENEWABLE,TOT,PC_PRYENRGSUPPLY,A,1997,20.77,
CHN,RENEWABLE,TOT,PC_PRYENRGSUPPLY,A,1998,20.72,
CHN,RENEWABLE,TOT,PC_PRYENRGSUPPLY,A,1999,20.31,
CHN,RENEWABLE,TOT,PC_PRYENRGSUPPLY,A,2000,19.84,
CHN,RENEWABLE,TOT,PC_PRYENRGSUPPLY,A,2001,19.48,
CHN,RENEWABLE,TOT,PC_PRYENRGSUPPLY,A,2002,18.33,
CHN,RENEWABLE,TOT,PC_PRYENRGSUPPLY,A,2003,16.03,
CHN,RENEWABLE,TOT,PC_PRYENRGSUPPLY,A,2004,14.44,
CHN,RENEWABLE,TOT,PC_PRYENRGSUPPLY,A,2005,13.40,
CHN,RENEWABLE,TOT,PC_PRYENRGSUPPLY,A,2006,12.48,
CHN,RENEWABLE,TOT,PC_PRYENRGSUPPLY,A,2007,11.88,
CHN,RENEWABLE,TOT,PC_PRYENRGSUPPLY,A,2008,12.02,
CHN,RENEWABLE,TOT,PC_PRYENRGSUPPLY,A,2009,11.63,
CHN,RENEWABLE,TOT,PC_PRYENRGSUPPLY,A,2010,10.97,
CHN,RENEWABLE,TOT,PC_PRYENRGSUPPLY,A,2011,10.34,
CHN,RENEWABLE,TOT,PC_PRYENRGSUPPLY,A,2012,10.64,
CHN,RENEWABLE,TOT,PC_PRYENRGSUPPLY,A,2013,10.83,
CHN,RENEWABLE,TOT,PC_PRYENRGSUPPLY,A,2014,11.24,
COL,RENEWABLE,TOT,PC_PRYENRGSUPPLY,A,1971,36.06,
COL,RENEWABLE,TOT,PC_PRYENRGSUPPLY,A,1972,31.95,
COL,RENEWABLE,TOT,PC_PRYENRGSUPPLY,A,1973,29.29,
COL,RENEWABLE,TOT,PC_PRYENRGSUPPLY,A,1974,27.61,
COL,RENEWABLE,TOT,PC_PRYENRGSUPPLY,A,1975,33.00,
COL,RENEWABLE,TOT,PC_PRYENRGSUPPLY,A,1976,32.00,
COL,RENEWABLE,TOT,PC_PRYENRGSUPPLY,A,1977,32.00,
COL,RENEWABLE,TOT,PC_PRYENRGSUPPLY,A,1978,33.97,
COL,RENEWABLE,TOT,PC_PRYENRGSUPPLY,A,1979,36.02,
COL,RENEWABLE,TOT,PC_PRYENRGSUPPLY,A,1980,33.67,
COL,RENEWABLE,TOT,PC_PRYENRGSUPPLY,A,1981,32.97,
COL,RENEWABLE,TOT,PC_PRYENRGSUPPLY,A,1982,33.23,
COL,RENEWABLE,TOT,PC_PRYENRGSUPPLY,A,1983,32.23,
COL,RENEWABLE,TOT,PC_PRYENRGSUPPLY,A,1984,32.65,
COL,RENEWABLE,TOT,PC_PRYENRGSUPPLY,A,1985,33.51,
COL,RENEWABLE,TOT,PC_PRYENRGSUPPLY,A,1986,32.17,
COL,RENEWABLE,TOT,PC_PRYENRGSUPPLY,A,1987,32.27,
COL,RENEWABLE,TOT,PC_PRYENRGSUPPLY,A,1988,32.46,
COL,RENEWABLE,TOT,PC_PRYENRGSUPPLY,A,1989,33.33,
COL,RENEWABLE,TOT,PC_PRYENRGSUPPLY,A,1990,32.55,
COL,RENEWABLE,TOT,PC_PRYENRGSUPPLY,A,1991,31.70,
COL,RENEWABLE,TOT,PC_PRYENRGSUPPLY,A,1992,29.07,
COL,RENEWABLE,TOT,PC_PRYENRGSUPPLY,A,1993,29.54,
COL,RENEWABLE,TOT,PC_PRYENRGSUPPLY,A,1994,30.73,
COL,RENEWABLE,TOT,PC_PRYENRGSUPPLY,A,1995,30.37,
COL,RENEWABLE,TOT,PC_PRYENRGSUPPLY,A,1996,30.05,
COL,RENEWABLE,TOT,PC_PRYENRGSUPPLY,A,1997,24.09,
COL,RENEWABLE,TOT,PC_PRYENRGSUPPLY,A,1998,22.73,
COL,RENEWABLE,TOT,PC_PRYENRGSUPPLY,A,1999,26.47,
COL,RENEWABLE,TOT,PC_PRYENRGSUPPLY,A,2000,23.97,
COL,RENEWABLE,TOT,PC_PRYENRGSUPPLY,A,2001,23.38,
COL,RENEWABLE,TOT,PC_PRYENRGSUPPLY,A,2002,25.26,
COL,RENEWABLE,TOT,PC_PRYENRGSUPPLY,A,2003,26.40,
COL,RENEWABLE,TOT,PC_PRYENRGSUPPLY,A,2004,25.61,
COL,RENEWABLE,TOT,PC_PRYENRGSUPPLY,A,2005,24.63,
COL,RENEWABLE,TOT,PC_PRYENRGSUPPLY,A,2006,25.26,
COL,RENEWABLE,TOT,PC_PRYENRGSUPPLY,A,2007,25.84,
COL,RENEWABLE,TOT,PC_PRYENRGSUPPLY,A,2008,25.43,
COL,RENEWABLE,TOT,PC_PRYENRGSUPPLY,A,2009,22.99,
COL,RENEWABLE,TOT,PC_PRYENRGSUPPLY,A,2010,23.26,
COL,RENEWABLE,TOT,PC_PRYENRGSUPPLY,A,2011,24.70,
COL,RENEWABLE,TOT,PC_PRYENRGSUPPLY,A,2012,24.64,
COL,RENEWABLE,TOT,PC_PRYENRGSUPPLY,A,2013,23.58,
COL,RENEWABLE,TOT,PC_PRYENRGSUPPLY,A,2014,23.52,
COG,RENEWABLE,TOT,PC_PRYENRGSUPPLY,A,1971,62.40,
COG,RENEWABLE,TOT,PC_PRYENRGSUPPLY,A,1972,61.82,
COG,RENEWABLE,TOT,PC_PRYENRGSUPPLY,A,1973,62.33,
COG,RENEWABLE,TOT,PC_PRYENRGSUPPLY,A,1974,62.66,
COG,RENEWABLE,TOT,PC_PRYENRGSUPPLY,A,1975,63.08,
COG,RENEWABLE,TOT,PC_PRYENRGSUPPLY,A,1976,58.64,
COG,RENEWABLE,TOT,PC_PRYENRGSUPPLY,A,1977,62.53,
COG,RENEWABLE,TOT,PC_PRYENRGSUPPLY,A,1978,60.76,
COG,RENEWABLE,TOT,PC_PRYENRGSUPPLY,A,1979,62.93,
COG,RENEWABLE,TOT,PC_PRYENRGSUPPLY,A,1980,62.25,
COG,RENEWABLE,TOT,PC_PRYENRGSUPPLY,A,1981,61.59,
COG,RENEWABLE,TOT,PC_PRYENRGSUPPLY,A,1982,60.13,
COG,RENEWABLE,TOT,PC_PRYENRGSUPPLY,A,1983,55.41,
COG,RENEWABLE,TOT,PC_PRYENRGSUPPLY,A,1984,58.67,
COG,RENEWABLE,TOT,PC_PRYENRGSUPPLY,A,1985,58.05,
COG,RENEWABLE,TOT,PC_PRYENRGSUPPLY,A,1986,60.11,
COG,RENEWABLE,TOT,PC_PRYENRGSUPPLY,A,1987,60.65,
COG,RENEWABLE,TOT,PC_PRYENRGSUPPLY,A,1988,63.94,
COG,RENEWABLE,TOT,PC_PRYENRGSUPPLY,A,1989,64.28,
COG,RENEWABLE,TOT,PC_PRYENRGSUPPLY,A,1990,65.59,
COG,RENEWABLE,TOT,PC_PRYENRGSUPPLY,A,1991,64.19,
COG,RENEWABLE,TOT,PC_PRYENRGSUPPLY,A,1992,65.86,
COG,RENEWABLE,TOT,PC_PRYENRGSUPPLY,A,1993,66.20,
COG,RENEWABLE,TOT,PC_PRYENRGSUPPLY,A,1994,77.93,
COG,RENEWABLE,TOT,PC_PRYENRGSUPPLY,A,1995,68.58,
COG,RENEWABLE,TOT,PC_PRYENRGSUPPLY,A,1996,76.88,
COG,RENEWABLE,TOT,PC_PRYENRGSUPPLY,A,1997,80.99,
COG,RENEWABLE,TOT,PC_PRYENRGSUPPLY,A,1998,82.68,
COG,RENEWABLE,TOT,PC_PRYENRGSUPPLY,A,1999,81.02,
COG,RENEWABLE,TOT,PC_PRYENRGSUPPLY,A,2000,70.60,
COG,RENEWABLE,TOT,PC_PRYENRGSUPPLY,A,2001,67.41,
COG,RENEWABLE,TOT,PC_PRYENRGSUPPLY,A,2002,71.84,
COG,RENEWABLE,TOT,PC_PRYENRGSUPPLY,A,2003,64.23,
COG,RENEWABLE,TOT,PC_PRYENRGSUPPLY,A,2004,64.24,
COG,RENEWABLE,TOT,PC_PRYENRGSUPPLY,A,2005,63.38,
COG,RENEWABLE,TOT,PC_PRYENRGSUPPLY,A,2006,68.53,
COG,RENEWABLE,TOT,PC_PRYENRGSUPPLY,A,2007,61.78,
COG,RENEWABLE,TOT,PC_PRYENRGSUPPLY,A,2008,61.72,
COG,RENEWABLE,TOT,PC_PRYENRGSUPPLY,A,2009,57.29,
COG,RENEWABLE,TOT,PC_PRYENRGSUPPLY,A,2010,56.52,
COG,RENEWABLE,TOT,PC_PRYENRGSUPPLY,A,2011,63.31,
COG,RENEWABLE,TOT,PC_PRYENRGSUPPLY,A,2012,58.44,
COG,RENEWABLE,TOT,PC_PRYENRGSUPPLY,A,2013,58.27,
COG,RENEWABLE,TOT,PC_PRYENRGSUPPLY,A,2014,59.53,
CRI,RENEWABLE,TOT,PC_PRYENRGSUPPLY,A,1971,41.72,
CRI,RENEWABLE,TOT,PC_PRYENRGSUPPLY,A,1972,41.57,
CRI,RENEWABLE,TOT,PC_PRYENRGSUPPLY,A,1973,39.02,
CRI,RENEWABLE,TOT,PC_PRYENRGSUPPLY,A,1974,40.80,
CRI,RENEWABLE,TOT,PC_PRYENRGSUPPLY,A,1975,38.89,
CRI,RENEWABLE,TOT,PC_PRYENRGSUPPLY,A,1976,40.56,
CRI,RENEWABLE,TOT,PC_PRYENRGSUPPLY,A,1977,35.08,
CRI,RENEWABLE,TOT,PC_PRYENRGSUPPLY,A,1978,34.47,
CRI,RENEWABLE,TOT,PC_PRYENRGSUPPLY,A,1979,35.09,
CRI,RENEWABLE,TOT,PC_PRYENRGSUPPLY,A,1980,39.53,
CRI,RENEWABLE,TOT,PC_PRYENRGSUPPLY,A,1981,43.89,
CRI,RENEWABLE,TOT,PC_PRYENRGSUPPLY,A,1982,45.84,
CRI,RENEWABLE,TOT,PC_PRYENRGSUPPLY,A,1983,50.77,
CRI,RENEWABLE,TOT,PC_PRYENRGSUPPLY,A,1984,50.93,
CRI,RENEWABLE,TOT,PC_PRYENRGSUPPLY,A,1985,47.31,
CRI,RENEWABLE,TOT,PC_PRYENRGSUPPLY,A,1986,46.16,
CRI,RENEWABLE,TOT,PC_PRYENRGSUPPLY,A,1987,44.27,
CRI,RENEWABLE,TOT,PC_PRYENRGSUPPLY,A,1988,44.32,
CRI,RENEWABLE,TOT,PC_PRYENRGSUPPLY,A,1989,40.86,
CRI,RENEWABLE,TOT,PC_PRYENRGSUPPLY,A,1990,40.65,
CRI,RENEWABLE,TOT,PC_PRYENRGSUPPLY,A,1991,40.51,
CRI,RENEWABLE,TOT,PC_PRYENRGSUPPLY,A,1992,41.14,
CRI,RENEWABLE,TOT,PC_PRYENRGSUPPLY,A,1993,41.70,
CRI,RENEWABLE,TOT,PC_PRYENRGSUPPLY,A,1994,42.63,
CRI,RENEWABLE,TOT,PC_PRYENRGSUPPLY,A,1995,40.61,
CRI,RENEWABLE,TOT,PC_PRYENRGSUPPLY,A,1996,42.29,
CRI,RENEWABLE,TOT,PC_PRYENRGSUPPLY,A,1997,41.56,
CRI,RENEWABLE,TOT,PC_PRYENRGSUPPLY,A,1998,36.24,
CRI,RENEWABLE,TOT,PC_PRYENRGSUPPLY,A,1999,39.41,
CRI,RENEWABLE,TOT,PC_PRYENRGSUPPLY,A,2000,42.39,
CRI,RENEWABLE,TOT,PC_PRYENRGSUPPLY,A,2001,43.53,
CRI,RENEWABLE,TOT,PC_PRYENRGSUPPLY,A,2002,46.18,
CRI,RENEWABLE,TOT,PC_PRYENRGSUPPLY,A,2003,43.61,
CRI,RENEWABLE,TOT,PC_PRYENRGSUPPLY,A,2004,52.54,
CRI,RENEWABLE,TOT,PC_PRYENRGSUPPLY,A,2005,53.08,
CRI,RENEWABLE,TOT,PC_PRYENRGSUPPLY,A,2006,52.10,
CRI,RENEWABLE,TOT,PC_PRYENRGSUPPLY,A,2007,50.63,
CRI,RENEWABLE,TOT,PC_PRYENRGSUPPLY,A,2008,51.13,
CRI,RENEWABLE,TOT,PC_PRYENRGSUPPLY,A,2009,51.90,
CRI,RENEWABLE,TOT,PC_PRYENRGSUPPLY,A,2010,52.43,
CRI,RENEWABLE,TOT,PC_PRYENRGSUPPLY,A,2011,51.80,
CRI,RENEWABLE,TOT,PC_PRYENRGSUPPLY,A,2012,52.08,
CRI,RENEWABLE,TOT,PC_PRYENRGSUPPLY,A,2013,50.95,
CRI,RENEWABLE,TOT,PC_PRYENRGSUPPLY,A,2014,50.17,
CIV,RENEWABLE,TOT,PC_PRYENRGSUPPLY,A,1971,66.77,
CIV,RENEWABLE,TOT,PC_PRYENRGSUPPLY,A,1972,65.40,
CIV,RENEWABLE,TOT,PC_PRYENRGSUPPLY,A,1973,65.33,
CIV,RENEWABLE,TOT,PC_PRYENRGSUPPLY,A,1974,65.08,
CIV,RENEWABLE,TOT,PC_PRYENRGSUPPLY,A,1975,64.16,
CIV,RENEWABLE,TOT,PC_PRYENRGSUPPLY,A,1976,61.52,
CIV,RENEWABLE,TOT,PC_PRYENRGSUPPLY,A,1977,62.16,
CIV,RENEWABLE,TOT,PC_PRYENRGSUPPLY,A,1978,60.06,
CIV,RENEWABLE,TOT,PC_PRYENRGSUPPLY,A,1979,62.87,
CIV,RENEWABLE,TOT,PC_PRYENRGSUPPLY,A,1980,65.57,
CIV,RENEWABLE,TOT,PC_PRYENRGSUPPLY,A,1981,69.01,
CIV,RENEWABLE,TOT,PC_PRYENRGSUPPLY,A,1982,71.67,
CIV,RENEWABLE,TOT,PC_PRYENRGSUPPLY,A,1983,74.08,
CIV,RENEWABLE,TOT,PC_PRYENRGSUPPLY,A,1984,73.78,
CIV,RENEWABLE,TOT,PC_PRYENRGSUPPLY,A,1985,75.05,
CIV,RENEWABLE,TOT,PC_PRYENRGSUPPLY,A,1986,69.62,
CIV,RENEWABLE,TOT,PC_PRYENRGSUPPLY,A,1987,70.13,
CIV,RENEWABLE,TOT,PC_PRYENRGSUPPLY,A,1988,71.64,
CIV,RENEWABLE,TOT,PC_PRYENRGSUPPLY,A,1989,72.41,
CIV,RENEWABLE,TOT,PC_PRYENRGSUPPLY,A,1990,75.71,
CIV,RENEWABLE,TOT,PC_PRYENRGSUPPLY,A,1991,75.97,
CIV,RENEWABLE,TOT,PC_PRYENRGSUPPLY,A,1992,71.55,
CIV,RENEWABLE,TOT,PC_PRYENRGSUPPLY,A,1993,71.29,
CIV,RENEWABLE,TOT,PC_PRYENRGSUPPLY,A,1994,71.70,
CIV,RENEWABLE,TOT,PC_PRYENRGSUPPLY,A,1995,74.79,
CIV,RENEWABLE,TOT,PC_PRYENRGSUPPLY,A,1996,68.63,
CIV,RENEWABLE,TOT,PC_PRYENRGSUPPLY,A,1997,69.28,
CIV,RENEWABLE,TOT,PC_PRYENRGSUPPLY,A,1998,70.04,
CIV,RENEWABLE,TOT,PC_PRYENRGSUPPLY,A,1999,60.69,
CIV,RENEWABLE,TOT,PC_PRYENRGSUPPLY,A,2000,64.44,
CIV,RENEWABLE,TOT,PC_PRYENRGSUPPLY,A,2001,67.22,
CIV,RENEWABLE,TOT,PC_PRYENRGSUPPLY,A,2002,64.08,
CIV,RENEWABLE,TOT,PC_PRYENRGSUPPLY,A,2003,69.23,
CIV,RENEWABLE,TOT,PC_PRYENRGSUPPLY,A,2004,76.37,
CIV,RENEWABLE,TOT,PC_PRYENRGSUPPLY,A,2005,75.86,
CIV,RENEWABLE,TOT,PC_PRYENRGSUPPLY,A,2006,79.52,
CIV,RENEWABLE,TOT,PC_PRYENRGSUPPLY,A,2007,76.40,
CIV,RENEWABLE,TOT,PC_PRYENRGSUPPLY,A,2008,75.89,
CIV,RENEWABLE,TOT,PC_PRYENRGSUPPLY,A,2009,77.73,
CIV,RENEWABLE,TOT,PC_PRYENRGSUPPLY,A,2010,77.06,
CIV,RENEWABLE,TOT,PC_PRYENRGSUPPLY,A,2011,79.57,
CIV,RENEWABLE,TOT,PC_PRYENRGSUPPLY,A,2012,75.72,
CIV,RENEWABLE,TOT,PC_PRYENRGSUPPLY,A,2013,73.86,
CIV,RENEWABLE,TOT,PC_PRYENRGSUPPLY,A,2014,74.05,
HRV,RENEWABLE,TOT,PC_PRYENRGSUPPLY,A,1990,12.87,
HRV,RENEWABLE,TOT,PC_PRYENRGSUPPLY,A,1991,20.85,
HRV,RENEWABLE,TOT,PC_PRYENRGSUPPLY,A,1992,18.98,
HRV,RENEWABLE,TOT,PC_PRYENRGSUPPLY,A,1993,19.37,
HRV,RENEWABLE,TOT,PC_PRYENRGSUPPLY,A,1994,19.34,
HRV,RENEWABLE,TOT,PC_PRYENRGSUPPLY,A,1995,19.75,
HRV,RENEWABLE,TOT,PC_PRYENRGSUPPLY,A,1996,23.71,
HRV,RENEWABLE,TOT,PC_PRYENRGSUPPLY,A,1997,19.46,
HRV,RENEWABLE,TOT,PC_PRYENRGSUPPLY,A,1998,19.05,
HRV,RENEWABLE,TOT,PC_PRYENRGSUPPLY,A,1999,20.12,
HRV,RENEWABLE,TOT,PC_PRYENRGSUPPLY,A,2000,18.57,
HRV,RENEWABLE,TOT,PC_PRYENRGSUPPLY,A,2001,19.67,
HRV,RENEWABLE,TOT,PC_PRYENRGSUPPLY,A,2002,17.33,
HRV,RENEWABLE,TOT,PC_PRYENRGSUPPLY,A,2003,17.50,
HRV,RENEWABLE,TOT,PC_PRYENRGSUPPLY,A,2004,19.23,
HRV,RENEWABLE,TOT,PC_PRYENRGSUPPLY,A,2005,19.03,
HRV,RENEWABLE,TOT,PC_PRYENRGSUPPLY,A,2006,17.87,
HRV,RENEWABLE,TOT,PC_PRYENRGSUPPLY,A,2007,15.25,
HRV,RENEWABLE,TOT,PC_PRYENRGSUPPLY,A,2008,16.60,
HRV,RENEWABLE,TOT,PC_PRYENRGSUPPLY,A,2009,19.25,
HRV,RENEWABLE,TOT,PC_PRYENRGSUPPLY,A,2010,21.99,
HRV,RENEWABLE,TOT,PC_PRYENRGSUPPLY,A,2011,18.60,
HRV,RENEWABLE,TOT,PC_PRYENRGSUPPLY,A,2012,20.26,
HRV,RENEWABLE,TOT,PC_PRYENRGSUPPLY,A,2013,24.65,
HRV,RENEWABLE,TOT,PC_PRYENRGSUPPLY,A,2014,24.94,
CUB,RENEWABLE,TOT,PC_PRYENRGSUPPLY,A,1971,36.52,
CUB,RENEWABLE,TOT,PC_PRYENRGSUPPLY,A,1972,34.31,
CUB,RENEWABLE,TOT,PC_PRYENRGSUPPLY,A,1973,33.15,
CUB,RENEWABLE,TOT,PC_PRYENRGSUPPLY,A,1974,32.27,
CUB,RENEWABLE,TOT,PC_PRYENRGSUPPLY,A,1975,32.02,
CUB,RENEWABLE,TOT,PC_PRYENRGSUPPLY,A,1976,30.41,
CUB,RENEWABLE,TOT,PC_PRYENRGSUPPLY,A,1977,30.25,
CUB,RENEWABLE,TOT,PC_PRYENRGSUPPLY,A,1978,31.50,
CUB,RENEWABLE,TOT,PC_PRYENRGSUPPLY,A,1979,31.28,
CUB,RENEWABLE,TOT,PC_PRYENRGSUPPLY,A,1980,29.35,
CUB,RENEWABLE,TOT,PC_PRYENRGSUPPLY,A,1981,30.66,
CUB,RENEWABLE,TOT,PC_PRYENRGSUPPLY,A,1982,31.04,
CUB,RENEWABLE,TOT,PC_PRYENRGSUPPLY,A,1983,28.97,
CUB,RENEWABLE,TOT,PC_PRYENRGSUPPLY,A,1984,30.78,
CUB,RENEWABLE,TOT,PC_PRYENRGSUPPLY,A,1985,29.81,
CUB,RENEWABLE,TOT,PC_PRYENRGSUPPLY,A,1986,30.74,
CUB,RENEWABLE,TOT,PC_PRYENRGSUPPLY,A,1987,29.79,
CUB,RENEWABLE,TOT,PC_PRYENRGSUPPLY,A,1988,31.24,
CUB,RENEWABLE,TOT,PC_PRYENRGSUPPLY,A,1989,32.82,
CUB,RENEWABLE,TOT,PC_PRYENRGSUPPLY,A,1990,38.31,
CUB,RENEWABLE,TOT,PC_PRYENRGSUPPLY,A,1991,40.52,
CUB,RENEWABLE,TOT,PC_PRYENRGSUPPLY,A,1992,45.06,
CUB,RENEWABLE,TOT,PC_PRYENRGSUPPLY,A,1993,38.38,
CUB,RENEWABLE,TOT,PC_PRYENRGSUPPLY,A,1994,37.17,
CUB,RENEWABLE,TOT,PC_PRYENRGSUPPLY,A,1995,31.15,
CUB,RENEWABLE,TOT,PC_PRYENRGSUPPLY,A,1996,33.04,
CUB,RENEWABLE,TOT,PC_PRYENRGSUPPLY,A,1997,31.10,
CUB,RENEWABLE,TOT,PC_PRYENRGSUPPLY,A,1998,28.35,
CUB,RENEWABLE,TOT,PC_PRYENRGSUPPLY,A,1999,29.52,
CUB,RENEWABLE,TOT,PC_PRYENRGSUPPLY,A,2000,29.10,
CUB,RENEWABLE,TOT,PC_PRYENRGSUPPLY,A,2001,30.27,
CUB,RENEWABLE,TOT,PC_PRYENRGSUPPLY,A,2002,27.37,
CUB,RENEWABLE,TOT,PC_PRYENRGSUPPLY,A,2003,24.73,
CUB,RENEWABLE,TOT,PC_PRYENRGSUPPLY,A,2004,24.56,
CUB,RENEWABLE,TOT,PC_PRYENRGSUPPLY,A,2005,18.97,
CUB,RENEWABLE,TOT,PC_PRYENRGSUPPLY,A,2006,15.77,
CUB,RENEWABLE,TOT,PC_PRYENRGSUPPLY,A,2007,15.02,
CUB,RENEWABLE,TOT,PC_PRYENRGSUPPLY,A,2008,13.07,
CUB,RENEWABLE,TOT,PC_PRYENRGSUPPLY,A,2009,12.73,
CUB,RENEWABLE,TOT,PC_PRYENRGSUPPLY,A,2010,10.12,
CUB,RENEWABLE,TOT,PC_PRYENRGSUPPLY,A,2011,12.40,
CUB,RENEWABLE,TOT,PC_PRYENRGSUPPLY,A,2012,12.54,
CUB,RENEWABLE,TOT,PC_PRYENRGSUPPLY,A,2013,12.49,
CUB,RENEWABLE,TOT,PC_PRYENRGSUPPLY,A,2014,14.24,
CYP,RENEWABLE,TOT,PC_PRYENRGSUPPLY,A,1971,1.55,
CYP,RENEWABLE,TOT,PC_PRYENRGSUPPLY,A,1972,1.22,
CYP,RENEWABLE,TOT,PC_PRYENRGSUPPLY,A,1973,1.17,
CYP,RENEWABLE,TOT,PC_PRYENRGSUPPLY,A,1974,0.69,
CYP,RENEWABLE,TOT,PC_PRYENRGSUPPLY,A,1975,1.11,
CYP,RENEWABLE,TOT,PC_PRYENRGSUPPLY,A,1976,1.21,
CYP,RENEWABLE,TOT,PC_PRYENRGSUPPLY,A,1977,1.11,
CYP,RENEWABLE,TOT,PC_PRYENRGSUPPLY,A,1978,1.08,
CYP,RENEWABLE,TOT,PC_PRYENRGSUPPLY,A,1979,1.02,
CYP,RENEWABLE,TOT,PC_PRYENRGSUPPLY,A,1980,0.72,
CYP,RENEWABLE,TOT,PC_PRYENRGSUPPLY,A,1981,0.71,
CYP,RENEWABLE,TOT,PC_PRYENRGSUPPLY,A,1982,0.70,
CYP,RENEWABLE,TOT,PC_PRYENRGSUPPLY,A,1983,0.65,
CYP,RENEWABLE,TOT,PC_PRYENRGSUPPLY,A,1984,0.71,
CYP,RENEWABLE,TOT,PC_PRYENRGSUPPLY,A,1985,0.73,
CYP,RENEWABLE,TOT,PC_PRYENRGSUPPLY,A,1986,0.65,
CYP,RENEWABLE,TOT,PC_PRYENRGSUPPLY,A,1987,0.55,
CYP,RENEWABLE,TOT,PC_PRYENRGSUPPLY,A,1988,0.50,
CYP,RENEWABLE,TOT,PC_PRYENRGSUPPLY,A,1989,0.48,
CYP,RENEWABLE,TOT,PC_PRYENRGSUPPLY,A,1990,0.45,
CYP,RENEWABLE,TOT,PC_PRYENRGSUPPLY,A,1991,0.40,
CYP,RENEWABLE,TOT,PC_PRYENRGSUPPLY,A,1992,0.35,
CYP,RENEWABLE,TOT,PC_PRYENRGSUPPLY,A,1993,0.32,
CYP,RENEWABLE,TOT,PC_PRYENRGSUPPLY,A,1994,0.72,
CYP,RENEWABLE,TOT,PC_PRYENRGSUPPLY,A,1995,2.63,
CYP,RENEWABLE,TOT,PC_PRYENRGSUPPLY,A,1996,2.41,
CYP,RENEWABLE,TOT,PC_PRYENRGSUPPLY,A,1997,2.41,
CYP,RENEWABLE,TOT,PC_PRYENRGSUPPLY,A,1998,2.32,
CYP,RENEWABLE,TOT,PC_PRYENRGSUPPLY,A,1999,2.31,
CYP,RENEWABLE,TOT,PC_PRYENRGSUPPLY,A,2000,2.14,
CYP,RENEWABLE,TOT,PC_PRYENRGSUPPLY,A,2001,2.15,
CYP,RENEWABLE,TOT,PC_PRYENRGSUPPLY,A,2002,2.22,
CYP,RENEWABLE,TOT,PC_PRYENRGSUPPLY,A,2003,2.17,
CYP,RENEWABLE,TOT,PC_PRYENRGSUPPLY,A,2004,2.42,
CYP,RENEWABLE,TOT,PC_PRYENRGSUPPLY,A,2005,2.42,
CYP,RENEWABLE,TOT,PC_PRYENRGSUPPLY,A,2006,2.42,
CYP,RENEWABLE,TOT,PC_PRYENRGSUPPLY,A,2007,3.00,
CYP,RENEWABLE,TOT,PC_PRYENRGSUPPLY,A,2008,3.67,
CYP,RENEWABLE,TOT,PC_PRYENRGSUPPLY,A,2009,3.96,
CYP,RENEWABLE,TOT,PC_PRYENRGSUPPLY,A,2010,4.32,
CYP,RENEWABLE,TOT,PC_PRYENRGSUPPLY,A,2011,5.10,
CYP,RENEWABLE,TOT,PC_PRYENRGSUPPLY,A,2012,5.81,
CYP,RENEWABLE,TOT,PC_PRYENRGSUPPLY,A,2013,6.95,
CYP,RENEWABLE,TOT,PC_PRYENRGSUPPLY,A,2014,6.71,
PRK,RENEWABLE,TOT,PC_PRYENRGSUPPLY,A,1971,7.57,
PRK,RENEWABLE,TOT,PC_PRYENRGSUPPLY,A,1972,7.45,
PRK,RENEWABLE,TOT,PC_PRYENRGSUPPLY,A,1973,7.47,
PRK,RENEWABLE,TOT,PC_PRYENRGSUPPLY,A,1974,7.33,
PRK,RENEWABLE,TOT,PC_PRYENRGSUPPLY,A,1975,7.23,
PRK,RENEWABLE,TOT,PC_PRYENRGSUPPLY,A,1976,6.96,
PRK,RENEWABLE,TOT,PC_PRYENRGSUPPLY,A,1977,6.74,
PRK,RENEWABLE,TOT,PC_PRYENRGSUPPLY,A,1978,6.40,
PRK,RENEWABLE,TOT,PC_PRYENRGSUPPLY,A,1979,6.10,
PRK,RENEWABLE,TOT,PC_PRYENRGSUPPLY,A,1980,5.84,
PRK,RENEWABLE,TOT,PC_PRYENRGSUPPLY,A,1981,5.76,
PRK,RENEWABLE,TOT,PC_PRYENRGSUPPLY,A,1982,5.59,
PRK,RENEWABLE,TOT,PC_PRYENRGSUPPLY,A,1983,5.47,
PRK,RENEWABLE,TOT,PC_PRYENRGSUPPLY,A,1984,5.42,
PRK,RENEWABLE,TOT,PC_PRYENRGSUPPLY,A,1985,5.49,
PRK,RENEWABLE,TOT,PC_PRYENRGSUPPLY,A,1986,5.74,
PRK,RENEWABLE,TOT,PC_PRYENRGSUPPLY,A,1987,6.14,
PRK,RENEWABLE,TOT,PC_PRYENRGSUPPLY,A,1988,6.40,
PRK,RENEWABLE,TOT,PC_PRYENRGSUPPLY,A,1989,6.46,
PRK,RENEWABLE,TOT,PC_PRYENRGSUPPLY,A,1990,6.91,
PRK,RENEWABLE,TOT,PC_PRYENRGSUPPLY,A,1991,7.11,
PRK,RENEWABLE,TOT,PC_PRYENRGSUPPLY,A,1992,7.93,
PRK,RENEWABLE,TOT,PC_PRYENRGSUPPLY,A,1993,8.35,
PRK,RENEWABLE,TOT,PC_PRYENRGSUPPLY,A,1994,9.37,
PRK,RENEWABLE,TOT,PC_PRYENRGSUPPLY,A,1995,10.14,
PRK,RENEWABLE,TOT,PC_PRYENRGSUPPLY,A,1996,10.83,
PRK,RENEWABLE,TOT,PC_PRYENRGSUPPLY,A,1997,10.32,
PRK,RENEWABLE,TOT,PC_PRYENRGSUPPLY,A,1998,10.86,
PRK,RENEWABLE,TOT,PC_PRYENRGSUPPLY,A,1999,10.23,
PRK,RENEWABLE,TOT,PC_PRYENRGSUPPLY,A,2000,9.55,
PRK,RENEWABLE,TOT,PC_PRYENRGSUPPLY,A,2001,9.43,
PRK,RENEWABLE,TOT,PC_PRYENRGSUPPLY,A,2002,9.88,
PRK,RENEWABLE,TOT,PC_PRYENRGSUPPLY,A,2003,10.16,
PRK,RENEWABLE,TOT,PC_PRYENRGSUPPLY,A,2004,10.30,
PRK,RENEWABLE,TOT,PC_PRYENRGSUPPLY,A,2005,10.18,
PRK,RENEWABLE,TOT,PC_PRYENRGSUPPLY,A,2006,9.91,
PRK,RENEWABLE,TOT,PC_PRYENRGSUPPLY,A,2007,12.01,
PRK,RENEWABLE,TOT,PC_PRYENRGSUPPLY,A,2008,11.27,
PRK,RENEWABLE,TOT,PC_PRYENRGSUPPLY,A,2009,10.76,
PRK,RENEWABLE,TOT,PC_PRYENRGSUPPLY,A,2010,11.77,
PRK,RENEWABLE,TOT,PC_PRYENRGSUPPLY,A,2011,15.82,
PRK,RENEWABLE,TOT,PC_PRYENRGSUPPLY,A,2012,15.76,
PRK,RENEWABLE,TOT,PC_PRYENRGSUPPLY,A,2013,21.08,
PRK,RENEWABLE,TOT,PC_PRYENRGSUPPLY,A,2014,18.59,
COD,RENEWABLE,TOT,PC_PRYENRGSUPPLY,A,1971,87.76,
COD,RENEWABLE,TOT,PC_PRYENRGSUPPLY,A,1972,87.78,
COD,RENEWABLE,TOT,PC_PRYENRGSUPPLY,A,1973,87.45,
COD,RENEWABLE,TOT,PC_PRYENRGSUPPLY,A,1974,86.95,
COD,RENEWABLE,TOT,PC_PRYENRGSUPPLY,A,1975,87.45,
COD,RENEWABLE,TOT,PC_PRYENRGSUPPLY,A,1976,88.87,
COD,RENEWABLE,TOT,PC_PRYENRGSUPPLY,A,1977,88.68,
COD,RENEWABLE,TOT,PC_PRYENRGSUPPLY,A,1978,88.70,
COD,RENEWABLE,TOT,PC_PRYENRGSUPPLY,A,1979,87.45,
COD,RENEWABLE,TOT,PC_PRYENRGSUPPLY,A,1980,89.58,
COD,RENEWABLE,TOT,PC_PRYENRGSUPPLY,A,1981,87.84,
COD,RENEWABLE,TOT,PC_PRYENRGSUPPLY,A,1982,90.36,
COD,RENEWABLE,TOT,PC_PRYENRGSUPPLY,A,1983,87.82,
COD,RENEWABLE,TOT,PC_PRYENRGSUPPLY,A,1984,86.41,
COD,RENEWABLE,TOT,PC_PRYENRGSUPPLY,A,1985,89.46,
COD,RENEWABLE,TOT,PC_PRYENRGSUPPLY,A,1986,90.70,
COD,RENEWABLE,TOT,PC_PRYENRGSUPPLY,A,1987,89.96,
COD,RENEWABLE,TOT,PC_PRYENRGSUPPLY,A,1988,89.56,
COD,RENEWABLE,TOT,PC_PRYENRGSUPPLY,A,1989,91.42,
COD,RENEWABLE,TOT,PC_PRYENRGSUPPLY,A,1990,88.84,
COD,RENEWABLE,TOT,PC_PRYENRGSUPPLY,A,1991,91.26,
COD,RENEWABLE,TOT,PC_PRYENRGSUPPLY,A,1992,92.99,
COD,RENEWABLE,TOT,PC_PRYENRGSUPPLY,A,1993,93.60,
COD,RENEWABLE,TOT,PC_PRYENRGSUPPLY,A,1994,96.01,
COD,RENEWABLE,TOT,PC_PRYENRGSUPPLY,A,1995,95.47,
COD,RENEWABLE,TOT,PC_PRYENRGSUPPLY,A,1996,95.12,
COD,RENEWABLE,TOT,PC_PRYENRGSUPPLY,A,1997,95.66,
COD,RENEWABLE,TOT,PC_PRYENRGSUPPLY,A,1998,96.09,
COD,RENEWABLE,TOT,PC_PRYENRGSUPPLY,A,1999,97.24,
COD,RENEWABLE,TOT,PC_PRYENRGSUPPLY,A,2000,98.75,
COD,RENEWABLE,TOT,PC_PRYENRGSUPPLY,A,2001,99.07,
COD,RENEWABLE,TOT,PC_PRYENRGSUPPLY,A,2002,99.05,
COD,RENEWABLE,TOT,PC_PRYENRGSUPPLY,A,2003,98.72,
COD,RENEWABLE,TOT,PC_PRYENRGSUPPLY,A,2004,98.63,
COD,RENEWABLE,TOT,PC_PRYENRGSUPPLY,A,2005,98.31,
COD,RENEWABLE,TOT,PC_PRYENRGSUPPLY,A,2006,97.97,
COD,RENEWABLE,TOT,PC_PRYENRGSUPPLY,A,2007,97.76,
COD,RENEWABLE,TOT,PC_PRYENRGSUPPLY,A,2008,97.21,
COD,RENEWABLE,TOT,PC_PRYENRGSUPPLY,A,2009,97.61,
COD,RENEWABLE,TOT,PC_PRYENRGSUPPLY,A,2010,97.25,
COD,RENEWABLE,TOT,PC_PRYENRGSUPPLY,A,2011,96.36,
COD,RENEWABLE,TOT,PC_PRYENRGSUPPLY,A,2012,96.94,
COD,RENEWABLE,TOT,PC_PRYENRGSUPPLY,A,2013,95.64,
COD,RENEWABLE,TOT,PC_PRYENRGSUPPLY,A,2014,94.32,
DOM,RENEWABLE,TOT,PC_PRYENRGSUPPLY,A,1971,51.78,
DOM,RENEWABLE,TOT,PC_PRYENRGSUPPLY,A,1972,45.65,
DOM,RENEWABLE,TOT,PC_PRYENRGSUPPLY,A,1973,42.12,
DOM,RENEWABLE,TOT,PC_PRYENRGSUPPLY,A,1974,41.27,
DOM,RENEWABLE,TOT,PC_PRYENRGSUPPLY,A,1975,40.78,
DOM,RENEWABLE,TOT,PC_PRYENRGSUPPLY,A,1976,41.88,
DOM,RENEWABLE,TOT,PC_PRYENRGSUPPLY,A,1977,40.16,
DOM,RENEWABLE,TOT,PC_PRYENRGSUPPLY,A,1978,40.59,
DOM,RENEWABLE,TOT,PC_PRYENRGSUPPLY,A,1979,40.28,
DOM,RENEWABLE,TOT,PC_PRYENRGSUPPLY,A,1980,38.63,
DOM,RENEWABLE,TOT,PC_PRYENRGSUPPLY,A,1981,43.78,
DOM,RENEWABLE,TOT,PC_PRYENRGSUPPLY,A,1982,47.72,
DOM,RENEWABLE,TOT,PC_PRYENRGSUPPLY,A,1983,41.29,
DOM,RENEWABLE,TOT,PC_PRYENRGSUPPLY,A,1984,41.86,
DOM,RENEWABLE,TOT,PC_PRYENRGSUPPLY,A,1985,32.35,
DOM,RENEWABLE,TOT,PC_PRYENRGSUPPLY,A,1986,31.24,
DOM,RENEWABLE,TOT,PC_PRYENRGSUPPLY,A,1987,27.61,
DOM,RENEWABLE,TOT,PC_PRYENRGSUPPLY,A,1988,24.39,
DOM,RENEWABLE,TOT,PC_PRYENRGSUPPLY,A,1989,21.46,
DOM,RENEWABLE,TOT,PC_PRYENRGSUPPLY,A,1990,23.54,
DOM,RENEWABLE,TOT,PC_PRYENRGSUPPLY,A,1991,23.82,
DOM,RENEWABLE,TOT,PC_PRYENRGSUPPLY,A,1992,21.22,
DOM,RENEWABLE,TOT,PC_PRYENRGSUPPLY,A,1993,18.96,
DOM,RENEWABLE,TOT,PC_PRYENRGSUPPLY,A,1994,16.44,
DOM,RENEWABLE,TOT,PC_PRYENRGSUPPLY,A,1995,15.08,
DOM,RENEWABLE,TOT,PC_PRYENRGSUPPLY,A,1996,14.43,
DOM,RENEWABLE,TOT,PC_PRYENRGSUPPLY,A,1997,12.82,
DOM,RENEWABLE,TOT,PC_PRYENRGSUPPLY,A,1998,13.93,
DOM,RENEWABLE,TOT,PC_PRYENRGSUPPLY,A,1999,13.89,
DOM,RENEWABLE,TOT,PC_PRYENRGSUPPLY,A,2000,12.56,
DOM,RENEWABLE,TOT,PC_PRYENRGSUPPLY,A,2001,12.67,
DOM,RENEWABLE,TOT,PC_PRYENRGSUPPLY,A,2002,12.61,
DOM,RENEWABLE,TOT,PC_PRYENRGSUPPLY,A,2003,13.35,
DOM,RENEWABLE,TOT,PC_PRYENRGSUPPLY,A,2004,15.71,
DOM,RENEWABLE,TOT,PC_PRYENRGSUPPLY,A,2005,14.65,
DOM,RENEWABLE,TOT,PC_PRYENRGSUPPLY,A,2006,14.05,
DOM,RENEWABLE,TOT,PC_PRYENRGSUPPLY,A,2007,13.94,
DOM,RENEWABLE,TOT,PC_PRYENRGSUPPLY,A,2008,13.42,
DOM,RENEWABLE,TOT,PC_PRYENRGSUPPLY,A,2009,13.72,
DOM,RENEWABLE,TOT,PC_PRYENRGSUPPLY,A,2010,13.57,
DOM,RENEWABLE,TOT,PC_PRYENRGSUPPLY,A,2011,13.30,
DOM,RENEWABLE,TOT,PC_PRYENRGSUPPLY,A,2012,12.98,
DOM,RENEWABLE,TOT,PC_PRYENRGSUPPLY,A,2013,13.41,
DOM,RENEWABLE,TOT,PC_PRYENRGSUPPLY,A,2014,13.46,
ECU,RENEWABLE,TOT,PC_PRYENRGSUPPLY,A,1971,50.94,
ECU,RENEWABLE,TOT,PC_PRYENRGSUPPLY,A,1972,49.01,
ECU,RENEWABLE,TOT,PC_PRYENRGSUPPLY,A,1973,46.10,
ECU,RENEWABLE,TOT,PC_PRYENRGSUPPLY,A,1974,37.92,
ECU,RENEWABLE,TOT,PC_PRYENRGSUPPLY,A,1975,34.41,
ECU,RENEWABLE,TOT,PC_PRYENRGSUPPLY,A,1976,30.32,
ECU,RENEWABLE,TOT,PC_PRYENRGSUPPLY,A,1977,24.87,
ECU,RENEWABLE,TOT,PC_PRYENRGSUPPLY,A,1978,23.88,
ECU,RENEWABLE,TOT,PC_PRYENRGSUPPLY,A,1979,22.56,
ECU,RENEWABLE,TOT,PC_PRYENRGSUPPLY,A,1980,21.14,
ECU,RENEWABLE,TOT,PC_PRYENRGSUPPLY,A,1981,19.55,
ECU,RENEWABLE,TOT,PC_PRYENRGSUPPLY,A,1982,20.25,
ECU,RENEWABLE,TOT,PC_PRYENRGSUPPLY,A,1983,23.17,
ECU,RENEWABLE,TOT,PC_PRYENRGSUPPLY,A,1984,24.76,
ECU,RENEWABLE,TOT,PC_PRYENRGSUPPLY,A,1985,23.92,
ECU,RENEWABLE,TOT,PC_PRYENRGSUPPLY,A,1986,24.24,
ECU,RENEWABLE,TOT,PC_PRYENRGSUPPLY,A,1987,25.74,
ECU,RENEWABLE,TOT,PC_PRYENRGSUPPLY,A,1988,25.45,
ECU,RENEWABLE,TOT,PC_PRYENRGSUPPLY,A,1989,26.22,
ECU,RENEWABLE,TOT,PC_PRYENRGSUPPLY,A,1990,21.79,
ECU,RENEWABLE,TOT,PC_PRYENRGSUPPLY,A,1991,21.35,
ECU,RENEWABLE,TOT,PC_PRYENRGSUPPLY,A,1992,18.19,
ECU,RENEWABLE,TOT,PC_PRYENRGSUPPLY,A,1993,20.32,
ECU,RENEWABLE,TOT,PC_PRYENRGSUPPLY,A,1994,19.61,
ECU,RENEWABLE,TOT,PC_PRYENRGSUPPLY,A,1995,15.89,
ECU,RENEWABLE,TOT,PC_PRYENRGSUPPLY,A,1996,16.59,
ECU,RENEWABLE,TOT,PC_PRYENRGSUPPLY,A,1997,14.25,
ECU,RENEWABLE,TOT,PC_PRYENRGSUPPLY,A,1998,15.03,
ECU,RENEWABLE,TOT,PC_PRYENRGSUPPLY,A,1999,16.82,
ECU,RENEWABLE,TOT,PC_PRYENRGSUPPLY,A,2000,15.89,
ECU,RENEWABLE,TOT,PC_PRYENRGSUPPLY,A,2001,14.12,
ECU,RENEWABLE,TOT,PC_PRYENRGSUPPLY,A,2002,14.51,
ECU,RENEWABLE,TOT,PC_PRYENRGSUPPLY,A,2003,13.78,
ECU,RENEWABLE,TOT,PC_PRYENRGSUPPLY,A,2004,14.50,
ECU,RENEWABLE,TOT,PC_PRYENRGSUPPLY,A,2005,13.54,
ECU,RENEWABLE,TOT,PC_PRYENRGSUPPLY,A,2006,13.62,
ECU,RENEWABLE,TOT,PC_PRYENRGSUPPLY,A,2007,13.74,
ECU,RENEWABLE,TOT,PC_PRYENRGSUPPLY,A,2008,16.44,
ECU,RENEWABLE,TOT,PC_PRYENRGSUPPLY,A,2009,12.17,
ECU,RENEWABLE,TOT,PC_PRYENRGSUPPLY,A,2010,11.52,
ECU,RENEWABLE,TOT,PC_PRYENRGSUPPLY,A,2011,12.87,
ECU,RENEWABLE,TOT,PC_PRYENRGSUPPLY,A,2012,13.78,
ECU,RENEWABLE,TOT,PC_PRYENRGSUPPLY,A,2013,12.82,
ECU,RENEWABLE,TOT,PC_PRYENRGSUPPLY,A,2014,12.64,
EGY,RENEWABLE,TOT,PC_PRYENRGSUPPLY,A,1971,13.92,
EGY,RENEWABLE,TOT,PC_PRYENRGSUPPLY,A,1972,12.83,
EGY,RENEWABLE,TOT,PC_PRYENRGSUPPLY,A,1973,14.04,
EGY,RENEWABLE,TOT,PC_PRYENRGSUPPLY,A,1974,13.25,
EGY,RENEWABLE,TOT,PC_PRYENRGSUPPLY,A,1975,12.81,
EGY,RENEWABLE,TOT,PC_PRYENRGSUPPLY,A,1976,12.20,
EGY,RENEWABLE,TOT,PC_PRYENRGSUPPLY,A,1977,12.34,
EGY,RENEWABLE,TOT,PC_PRYENRGSUPPLY,A,1978,11.93,
EGY,RENEWABLE,TOT,PC_PRYENRGSUPPLY,A,1979,11.37,
EGY,RENEWABLE,TOT,PC_PRYENRGSUPPLY,A,1980,10.84,
EGY,RENEWABLE,TOT,PC_PRYENRGSUPPLY,A,1981,9.56,
EGY,RENEWABLE,TOT,PC_PRYENRGSUPPLY,A,1982,9.08,
EGY,RENEWABLE,TOT,PC_PRYENRGSUPPLY,A,1983,7.84,
EGY,RENEWABLE,TOT,PC_PRYENRGSUPPLY,A,1984,7.16,
EGY,RENEWABLE,TOT,PC_PRYENRGSUPPLY,A,1985,6.58,
EGY,RENEWABLE,TOT,PC_PRYENRGSUPPLY,A,1986,6.74,
EGY,RENEWABLE,TOT,PC_PRYENRGSUPPLY,A,1987,6.26,
EGY,RENEWABLE,TOT,PC_PRYENRGSUPPLY,A,1988,6.31,
EGY,RENEWABLE,TOT,PC_PRYENRGSUPPLY,A,1989,6.10,
EGY,RENEWABLE,TOT,PC_PRYENRGSUPPLY,A,1990,5.93,
EGY,RENEWABLE,TOT,PC_PRYENRGSUPPLY,A,1991,6.11,
EGY,RENEWABLE,TOT,PC_PRYENRGSUPPLY,A,1992,5.95,
EGY,RENEWABLE,TOT,PC_PRYENRGSUPPLY,A,1993,6.04,
EGY,RENEWABLE,TOT,PC_PRYENRGSUPPLY,A,1994,6.62,
EGY,RENEWABLE,TOT,PC_PRYENRGSUPPLY,A,1995,6.18,
EGY,RENEWABLE,TOT,PC_PRYENRGSUPPLY,A,1996,5.92,
EGY,RENEWABLE,TOT,PC_PRYENRGSUPPLY,A,1997,5.84,
EGY,RENEWABLE,TOT,PC_PRYENRGSUPPLY,A,1998,5.55,
EGY,RENEWABLE,TOT,PC_PRYENRGSUPPLY,A,1999,5.98,
EGY,RENEWABLE,TOT,PC_PRYENRGSUPPLY,A,2000,6.15,
EGY,RENEWABLE,TOT,PC_PRYENRGSUPPLY,A,2001,5.82,
EGY,RENEWABLE,TOT,PC_PRYENRGSUPPLY,A,2002,5.27,
EGY,RENEWABLE,TOT,PC_PRYENRGSUPPLY,A,2003,5.19,
EGY,RENEWABLE,TOT,PC_PRYENRGSUPPLY,A,2004,4.81,
EGY,RENEWABLE,TOT,PC_PRYENRGSUPPLY,A,2005,4.18,
EGY,RENEWABLE,TOT,PC_PRYENRGSUPPLY,A,2006,4.04,
EGY,RENEWABLE,TOT,PC_PRYENRGSUPPLY,A,2007,4.15,
EGY,RENEWABLE,TOT,PC_PRYENRGSUPPLY,A,2008,3.94,
EGY,RENEWABLE,TOT,PC_PRYENRGSUPPLY,A,2009,3.71,
EGY,RENEWABLE,TOT,PC_PRYENRGSUPPLY,A,2010,3.91,
EGY,RENEWABLE,TOT,PC_PRYENRGSUPPLY,A,2011,3.76,
EGY,RENEWABLE,TOT,PC_PRYENRGSUPPLY,A,2012,3.80,
EGY,RENEWABLE,TOT,PC_PRYENRGSUPPLY,A,2013,3.89,
EGY,RENEWABLE,TOT,PC_PRYENRGSUPPLY,A,2014,4.07,
SLV,RENEWABLE,TOT,PC_PRYENRGSUPPLY,A,1971,71.63,
SLV,RENEWABLE,TOT,PC_PRYENRGSUPPLY,A,1972,69.10,
SLV,RENEWABLE,TOT,PC_PRYENRGSUPPLY,A,1973,67.26,
SLV,RENEWABLE,TOT,PC_PRYENRGSUPPLY,A,1974,68.79,
SLV,RENEWABLE,TOT,PC_PRYENRGSUPPLY,A,1975,69.04,
SLV,RENEWABLE,TOT,PC_PRYENRGSUPPLY,A,1976,72.82,
SLV,RENEWABLE,TOT,PC_PRYENRGSUPPLY,A,1977,72.94,
SLV,RENEWABLE,TOT,PC_PRYENRGSUPPLY,A,1978,73.43,
SLV,RENEWABLE,TOT,PC_PRYENRGSUPPLY,A,1979,73.87,
SLV,RENEWABLE,TOT,PC_PRYENRGSUPPLY,A,1980,75.92,
SLV,RENEWABLE,TOT,PC_PRYENRGSUPPLY,A,1981,78.91,
SLV,RENEWABLE,TOT,PC_PRYENRGSUPPLY,A,1982,80.03,
SLV,RENEWABLE,TOT,PC_PRYENRGSUPPLY,A,1983,79.21,
SLV,RENEWABLE,TOT,PC_PRYENRGSUPPLY,A,1984,79.15,
SLV,RENEWABLE,TOT,PC_PRYENRGSUPPLY,A,1985,76.52,
SLV,RENEWABLE,TOT,PC_PRYENRGSUPPLY,A,1986,72.42,
SLV,RENEWABLE,TOT,PC_PRYENRGSUPPLY,A,1987,70.73,
SLV,RENEWABLE,TOT,PC_PRYENRGSUPPLY,A,1988,69.17,
SLV,RENEWABLE,TOT,PC_PRYENRGSUPPLY,A,1989,68.01,
SLV,RENEWABLE,TOT,PC_PRYENRGSUPPLY,A,1990,68.56,
SLV,RENEWABLE,TOT,PC_PRYENRGSUPPLY,A,1991,63.28,
SLV,RENEWABLE,TOT,PC_PRYENRGSUPPLY,A,1992,61.70,
SLV,RENEWABLE,TOT,PC_PRYENRGSUPPLY,A,1993,58.14,
SLV,RENEWABLE,TOT,PC_PRYENRGSUPPLY,A,1994,55.52,
SLV,RENEWABLE,TOT,PC_PRYENRGSUPPLY,A,1995,53.35,
SLV,RENEWABLE,TOT,PC_PRYENRGSUPPLY,A,1996,56.82,
SLV,RENEWABLE,TOT,PC_PRYENRGSUPPLY,A,1997,52.13,
SLV,RENEWABLE,TOT,PC_PRYENRGSUPPLY,A,1998,50.69,
SLV,RENEWABLE,TOT,PC_PRYENRGSUPPLY,A,1999,52.90,
SLV,RENEWABLE,TOT,PC_PRYENRGSUPPLY,A,2000,53.55,
SLV,RENEWABLE,TOT,PC_PRYENRGSUPPLY,A,2001,55.16,
SLV,RENEWABLE,TOT,PC_PRYENRGSUPPLY,A,2002,55.01,
SLV,RENEWABLE,TOT,PC_PRYENRGSUPPLY,A,2003,54.34,
SLV,RENEWABLE,TOT,PC_PRYENRGSUPPLY,A,2004,54.72,
SLV,RENEWABLE,TOT,PC_PRYENRGSUPPLY,A,2005,55.37,
SLV,RENEWABLE,TOT,PC_PRYENRGSUPPLY,A,2006,55.71,
SLV,RENEWABLE,TOT,PC_PRYENRGSUPPLY,A,2007,52.11,
SLV,RENEWABLE,TOT,PC_PRYENRGSUPPLY,A,2008,55.40,
SLV,RENEWABLE,TOT,PC_PRYENRGSUPPLY,A,2009,52.51,
SLV,RENEWABLE,TOT,PC_PRYENRGSUPPLY,A,2010,53.37,
SLV,RENEWABLE,TOT,PC_PRYENRGSUPPLY,A,2011,52.39,
SLV,RENEWABLE,TOT,PC_PRYENRGSUPPLY,A,2012,51.36,
SLV,RENEWABLE,TOT,PC_PRYENRGSUPPLY,A,2013,51.69,
SLV,RENEWABLE,TOT,PC_PRYENRGSUPPLY,A,2014,50.76,
ERI,RENEWABLE,TOT,PC_PRYENRGSUPPLY,A,1992,80.64,
ERI,RENEWABLE,TOT,PC_PRYENRGSUPPLY,A,1993,76.82,
ERI,RENEWABLE,TOT,PC_PRYENRGSUPPLY,A,1994,74.47,
ERI,RENEWABLE,TOT,PC_PRYENRGSUPPLY,A,1995,73.21,
ERI,RENEWABLE,TOT,PC_PRYENRGSUPPLY,A,1996,72.13,
ERI,RENEWABLE,TOT,PC_PRYENRGSUPPLY,A,1997,74.88,
ERI,RENEWABLE,TOT,PC_PRYENRGSUPPLY,A,1998,71.20,
ERI,RENEWABLE,TOT,PC_PRYENRGSUPPLY,A,1999,70.72,
ERI,RENEWABLE,TOT,PC_PRYENRGSUPPLY,A,2000,71.73,
ERI,RENEWABLE,TOT,PC_PRYENRGSUPPLY,A,2001,71.63,
ERI,RENEWABLE,TOT,PC_PRYENRGSUPPLY,A,2002,73.15,
ERI,RENEWABLE,TOT,PC_PRYENRGSUPPLY,A,2003,70.33,
ERI,RENEWABLE,TOT,PC_PRYENRGSUPPLY,A,2004,64.78,
ERI,RENEWABLE,TOT,PC_PRYENRGSUPPLY,A,2005,65.59,
ERI,RENEWABLE,TOT,PC_PRYENRGSUPPLY,A,2006,74.14,
ERI,RENEWABLE,TOT,PC_PRYENRGSUPPLY,A,2007,73.92,
ERI,RENEWABLE,TOT,PC_PRYENRGSUPPLY,A,2008,80.89,
ERI,RENEWABLE,TOT,PC_PRYENRGSUPPLY,A,2009,77.79,
ERI,RENEWABLE,TOT,PC_PRYENRGSUPPLY,A,2010,78.42,
ERI,RENEWABLE,TOT,PC_PRYENRGSUPPLY,A,2011,78.12,
ERI,RENEWABLE,TOT,PC_PRYENRGSUPPLY,A,2012,77.46,
ERI,RENEWABLE,TOT,PC_PRYENRGSUPPLY,A,2013,77.64,
ERI,RENEWABLE,TOT,PC_PRYENRGSUPPLY,A,2014,77.73,
EST,RENEWABLE,TOT,PC_PRYENRGSUPPLY,A,1990,1.92,
EST,RENEWABLE,TOT,PC_PRYENRGSUPPLY,A,1991,2.05,
EST,RENEWABLE,TOT,PC_PRYENRGSUPPLY,A,1992,3.30,
EST,RENEWABLE,TOT,PC_PRYENRGSUPPLY,A,1993,3.78,
EST,RENEWABLE,TOT,PC_PRYENRGSUPPLY,A,1994,5.46,
EST,RENEWABLE,TOT,PC_PRYENRGSUPPLY,A,1995,6.46,
EST,RENEWABLE,TOT,PC_PRYENRGSUPPLY,A,1996,10.61,
EST,RENEWABLE,TOT,PC_PRYENRGSUPPLY,A,1997,10.74,
EST,RENEWABLE,TOT,PC_PRYENRGSUPPLY,A,1998,9.90,
EST,RENEWABLE,TOT,PC_PRYENRGSUPPLY,A,1999,10.80,
EST,RENEWABLE,TOT,PC_PRYENRGSUPPLY,A,2000,10.88,
EST,RENEWABLE,TOT,PC_PRYENRGSUPPLY,A,2001,10.99,
EST,RENEWABLE,TOT,PC_PRYENRGSUPPLY,A,2002,11.63,
EST,RENEWABLE,TOT,PC_PRYENRGSUPPLY,A,2003,11.09,
EST,RENEWABLE,TOT,PC_PRYENRGSUPPLY,A,2004,11.29,
EST,RENEWABLE,TOT,PC_PRYENRGSUPPLY,A,2005,11.29,
EST,RENEWABLE,TOT,PC_PRYENRGSUPPLY,A,2006,10.44,
EST,RENEWABLE,TOT,PC_PRYENRGSUPPLY,A,2007,10.57,
EST,RENEWABLE,TOT,PC_PRYENRGSUPPLY,A,2008,11.77,
EST,RENEWABLE,TOT,PC_PRYENRGSUPPLY,A,2009,14.73,
EST,RENEWABLE,TOT,PC_PRYENRGSUPPLY,A,2010,15.05,
EST,RENEWABLE,TOT,PC_PRYENRGSUPPLY,A,2011,14.85,
EST,RENEWABLE,TOT,PC_PRYENRGSUPPLY,A,2012,15.60,
EST,RENEWABLE,TOT,PC_PRYENRGSUPPLY,A,2013,13.97,
EST,RENEWABLE,TOT,PC_PRYENRGSUPPLY,A,2014,14.22,
EST,RENEWABLE,TOT,PC_PRYENRGSUPPLY,A,2015,17.36,
ETH,RENEWABLE,TOT,PC_PRYENRGSUPPLY,A,1971,96.56,
ETH,RENEWABLE,TOT,PC_PRYENRGSUPPLY,A,1972,96.92,
ETH,RENEWABLE,TOT,PC_PRYENRGSUPPLY,A,1973,96.83,
ETH,RENEWABLE,TOT,PC_PRYENRGSUPPLY,A,1974,96.93,
ETH,RENEWABLE,TOT,PC_PRYENRGSUPPLY,A,1975,97.32,
ETH,RENEWABLE,TOT,PC_PRYENRGSUPPLY,A,1976,97.34,
ETH,RENEWABLE,TOT,PC_PRYENRGSUPPLY,A,1977,97.41,
ETH,RENEWABLE,TOT,PC_PRYENRGSUPPLY,A,1978,97.16,
ETH,RENEWABLE,TOT,PC_PRYENRGSUPPLY,A,1979,97.05,
ETH,RENEWABLE,TOT,PC_PRYENRGSUPPLY,A,1980,96.99,
ETH,RENEWABLE,TOT,PC_PRYENRGSUPPLY,A,1981,96.87,
ETH,RENEWABLE,TOT,PC_PRYENRGSUPPLY,A,1982,97.16,
ETH,RENEWABLE,TOT,PC_PRYENRGSUPPLY,A,1983,97.10,
ETH,RENEWABLE,TOT,PC_PRYENRGSUPPLY,A,1984,97.39,
ETH,RENEWABLE,TOT,PC_PRYENRGSUPPLY,A,1985,97.40,
ETH,RENEWABLE,TOT,PC_PRYENRGSUPPLY,A,1986,97.08,
ETH,RENEWABLE,TOT,PC_PRYENRGSUPPLY,A,1987,96.54,
ETH,RENEWABLE,TOT,PC_PRYENRGSUPPLY,A,1988,96.61,
ETH,RENEWABLE,TOT,PC_PRYENRGSUPPLY,A,1989,96.53,
ETH,RENEWABLE,TOT,PC_PRYENRGSUPPLY,A,1990,96.45,
ETH,RENEWABLE,TOT,PC_PRYENRGSUPPLY,A,1991,96.60,
ETH,RENEWABLE,TOT,PC_PRYENRGSUPPLY,A,1992,97.76,
ETH,RENEWABLE,TOT,PC_PRYENRGSUPPLY,A,1993,97.26,
ETH,RENEWABLE,TOT,PC_PRYENRGSUPPLY,A,1994,96.95,
ETH,RENEWABLE,TOT,PC_PRYENRGSUPPLY,A,1995,96.66,
ETH,RENEWABLE,TOT,PC_PRYENRGSUPPLY,A,1996,96.49,
ETH,RENEWABLE,TOT,PC_PRYENRGSUPPLY,A,1997,96.69,
ETH,RENEWABLE,TOT,PC_PRYENRGSUPPLY,A,1998,96.67,
ETH,RENEWABLE,TOT,PC_PRYENRGSUPPLY,A,1999,96.77,
ETH,RENEWABLE,TOT,PC_PRYENRGSUPPLY,A,2000,96.57,
ETH,RENEWABLE,TOT,PC_PRYENRGSUPPLY,A,2001,95.87,
ETH,RENEWABLE,TOT,PC_PRYENRGSUPPLY,A,2002,95.81,
ETH,RENEWABLE,TOT,PC_PRYENRGSUPPLY,A,2003,95.60,
ETH,RENEWABLE,TOT,PC_PRYENRGSUPPLY,A,2004,95.53,
ETH,RENEWABLE,TOT,PC_PRYENRGSUPPLY,A,2005,95.91,
ETH,RENEWABLE,TOT,PC_PRYENRGSUPPLY,A,2006,95.75,
ETH,RENEWABLE,TOT,PC_PRYENRGSUPPLY,A,2007,95.39,
ETH,RENEWABLE,TOT,PC_PRYENRGSUPPLY,A,2008,95.15,
ETH,RENEWABLE,TOT,PC_PRYENRGSUPPLY,A,2009,95.18,
ETH,RENEWABLE,TOT,PC_PRYENRGSUPPLY,A,2010,95.38,
ETH,RENEWABLE,TOT,PC_PRYENRGSUPPLY,A,2011,95.03,
ETH,RENEWABLE,TOT,PC_PRYENRGSUPPLY,A,2012,95.05,
ETH,RENEWABLE,TOT,PC_PRYENRGSUPPLY,A,2013,94.42,
ETH,RENEWABLE,TOT,PC_PRYENRGSUPPLY,A,2014,94.08,
GAB,RENEWABLE,TOT,PC_PRYENRGSUPPLY,A,1971,45.44,
GAB,RENEWABLE,TOT,PC_PRYENRGSUPPLY,A,1972,47.49,
GAB,RENEWABLE,TOT,PC_PRYENRGSUPPLY,A,1973,35.24,
GAB,RENEWABLE,TOT,PC_PRYENRGSUPPLY,A,1974,33.57,
GAB,RENEWABLE,TOT,PC_PRYENRGSUPPLY,A,1975,41.94,
GAB,RENEWABLE,TOT,PC_PRYENRGSUPPLY,A,1976,44.85,
GAB,RENEWABLE,TOT,PC_PRYENRGSUPPLY,A,1977,42.84,
GAB,RENEWABLE,TOT,PC_PRYENRGSUPPLY,A,1978,38.45,
GAB,RENEWABLE,TOT,PC_PRYENRGSUPPLY,A,1979,44.41,
GAB,RENEWABLE,TOT,PC_PRYENRGSUPPLY,A,1980,44.65,
GAB,RENEWABLE,TOT,PC_PRYENRGSUPPLY,A,1981,41.47,
GAB,RENEWABLE,TOT,PC_PRYENRGSUPPLY,A,1982,41.54,
GAB,RENEWABLE,TOT,PC_PRYENRGSUPPLY,A,1983,41.52,
GAB,RENEWABLE,TOT,PC_PRYENRGSUPPLY,A,1984,45.92,
GAB,RENEWABLE,TOT,PC_PRYENRGSUPPLY,A,1985,52.73,
GAB,RENEWABLE,TOT,PC_PRYENRGSUPPLY,A,1986,53.85,
GAB,RENEWABLE,TOT,PC_PRYENRGSUPPLY,A,1987,57.75,
GAB,RENEWABLE,TOT,PC_PRYENRGSUPPLY,A,1988,55.64,
GAB,RENEWABLE,TOT,PC_PRYENRGSUPPLY,A,1989,60.60,
GAB,RENEWABLE,TOT,PC_PRYENRGSUPPLY,A,1990,67.99,
GAB,RENEWABLE,TOT,PC_PRYENRGSUPPLY,A,1991,68.10,
GAB,RENEWABLE,TOT,PC_PRYENRGSUPPLY,A,1992,65.52,
GAB,RENEWABLE,TOT,PC_PRYENRGSUPPLY,A,1993,63.24,
GAB,RENEWABLE,TOT,PC_PRYENRGSUPPLY,A,1994,71.63,
GAB,RENEWABLE,TOT,PC_PRYENRGSUPPLY,A,1995,67.39,
GAB,RENEWABLE,TOT,PC_PRYENRGSUPPLY,A,1996,65.49,
GAB,RENEWABLE,TOT,PC_PRYENRGSUPPLY,A,1997,65.76,
GAB,RENEWABLE,TOT,PC_PRYENRGSUPPLY,A,1998,63.22,
GAB,RENEWABLE,TOT,PC_PRYENRGSUPPLY,A,1999,66.45,
GAB,RENEWABLE,TOT,PC_PRYENRGSUPPLY,A,2000,67.57,
GAB,RENEWABLE,TOT,PC_PRYENRGSUPPLY,A,2001,64.82,
GAB,RENEWABLE,TOT,PC_PRYENRGSUPPLY,A,2002,71.92,
GAB,RENEWABLE,TOT,PC_PRYENRGSUPPLY,A,2003,76.42,
GAB,RENEWABLE,TOT,PC_PRYENRGSUPPLY,A,2004,79.04,
GAB,RENEWABLE,TOT,PC_PRYENRGSUPPLY,A,2005,79.62,
GAB,RENEWABLE,TOT,PC_PRYENRGSUPPLY,A,2006,81.30,
GAB,RENEWABLE,TOT,PC_PRYENRGSUPPLY,A,2007,81.79,
GAB,RENEWABLE,TOT,PC_PRYENRGSUPPLY,A,2008,82.93,
GAB,RENEWABLE,TOT,PC_PRYENRGSUPPLY,A,2009,83.50,
GAB,RENEWABLE,TOT,PC_PRYENRGSUPPLY,A,2010,81.04,
GAB,RENEWABLE,TOT,PC_PRYENRGSUPPLY,A,2011,73.61,
GAB,RENEWABLE,TOT,PC_PRYENRGSUPPLY,A,2012,68.86,
GAB,RENEWABLE,TOT,PC_PRYENRGSUPPLY,A,2013,77.21,
GAB,RENEWABLE,TOT,PC_PRYENRGSUPPLY,A,2014,75.14,
GEO,RENEWABLE,TOT,PC_PRYENRGSUPPLY,A,1990,8.94,
GEO,RENEWABLE,TOT,PC_PRYENRGSUPPLY,A,1991,10.64,
GEO,RENEWABLE,TOT,PC_PRYENRGSUPPLY,A,1992,14.24,
GEO,RENEWABLE,TOT,PC_PRYENRGSUPPLY,A,1993,21.05,
GEO,RENEWABLE,TOT,PC_PRYENRGSUPPLY,A,1994,18.62,
GEO,RENEWABLE,TOT,PC_PRYENRGSUPPLY,A,1995,30.09,
GEO,RENEWABLE,TOT,PC_PRYENRGSUPPLY,A,1996,39.28,
GEO,RENEWABLE,TOT,PC_PRYENRGSUPPLY,A,1997,39.65,
GEO,RENEWABLE,TOT,PC_PRYENRGSUPPLY,A,1998,41.14,
GEO,RENEWABLE,TOT,PC_PRYENRGSUPPLY,A,1999,44.12,
GEO,RENEWABLE,TOT,PC_PRYENRGSUPPLY,A,2000,40.26,
GEO,RENEWABLE,TOT,PC_PRYENRGSUPPLY,A,2001,44.02,
GEO,RENEWABLE,TOT,PC_PRYENRGSUPPLY,A,2002,48.62,
GEO,RENEWABLE,TOT,PC_PRYENRGSUPPLY,A,2003,44.96,
GEO,RENEWABLE,TOT,PC_PRYENRGSUPPLY,A,2004,42.26,
GEO,RENEWABLE,TOT,PC_PRYENRGSUPPLY,A,2005,31.51,
GEO,RENEWABLE,TOT,PC_PRYENRGSUPPLY,A,2006,27.84,
GEO,RENEWABLE,TOT,PC_PRYENRGSUPPLY,A,2007,29.82,
GEO,RENEWABLE,TOT,PC_PRYENRGSUPPLY,A,2008,33.55,
GEO,RENEWABLE,TOT,PC_PRYENRGSUPPLY,A,2009,34.35,
GEO,RENEWABLE,TOT,PC_PRYENRGSUPPLY,A,2010,38.77,
GEO,RENEWABLE,TOT,PC_PRYENRGSUPPLY,A,2011,28.33,
GEO,RENEWABLE,TOT,PC_PRYENRGSUPPLY,A,2012,25.34,
GEO,RENEWABLE,TOT,PC_PRYENRGSUPPLY,A,2013,30.99,
GEO,RENEWABLE,TOT,PC_PRYENRGSUPPLY,A,2014,27.30,
GHA,RENEWABLE,TOT,PC_PRYENRGSUPPLY,A,1971,78.00,
GHA,RENEWABLE,TOT,PC_PRYENRGSUPPLY,A,1972,78.02,
GHA,RENEWABLE,TOT,PC_PRYENRGSUPPLY,A,1973,78.03,
GHA,RENEWABLE,TOT,PC_PRYENRGSUPPLY,A,1974,78.21,
GHA,RENEWABLE,TOT,PC_PRYENRGSUPPLY,A,1975,77.14,
GHA,RENEWABLE,TOT,PC_PRYENRGSUPPLY,A,1976,79.63,
GHA,RENEWABLE,TOT,PC_PRYENRGSUPPLY,A,1977,77.49,
GHA,RENEWABLE,TOT,PC_PRYENRGSUPPLY,A,1978,78.02,
GHA,RENEWABLE,TOT,PC_PRYENRGSUPPLY,A,1979,81.15,
GHA,RENEWABLE,TOT,PC_PRYENRGSUPPLY,A,1980,82.14,
GHA,RENEWABLE,TOT,PC_PRYENRGSUPPLY,A,1981,80.22,
GHA,RENEWABLE,TOT,PC_PRYENRGSUPPLY,A,1982,78.96,
GHA,RENEWABLE,TOT,PC_PRYENRGSUPPLY,A,1983,89.62,
GHA,RENEWABLE,TOT,PC_PRYENRGSUPPLY,A,1984,84.94,
GHA,RENEWABLE,TOT,PC_PRYENRGSUPPLY,A,1985,81.62,
GHA,RENEWABLE,TOT,PC_PRYENRGSUPPLY,A,1986,83.82,
GHA,RENEWABLE,TOT,PC_PRYENRGSUPPLY,A,1987,80.50,
GHA,RENEWABLE,TOT,PC_PRYENRGSUPPLY,A,1988,85.24,
GHA,RENEWABLE,TOT,PC_PRYENRGSUPPLY,A,1989,82.43,
GHA,RENEWABLE,TOT,PC_PRYENRGSUPPLY,A,1990,83.00,
GHA,RENEWABLE,TOT,PC_PRYENRGSUPPLY,A,1991,84.70,
GHA,RENEWABLE,TOT,PC_PRYENRGSUPPLY,A,1992,85.27,
GHA,RENEWABLE,TOT,PC_PRYENRGSUPPLY,A,1993,83.70,
GHA,RENEWABLE,TOT,PC_PRYENRGSUPPLY,A,1994,82.93,
GHA,RENEWABLE,TOT,PC_PRYENRGSUPPLY,A,1995,81.17,
GHA,RENEWABLE,TOT,PC_PRYENRGSUPPLY,A,1996,80.83,
GHA,RENEWABLE,TOT,PC_PRYENRGSUPPLY,A,1997,79.22,
GHA,RENEWABLE,TOT,PC_PRYENRGSUPPLY,A,1998,73.20,
GHA,RENEWABLE,TOT,PC_PRYENRGSUPPLY,A,1999,73.44,
GHA,RENEWABLE,TOT,PC_PRYENRGSUPPLY,A,2000,71.00,
GHA,RENEWABLE,TOT,PC_PRYENRGSUPPLY,A,2001,67.61,
GHA,RENEWABLE,TOT,PC_PRYENRGSUPPLY,A,2002,63.24,
GHA,RENEWABLE,TOT,PC_PRYENRGSUPPLY,A,2003,62.75,
GHA,RENEWABLE,TOT,PC_PRYENRGSUPPLY,A,2004,62.77,
GHA,RENEWABLE,TOT,PC_PRYENRGSUPPLY,A,2005,62.14,
GHA,RENEWABLE,TOT,PC_PRYENRGSUPPLY,A,2006,57.14,
GHA,RENEWABLE,TOT,PC_PRYENRGSUPPLY,A,2007,53.98,
GHA,RENEWABLE,TOT,PC_PRYENRGSUPPLY,A,2008,57.41,
GHA,RENEWABLE,TOT,PC_PRYENRGSUPPLY,A,2009,54.70,
GHA,RENEWABLE,TOT,PC_PRYENRGSUPPLY,A,2010,51.40,
GHA,RENEWABLE,TOT,PC_PRYENRGSUPPLY,A,2011,50.84,
GHA,RENEWABLE,TOT,PC_PRYENRGSUPPLY,A,2012,47.93,
GHA,RENEWABLE,TOT,PC_PRYENRGSUPPLY,A,2013,47.59,
GHA,RENEWABLE,TOT,PC_PRYENRGSUPPLY,A,2014,48.14,
GTM,RENEWABLE,TOT,PC_PRYENRGSUPPLY,A,1971,70.72,
GTM,RENEWABLE,TOT,PC_PRYENRGSUPPLY,A,1972,70.32,
GTM,RENEWABLE,TOT,PC_PRYENRGSUPPLY,A,1973,69.30,
GTM,RENEWABLE,TOT,PC_PRYENRGSUPPLY,A,1974,69.30,
GTM,RENEWABLE,TOT,PC_PRYENRGSUPPLY,A,1975,73.36,
GTM,RENEWABLE,TOT,PC_PRYENRGSUPPLY,A,1976,72.69,
GTM,RENEWABLE,TOT,PC_PRYENRGSUPPLY,A,1977,69.78,
GTM,RENEWABLE,TOT,PC_PRYENRGSUPPLY,A,1978,68.65,
GTM,RENEWABLE,TOT,PC_PRYENRGSUPPLY,A,1979,65.66,
GTM,RENEWABLE,TOT,PC_PRYENRGSUPPLY,A,1980,62.55,
GTM,RENEWABLE,TOT,PC_PRYENRGSUPPLY,A,1981,66.71,
GTM,RENEWABLE,TOT,PC_PRYENRGSUPPLY,A,1982,70.74,
GTM,RENEWABLE,TOT,PC_PRYENRGSUPPLY,A,1983,72.51,
GTM,RENEWABLE,TOT,PC_PRYENRGSUPPLY,A,1984,69.75,
GTM,RENEWABLE,TOT,PC_PRYENRGSUPPLY,A,1985,69.92,
GTM,RENEWABLE,TOT,PC_PRYENRGSUPPLY,A,1986,76.63,
GTM,RENEWABLE,TOT,PC_PRYENRGSUPPLY,A,1987,74.88,
GTM,RENEWABLE,TOT,PC_PRYENRGSUPPLY,A,1988,73.49,
GTM,RENEWABLE,TOT,PC_PRYENRGSUPPLY,A,1989,73.93,
GTM,RENEWABLE,TOT,PC_PRYENRGSUPPLY,A,1990,72.14,
GTM,RENEWABLE,TOT,PC_PRYENRGSUPPLY,A,1991,71.42,
GTM,RENEWABLE,TOT,PC_PRYENRGSUPPLY,A,1992,69.15,
GTM,RENEWABLE,TOT,PC_PRYENRGSUPPLY,A,1993,68.45,
GTM,RENEWABLE,TOT,PC_PRYENRGSUPPLY,A,1994,64.42,
GTM,RENEWABLE,TOT,PC_PRYENRGSUPPLY,A,1995,63.33,
GTM,RENEWABLE,TOT,PC_PRYENRGSUPPLY,A,1996,62.33,
GTM,RENEWABLE,TOT,PC_PRYENRGSUPPLY,A,1997,61.88,
GTM,RENEWABLE,TOT,PC_PRYENRGSUPPLY,A,1998,57.84,
GTM,RENEWABLE,TOT,PC_PRYENRGSUPPLY,A,1999,60.01,
GTM,RENEWABLE,TOT,PC_PRYENRGSUPPLY,A,2000,58.58,
GTM,RENEWABLE,TOT,PC_PRYENRGSUPPLY,A,2001,57.04,
GTM,RENEWABLE,TOT,PC_PRYENRGSUPPLY,A,2002,56.16,
GTM,RENEWABLE,TOT,PC_PRYENRGSUPPLY,A,2003,57.97,
GTM,RENEWABLE,TOT,PC_PRYENRGSUPPLY,A,2004,57.49,
GTM,RENEWABLE,TOT,PC_PRYENRGSUPPLY,A,2005,56.18,
GTM,RENEWABLE,TOT,PC_PRYENRGSUPPLY,A,2006,56.90,
GTM,RENEWABLE,TOT,PC_PRYENRGSUPPLY,A,2007,56.72,
GTM,RENEWABLE,TOT,PC_PRYENRGSUPPLY,A,2008,59.71,
GTM,RENEWABLE,TOT,PC_PRYENRGSUPPLY,A,2009,61.00,
GTM,RENEWABLE,TOT,PC_PRYENRGSUPPLY,A,2010,67.15,
GTM,RENEWABLE,TOT,PC_PRYENRGSUPPLY,A,2011,68.83,
GTM,RENEWABLE,TOT,PC_PRYENRGSUPPLY,A,2012,69.10,
GTM,RENEWABLE,TOT,PC_PRYENRGSUPPLY,A,2013,67.60,
GTM,RENEWABLE,TOT,PC_PRYENRGSUPPLY,A,2014,62.95,
HTI,RENEWABLE,TOT,PC_PRYENRGSUPPLY,A,1971,91.60,
HTI,RENEWABLE,TOT,PC_PRYENRGSUPPLY,A,1972,92.32,
HTI,RENEWABLE,TOT,PC_PRYENRGSUPPLY,A,1973,92.31,
HTI,RENEWABLE,TOT,PC_PRYENRGSUPPLY,A,1974,91.80,
HTI,RENEWABLE,TOT,PC_PRYENRGSUPPLY,A,1975,91.91,
HTI,RENEWABLE,TOT,PC_PRYENRGSUPPLY,A,1976,89.31,
HTI,RENEWABLE,TOT,PC_PRYENRGSUPPLY,A,1977,89.36,
HTI,RENEWABLE,TOT,PC_PRYENRGSUPPLY,A,1978,88.91,
HTI,RENEWABLE,TOT,PC_PRYENRGSUPPLY,A,1979,89.10,
HTI,RENEWABLE,TOT,PC_PRYENRGSUPPLY,A,1980,90.10,
HTI,RENEWABLE,TOT,PC_PRYENRGSUPPLY,A,1981,90.48,
HTI,RENEWABLE,TOT,PC_PRYENRGSUPPLY,A,1982,88.35,
HTI,RENEWABLE,TOT,PC_PRYENRGSUPPLY,A,1983,87.05,
HTI,RENEWABLE,TOT,PC_PRYENRGSUPPLY,A,1984,86.62,
HTI,RENEWABLE,TOT,PC_PRYENRGSUPPLY,A,1985,86.74,
HTI,RENEWABLE,TOT,PC_PRYENRGSUPPLY,A,1986,83.51,
HTI,RENEWABLE,TOT,PC_PRYENRGSUPPLY,A,1987,82.35,
HTI,RENEWABLE,TOT,PC_PRYENRGSUPPLY,A,1988,81.47,
HTI,RENEWABLE,TOT,PC_PRYENRGSUPPLY,A,1989,80.51,
HTI,RENEWABLE,TOT,PC_PRYENRGSUPPLY,A,1990,80.27,
HTI,RENEWABLE,TOT,PC_PRYENRGSUPPLY,A,1991,81.36,
HTI,RENEWABLE,TOT,PC_PRYENRGSUPPLY,A,1992,83.24,
HTI,RENEWABLE,TOT,PC_PRYENRGSUPPLY,A,1993,85.63,
HTI,RENEWABLE,TOT,PC_PRYENRGSUPPLY,A,1994,95.61,
HTI,RENEWABLE,TOT,PC_PRYENRGSUPPLY,A,1995,82.23,
HTI,RENEWABLE,TOT,PC_PRYENRGSUPPLY,A,1996,82.14,
HTI,RENEWABLE,TOT,PC_PRYENRGSUPPLY,A,1997,77.55,
HTI,RENEWABLE,TOT,PC_PRYENRGSUPPLY,A,1998,79.34,
HTI,RENEWABLE,TOT,PC_PRYENRGSUPPLY,A,1999,77.97,
HTI,RENEWABLE,TOT,PC_PRYENRGSUPPLY,A,2000,76.69,
HTI,RENEWABLE,TOT,PC_PRYENRGSUPPLY,A,2001,75.11,
HTI,RENEWABLE,TOT,PC_PRYENRGSUPPLY,A,2002,75.04,
HTI,RENEWABLE,TOT,PC_PRYENRGSUPPLY,A,2003,75.45,
HTI,RENEWABLE,TOT,PC_PRYENRGSUPPLY,A,2004,72.29,
HTI,RENEWABLE,TOT,PC_PRYENRGSUPPLY,A,2005,80.50,
HTI,RENEWABLE,TOT,PC_PRYENRGSUPPLY,A,2006,80.62,
HTI,RENEWABLE,TOT,PC_PRYENRGSUPPLY,A,2007,79.00,
HTI,RENEWABLE,TOT,PC_PRYENRGSUPPLY,A,2008,79.27,
HTI,RENEWABLE,TOT,PC_PRYENRGSUPPLY,A,2009,80.71,
HTI,RENEWABLE,TOT,PC_PRYENRGSUPPLY,A,2010,82.23,
HTI,RENEWABLE,TOT,PC_PRYENRGSUPPLY,A,2011,82.04,
HTI,RENEWABLE,TOT,PC_PRYENRGSUPPLY,A,2012,81.95,
HTI,RENEWABLE,TOT,PC_PRYENRGSUPPLY,A,2013,81.30,
HTI,RENEWABLE,TOT,PC_PRYENRGSUPPLY,A,2014,77.98,
HND,RENEWABLE,TOT,PC_PRYENRGSUPPLY,A,1971,72.86,
HND,RENEWABLE,TOT,PC_PRYENRGSUPPLY,A,1972,73.12,
HND,RENEWABLE,TOT,PC_PRYENRGSUPPLY,A,1973,71.78,
HND,RENEWABLE,TOT,PC_PRYENRGSUPPLY,A,1974,72.75,
HND,RENEWABLE,TOT,PC_PRYENRGSUPPLY,A,1975,72.22,
HND,RENEWABLE,TOT,PC_PRYENRGSUPPLY,A,1976,70.89,
HND,RENEWABLE,TOT,PC_PRYENRGSUPPLY,A,1977,69.03,
HND,RENEWABLE,TOT,PC_PRYENRGSUPPLY,A,1978,69.62,
HND,RENEWABLE,TOT,PC_PRYENRGSUPPLY,A,1979,69.31,
HND,RENEWABLE,TOT,PC_PRYENRGSUPPLY,A,1980,70.28,
HND,RENEWABLE,TOT,PC_PRYENRGSUPPLY,A,1981,71.69,
HND,RENEWABLE,TOT,PC_PRYENRGSUPPLY,A,1982,67.95,
HND,RENEWABLE,TOT,PC_PRYENRGSUPPLY,A,1983,70.37,
HND,RENEWABLE,TOT,PC_PRYENRGSUPPLY,A,1984,69.58,
HND,RENEWABLE,TOT,PC_PRYENRGSUPPLY,A,1985,73.35,
HND,RENEWABLE,TOT,PC_PRYENRGSUPPLY,A,1986,71.97,
HND,RENEWABLE,TOT,PC_PRYENRGSUPPLY,A,1987,72.12,
HND,RENEWABLE,TOT,PC_PRYENRGSUPPLY,A,1988,70.50,
HND,RENEWABLE,TOT,PC_PRYENRGSUPPLY,A,1989,69.06,
HND,RENEWABLE,TOT,PC_PRYENRGSUPPLY,A,1990,71.19,
HND,RENEWABLE,TOT,PC_PRYENRGSUPPLY,A,1991,70.90,
HND,RENEWABLE,TOT,PC_PRYENRGSUPPLY,A,1992,67.70,
HND,RENEWABLE,TOT,PC_PRYENRGSUPPLY,A,1993,66.60,
HND,RENEWABLE,TOT,PC_PRYENRGSUPPLY,A,1994,62.87,
HND,RENEWABLE,TOT,PC_PRYENRGSUPPLY,A,1995,58.82,
HND,RENEWABLE,TOT,PC_PRYENRGSUPPLY,A,1996,59.87,
HND,RENEWABLE,TOT,PC_PRYENRGSUPPLY,A,1997,61.46,
HND,RENEWABLE,TOT,PC_PRYENRGSUPPLY,A,1998,57.02,
HND,RENEWABLE,TOT,PC_PRYENRGSUPPLY,A,1999,50.51,
HND,RENEWABLE,TOT,PC_PRYENRGSUPPLY,A,2000,50.93,
HND,RENEWABLE,TOT,PC_PRYENRGSUPPLY,A,2001,46.37,
HND,RENEWABLE,TOT,PC_PRYENRGSUPPLY,A,2002,45.38,
HND,RENEWABLE,TOT,PC_PRYENRGSUPPLY,A,2003,44.49,
HND,RENEWABLE,TOT,PC_PRYENRGSUPPLY,A,2004,42.69,
HND,RENEWABLE,TOT,PC_PRYENRGSUPPLY,A,2005,45.02,
HND,RENEWABLE,TOT,PC_PRYENRGSUPPLY,A,2006,49.53,
HND,RENEWABLE,TOT,PC_PRYENRGSUPPLY,A,2007,45.19,
HND,RENEWABLE,TOT,PC_PRYENRGSUPPLY,A,2008,45.66,
HND,RENEWABLE,TOT,PC_PRYENRGSUPPLY,A,2009,49.29,
HND,RENEWABLE,TOT,PC_PRYENRGSUPPLY,A,2010,48.82,
HND,RENEWABLE,TOT,PC_PRYENRGSUPPLY,A,2011,47.78,
HND,RENEWABLE,TOT,PC_PRYENRGSUPPLY,A,2012,48.39,
HND,RENEWABLE,TOT,PC_PRYENRGSUPPLY,A,2013,48.46,
HND,RENEWABLE,TOT,PC_PRYENRGSUPPLY,A,2014,47.00,
HKG,RENEWABLE,TOT,PC_PRYENRGSUPPLY,A,1971,1.62,
HKG,RENEWABLE,TOT,PC_PRYENRGSUPPLY,A,1972,1.48,
HKG,RENEWABLE,TOT,PC_PRYENRGSUPPLY,A,1973,1.47,
HKG,RENEWABLE,TOT,PC_PRYENRGSUPPLY,A,1974,1.29,
HKG,RENEWABLE,TOT,PC_PRYENRGSUPPLY,A,1975,1.09,
HKG,RENEWABLE,TOT,PC_PRYENRGSUPPLY,A,1976,1.12,
HKG,RENEWABLE,TOT,PC_PRYENRGSUPPLY,A,1977,0.99,
HKG,RENEWABLE,TOT,PC_PRYENRGSUPPLY,A,1978,0.96,
HKG,RENEWABLE,TOT,PC_PRYENRGSUPPLY,A,1979,1.13,
HKG,RENEWABLE,TOT,PC_PRYENRGSUPPLY,A,1980,1.15,
HKG,RENEWABLE,TOT,PC_PRYENRGSUPPLY,A,1981,1.03,
HKG,RENEWABLE,TOT,PC_PRYENRGSUPPLY,A,1982,0.98,
HKG,RENEWABLE,TOT,PC_PRYENRGSUPPLY,A,1983,0.93,
HKG,RENEWABLE,TOT,PC_PRYENRGSUPPLY,A,1984,0.89,
HKG,RENEWABLE,TOT,PC_PRYENRGSUPPLY,A,1985,0.85,
HKG,RENEWABLE,TOT,PC_PRYENRGSUPPLY,A,1986,0.74,
HKG,RENEWABLE,TOT,PC_PRYENRGSUPPLY,A,1987,0.67,
HKG,RENEWABLE,TOT,PC_PRYENRGSUPPLY,A,1988,0.59,
HKG,RENEWABLE,TOT,PC_PRYENRGSUPPLY,A,1989,0.60,
HKG,RENEWABLE,TOT,PC_PRYENRGSUPPLY,A,1990,0.63,
HKG,RENEWABLE,TOT,PC_PRYENRGSUPPLY,A,1991,0.62,
HKG,RENEWABLE,TOT,PC_PRYENRGSUPPLY,A,1992,0.51,
HKG,RENEWABLE,TOT,PC_PRYENRGSUPPLY,A,1993,0.54,
HKG,RENEWABLE,TOT,PC_PRYENRGSUPPLY,A,1994,0.52,
HKG,RENEWABLE,TOT,PC_PRYENRGSUPPLY,A,1995,0.53,
HKG,RENEWABLE,TOT,PC_PRYENRGSUPPLY,A,1996,0.55,
HKG,RENEWABLE,TOT,PC_PRYENRGSUPPLY,A,1997,0.56,
HKG,RENEWABLE,TOT,PC_PRYENRGSUPPLY,A,1998,0.42,
HKG,RENEWABLE,TOT,PC_PRYENRGSUPPLY,A,1999,0.35,
HKG,RENEWABLE,TOT,PC_PRYENRGSUPPLY,A,2000,0.40,
HKG,RENEWABLE,TOT,PC_PRYENRGSUPPLY,A,2001,0.33,
HKG,RENEWABLE,TOT,PC_PRYENRGSUPPLY,A,2002,0.43,
HKG,RENEWABLE,TOT,PC_PRYENRGSUPPLY,A,2003,0.42,
HKG,RENEWABLE,TOT,PC_PRYENRGSUPPLY,A,2004,0.45,
HKG,RENEWABLE,TOT,PC_PRYENRGSUPPLY,A,2005,0.45,
HKG,RENEWABLE,TOT,PC_PRYENRGSUPPLY,A,2006,0.52,
HKG,RENEWABLE,TOT,PC_PRYENRGSUPPLY,A,2007,0.47,
HKG,RENEWABLE,TOT,PC_PRYENRGSUPPLY,A,2008,0.50,
HKG,RENEWABLE,TOT,PC_PRYENRGSUPPLY,A,2009,0.47,
HKG,RENEWABLE,TOT,PC_PRYENRGSUPPLY,A,2010,0.72,
HKG,RENEWABLE,TOT,PC_PRYENRGSUPPLY,A,2011,0.80,
HKG,RENEWABLE,TOT,PC_PRYENRGSUPPLY,A,2012,0.71,
HKG,RENEWABLE,TOT,PC_PRYENRGSUPPLY,A,2013,0.78,
HKG,RENEWABLE,TOT,PC_PRYENRGSUPPLY,A,2014,1.36,
IND,RENEWABLE,TOT,PC_PRYENRGSUPPLY,A,1971,64.68,
IND,RENEWABLE,TOT,PC_PRYENRGSUPPLY,A,1972,64.58,
IND,RENEWABLE,TOT,PC_PRYENRGSUPPLY,A,1973,64.29,
IND,RENEWABLE,TOT,PC_PRYENRGSUPPLY,A,1974,63.19,
IND,RENEWABLE,TOT,PC_PRYENRGSUPPLY,A,1975,62.67,
IND,RENEWABLE,TOT,PC_PRYENRGSUPPLY,A,1976,61.68,
IND,RENEWABLE,TOT,PC_PRYENRGSUPPLY,A,1977,61.46,
IND,RENEWABLE,TOT,PC_PRYENRGSUPPLY,A,1978,62.40,
IND,RENEWABLE,TOT,PC_PRYENRGSUPPLY,A,1979,60.91,
IND,RENEWABLE,TOT,PC_PRYENRGSUPPLY,A,1980,60.23,
IND,RENEWABLE,TOT,PC_PRYENRGSUPPLY,A,1981,58.21,
IND,RENEWABLE,TOT,PC_PRYENRGSUPPLY,A,1982,56.74,
IND,RENEWABLE,TOT,PC_PRYENRGSUPPLY,A,1983,55.74,
IND,RENEWABLE,TOT,PC_PRYENRGSUPPLY,A,1984,54.38,
IND,RENEWABLE,TOT,PC_PRYENRGSUPPLY,A,1985,52.25,
IND,RENEWABLE,TOT,PC_PRYENRGSUPPLY,A,1986,51.23,
IND,RENEWABLE,TOT,PC_PRYENRGSUPPLY,A,1987,49.79,
IND,RENEWABLE,TOT,PC_PRYENRGSUPPLY,A,1988,48.17,
IND,RENEWABLE,TOT,PC_PRYENRGSUPPLY,A,1989,46.74,
IND,RENEWABLE,TOT,PC_PRYENRGSUPPLY,A,1990,45.67,
IND,RENEWABLE,TOT,PC_PRYENRGSUPPLY,A,1991,44.45,
IND,RENEWABLE,TOT,PC_PRYENRGSUPPLY,A,1992,43.37,
IND,RENEWABLE,TOT,PC_PRYENRGSUPPLY,A,1993,42.59,
IND,RENEWABLE,TOT,PC_PRYENRGSUPPLY,A,1994,41.53,
IND,RENEWABLE,TOT,PC_PRYENRGSUPPLY,A,1995,39.42,
IND,RENEWABLE,TOT,PC_PRYENRGSUPPLY,A,1996,38.52,
IND,RENEWABLE,TOT,PC_PRYENRGSUPPLY,A,1997,37.54,
IND,RENEWABLE,TOT,PC_PRYENRGSUPPLY,A,1998,37.20,
IND,RENEWABLE,TOT,PC_PRYENRGSUPPLY,A,1999,35.71,
IND,RENEWABLE,TOT,PC_PRYENRGSUPPLY,A,2000,35.25,
IND,RENEWABLE,TOT,PC_PRYENRGSUPPLY,A,2001,35.19,
IND,RENEWABLE,TOT,PC_PRYENRGSUPPLY,A,2002,34.55,
IND,RENEWABLE,TOT,PC_PRYENRGSUPPLY,A,2003,34.46,
IND,RENEWABLE,TOT,PC_PRYENRGSUPPLY,A,2004,33.49,
IND,RENEWABLE,TOT,PC_PRYENRGSUPPLY,A,2005,33.10,
IND,RENEWABLE,TOT,PC_PRYENRGSUPPLY,A,2006,32.24,
IND,RENEWABLE,TOT,PC_PRYENRGSUPPLY,A,2007,31.26,
IND,RENEWABLE,TOT,PC_PRYENRGSUPPLY,A,2008,30.25,
IND,RENEWABLE,TOT,PC_PRYENRGSUPPLY,A,2009,28.04,
IND,RENEWABLE,TOT,PC_PRYENRGSUPPLY,A,2010,27.52,
IND,RENEWABLE,TOT,PC_PRYENRGSUPPLY,A,2011,27.27,
IND,RENEWABLE,TOT,PC_PRYENRGSUPPLY,A,2012,26.37,
IND,RENEWABLE,TOT,PC_PRYENRGSUPPLY,A,2013,26.47,
IND,RENEWABLE,TOT,PC_PRYENRGSUPPLY,A,2014,25.30,
IDN,RENEWABLE,TOT,PC_PRYENRGSUPPLY,A,1971,75.32,
IDN,RENEWABLE,TOT,PC_PRYENRGSUPPLY,A,1972,73.12,
IDN,RENEWABLE,TOT,PC_PRYENRGSUPPLY,A,1973,70.77,
IDN,RENEWABLE,TOT,PC_PRYENRGSUPPLY,A,1974,68.49,
IDN,RENEWABLE,TOT,PC_PRYENRGSUPPLY,A,1975,67.38,
IDN,RENEWABLE,TOT,PC_PRYENRGSUPPLY,A,1976,65.55,
IDN,RENEWABLE,TOT,PC_PRYENRGSUPPLY,A,1977,60.16,
IDN,RENEWABLE,TOT,PC_PRYENRGSUPPLY,A,1978,57.43,
IDN,RENEWABLE,TOT,PC_PRYENRGSUPPLY,A,1979,55.84,
IDN,RENEWABLE,TOT,PC_PRYENRGSUPPLY,A,1980,54.52,
IDN,RENEWABLE,TOT,PC_PRYENRGSUPPLY,A,1981,52.92,
IDN,RENEWABLE,TOT,PC_PRYENRGSUPPLY,A,1982,52.87,
IDN,RENEWABLE,TOT,PC_PRYENRGSUPPLY,A,1983,53.34,
IDN,RENEWABLE,TOT,PC_PRYENRGSUPPLY,A,1984,52.29,
IDN,RENEWABLE,TOT,PC_PRYENRGSUPPLY,A,1985,51.43,
IDN,RENEWABLE,TOT,PC_PRYENRGSUPPLY,A,1986,47.56,
IDN,RENEWABLE,TOT,PC_PRYENRGSUPPLY,A,1987,47.82,
IDN,RENEWABLE,TOT,PC_PRYENRGSUPPLY,A,1988,48.15,
IDN,RENEWABLE,TOT,PC_PRYENRGSUPPLY,A,1989,46.40,
IDN,RENEWABLE,TOT,PC_PRYENRGSUPPLY,A,1990,46.57,
IDN,RENEWABLE,TOT,PC_PRYENRGSUPPLY,A,1991,45.19,
IDN,RENEWABLE,TOT,PC_PRYENRGSUPPLY,A,1992,44.30,
IDN,RENEWABLE,TOT,PC_PRYENRGSUPPLY,A,1993,40.92,
IDN,RENEWABLE,TOT,PC_PRYENRGSUPPLY,A,1994,42.53,
IDN,RENEWABLE,TOT,PC_PRYENRGSUPPLY,A,1995,39.41,
IDN,RENEWABLE,TOT,PC_PRYENRGSUPPLY,A,1996,38.49,
IDN,RENEWABLE,TOT,PC_PRYENRGSUPPLY,A,1997,37.95,
IDN,RENEWABLE,TOT,PC_PRYENRGSUPPLY,A,1998,39.34,
IDN,RENEWABLE,TOT,PC_PRYENRGSUPPLY,A,1999,37.79,
IDN,RENEWABLE,TOT,PC_PRYENRGSUPPLY,A,2000,38.05,
IDN,RENEWABLE,TOT,PC_PRYENRGSUPPLY,A,2001,38.54,
IDN,RENEWABLE,TOT,PC_PRYENRGSUPPLY,A,2002,37.45,
IDN,RENEWABLE,TOT,PC_PRYENRGSUPPLY,A,2003,37.56,
IDN,RENEWABLE,TOT,PC_PRYENRGSUPPLY,A,2004,35.68,
IDN,RENEWABLE,TOT,PC_PRYENRGSUPPLY,A,2005,35.00,
IDN,RENEWABLE,TOT,PC_PRYENRGSUPPLY,A,2006,34.82,
IDN,RENEWABLE,TOT,PC_PRYENRGSUPPLY,A,2007,35.42,
IDN,RENEWABLE,TOT,PC_PRYENRGSUPPLY,A,2008,36.19,
IDN,RENEWABLE,TOT,PC_PRYENRGSUPPLY,A,2009,34.48,
IDN,RENEWABLE,TOT,PC_PRYENRGSUPPLY,A,2010,32.85,
IDN,RENEWABLE,TOT,PC_PRYENRGSUPPLY,A,2011,34.69,
IDN,RENEWABLE,TOT,PC_PRYENRGSUPPLY,A,2012,34.89,
IDN,RENEWABLE,TOT,PC_PRYENRGSUPPLY,A,2013,34.72,
IDN,RENEWABLE,TOT,PC_PRYENRGSUPPLY,A,2014,34.43,
IRN,RENEWABLE,TOT,PC_PRYENRGSUPPLY,A,1971,2.27,
IRN,RENEWABLE,TOT,PC_PRYENRGSUPPLY,A,1972,2.69,
IRN,RENEWABLE,TOT,PC_PRYENRGSUPPLY,A,1973,1.90,
IRN,RENEWABLE,TOT,PC_PRYENRGSUPPLY,A,1974,1.85,
IRN,RENEWABLE,TOT,PC_PRYENRGSUPPLY,A,1975,1.73,
IRN,RENEWABLE,TOT,PC_PRYENRGSUPPLY,A,1976,1.66,
IRN,RENEWABLE,TOT,PC_PRYENRGSUPPLY,A,1977,1.56,
IRN,RENEWABLE,TOT,PC_PRYENRGSUPPLY,A,1978,2.09,
IRN,RENEWABLE,TOT,PC_PRYENRGSUPPLY,A,1979,1.62,
IRN,RENEWABLE,TOT,PC_PRYENRGSUPPLY,A,1980,1.63,
IRN,RENEWABLE,TOT,PC_PRYENRGSUPPLY,A,1981,1.64,
IRN,RENEWABLE,TOT,PC_PRYENRGSUPPLY,A,1982,1.44,
IRN,RENEWABLE,TOT,PC_PRYENRGSUPPLY,A,1983,1.68,
IRN,RENEWABLE,TOT,PC_PRYENRGSUPPLY,A,1984,1.40,
IRN,RENEWABLE,TOT,PC_PRYENRGSUPPLY,A,1985,1.32,
IRN,RENEWABLE,TOT,PC_PRYENRGSUPPLY,A,1986,1.62,
IRN,RENEWABLE,TOT,PC_PRYENRGSUPPLY,A,1987,1.66,
IRN,RENEWABLE,TOT,PC_PRYENRGSUPPLY,A,1988,1.56,
IRN,RENEWABLE,TOT,PC_PRYENRGSUPPLY,A,1989,1.28,
IRN,RENEWABLE,TOT,PC_PRYENRGSUPPLY,A,1990,1.07,
IRN,RENEWABLE,TOT,PC_PRYENRGSUPPLY,A,1991,1.08,
IRN,RENEWABLE,TOT,PC_PRYENRGSUPPLY,A,1992,1.32,
IRN,RENEWABLE,TOT,PC_PRYENRGSUPPLY,A,1993,1.28,
IRN,RENEWABLE,TOT,PC_PRYENRGSUPPLY,A,1994,0.96,
IRN,RENEWABLE,TOT,PC_PRYENRGSUPPLY,A,1995,0.88,
IRN,RENEWABLE,TOT,PC_PRYENRGSUPPLY,A,1996,0.93,
IRN,RENEWABLE,TOT,PC_PRYENRGSUPPLY,A,1997,0.77,
IRN,RENEWABLE,TOT,PC_PRYENRGSUPPLY,A,1998,0.72,
IRN,RENEWABLE,TOT,PC_PRYENRGSUPPLY,A,1999,0.48,
IRN,RENEWABLE,TOT,PC_PRYENRGSUPPLY,A,2000,0.38,
IRN,RENEWABLE,TOT,PC_PRYENRGSUPPLY,A,2001,0.43,
IRN,RENEWABLE,TOT,PC_PRYENRGSUPPLY,A,2002,0.58,
IRN,RENEWABLE,TOT,PC_PRYENRGSUPPLY,A,2003,0.74,
IRN,RENEWABLE,TOT,PC_PRYENRGSUPPLY,A,2004,0.65,
IRN,RENEWABLE,TOT,PC_PRYENRGSUPPLY,A,2005,1.14,
IRN,RENEWABLE,TOT,PC_PRYENRGSUPPLY,A,2006,1.20,
IRN,RENEWABLE,TOT,PC_PRYENRGSUPPLY,A,2007,1.13,
IRN,RENEWABLE,TOT,PC_PRYENRGSUPPLY,A,2008,0.52,
IRN,RENEWABLE,TOT,PC_PRYENRGSUPPLY,A,2009,0.62,
IRN,RENEWABLE,TOT,PC_PRYENRGSUPPLY,A,2010,0.71,
IRN,RENEWABLE,TOT,PC_PRYENRGSUPPLY,A,2011,0.75,
IRN,RENEWABLE,TOT,PC_PRYENRGSUPPLY,A,2012,0.74,
IRN,RENEWABLE,TOT,PC_PRYENRGSUPPLY,A,2013,0.81,
IRN,RENEWABLE,TOT,PC_PRYENRGSUPPLY,A,2014,0.73,
IRQ,RENEWABLE,TOT,PC_PRYENRGSUPPLY,A,1971,0.93,
IRQ,RENEWABLE,TOT,PC_PRYENRGSUPPLY,A,1972,0.83,
IRQ,RENEWABLE,TOT,PC_PRYENRGSUPPLY,A,1973,0.99,
IRQ,RENEWABLE,TOT,PC_PRYENRGSUPPLY,A,1974,1.07,
IRQ,RENEWABLE,TOT,PC_PRYENRGSUPPLY,A,1975,0.99,
IRQ,RENEWABLE,TOT,PC_PRYENRGSUPPLY,A,1976,0.80,
IRQ,RENEWABLE,TOT,PC_PRYENRGSUPPLY,A,1977,0.93,
IRQ,RENEWABLE,TOT,PC_PRYENRGSUPPLY,A,1978,0.95,
IRQ,RENEWABLE,TOT,PC_PRYENRGSUPPLY,A,1979,1.02,
IRQ,RENEWABLE,TOT,PC_PRYENRGSUPPLY,A,1980,0.80,
IRQ,RENEWABLE,TOT,PC_PRYENRGSUPPLY,A,1981,0.73,
IRQ,RENEWABLE,TOT,PC_PRYENRGSUPPLY,A,1982,0.71,
IRQ,RENEWABLE,TOT,PC_PRYENRGSUPPLY,A,1983,0.59,
IRQ,RENEWABLE,TOT,PC_PRYENRGSUPPLY,A,1984,0.56,
IRQ,RENEWABLE,TOT,PC_PRYENRGSUPPLY,A,1985,0.49,
IRQ,RENEWABLE,TOT,PC_PRYENRGSUPPLY,A,1986,0.45,
IRQ,RENEWABLE,TOT,PC_PRYENRGSUPPLY,A,1987,1.55,
IRQ,RENEWABLE,TOT,PC_PRYENRGSUPPLY,A,1988,1.29,
IRQ,RENEWABLE,TOT,PC_PRYENRGSUPPLY,A,1989,1.17,
IRQ,RENEWABLE,TOT,PC_PRYENRGSUPPLY,A,1990,1.23,
IRQ,RENEWABLE,TOT,PC_PRYENRGSUPPLY,A,1991,0.63,
IRQ,RENEWABLE,TOT,PC_PRYENRGSUPPLY,A,1992,0.36,
IRQ,RENEWABLE,TOT,PC_PRYENRGSUPPLY,A,1993,0.25,
IRQ,RENEWABLE,TOT,PC_PRYENRGSUPPLY,A,1994,0.21,
IRQ,RENEWABLE,TOT,PC_PRYENRGSUPPLY,A,1995,0.22,
IRQ,RENEWABLE,TOT,PC_PRYENRGSUPPLY,A,1996,0.23,
IRQ,RENEWABLE,TOT,PC_PRYENRGSUPPLY,A,1997,0.20,
IRQ,RENEWABLE,TOT,PC_PRYENRGSUPPLY,A,1998,0.28,
IRQ,RENEWABLE,TOT,PC_PRYENRGSUPPLY,A,1999,0.37,
IRQ,RENEWABLE,TOT,PC_PRYENRGSUPPLY,A,2000,0.32,
IRQ,RENEWABLE,TOT,PC_PRYENRGSUPPLY,A,2001,0.29,
IRQ,RENEWABLE,TOT,PC_PRYENRGSUPPLY,A,2002,0.28,
IRQ,RENEWABLE,TOT,PC_PRYENRGSUPPLY,A,2003,0.28,
IRQ,RENEWABLE,TOT,PC_PRYENRGSUPPLY,A,2004,0.29,
IRQ,RENEWABLE,TOT,PC_PRYENRGSUPPLY,A,2005,2.08,
IRQ,RENEWABLE,TOT,PC_PRYENRGSUPPLY,A,2006,2.25,
IRQ,RENEWABLE,TOT,PC_PRYENRGSUPPLY,A,2007,2.09,
IRQ,RENEWABLE,TOT,PC_PRYENRGSUPPLY,A,2008,1.23,
IRQ,RENEWABLE,TOT,PC_PRYENRGSUPPLY,A,2009,0.96,
IRQ,RENEWABLE,TOT,PC_PRYENRGSUPPLY,A,2010,1.20,
IRQ,RENEWABLE,TOT,PC_PRYENRGSUPPLY,A,2011,0.81,
IRQ,RENEWABLE,TOT,PC_PRYENRGSUPPLY,A,2012,0.92,
IRQ,RENEWABLE,TOT,PC_PRYENRGSUPPLY,A,2013,0.92,
IRQ,RENEWABLE,TOT,PC_PRYENRGSUPPLY,A,2014,0.60,
ISR,RENEWABLE,TOT,PC_PRYENRGSUPPLY,A,1971,0.06,
ISR,RENEWABLE,TOT,PC_PRYENRGSUPPLY,A,1972,0.07,
ISR,RENEWABLE,TOT,PC_PRYENRGSUPPLY,A,1973,0.04,
ISR,RENEWABLE,TOT,PC_PRYENRGSUPPLY,A,1974,0.04,
ISR,RENEWABLE,TOT,PC_PRYENRGSUPPLY,A,1975,0.04,
ISR,RENEWABLE,TOT,PC_PRYENRGSUPPLY,A,1976,0.04,
ISR,RENEWABLE,TOT,PC_PRYENRGSUPPLY,A,1977,0.04,
ISR,RENEWABLE,TOT,PC_PRYENRGSUPPLY,A,1978,0.04,
ISR,RENEWABLE,TOT,PC_PRYENRGSUPPLY,A,1979,0.03,
ISR,RENEWABLE,TOT,PC_PRYENRGSUPPLY,A,1980,0.03,
ISR,RENEWABLE,TOT,PC_PRYENRGSUPPLY,A,1981,0.04,
ISR,RENEWABLE,TOT,PC_PRYENRGSUPPLY,A,1982,0.03,
ISR,RENEWABLE,TOT,PC_PRYENRGSUPPLY,A,1983,0.04,
ISR,RENEWABLE,TOT,PC_PRYENRGSUPPLY,A,1984,0.04,
ISR,RENEWABLE,TOT,PC_PRYENRGSUPPLY,A,1985,3.08,
ISR,RENEWABLE,TOT,PC_PRYENRGSUPPLY,A,1986,3.30,
ISR,RENEWABLE,TOT,PC_PRYENRGSUPPLY,A,1987,3.16,
ISR,RENEWABLE,TOT,PC_PRYENRGSUPPLY,A,1988,3.03,
ISR,RENEWABLE,TOT,PC_PRYENRGSUPPLY,A,1989,3.05,
ISR,RENEWABLE,TOT,PC_PRYENRGSUPPLY,A,1990,3.15,
ISR,RENEWABLE,TOT,PC_PRYENRGSUPPLY,A,1991,3.33,
ISR,RENEWABLE,TOT,PC_PRYENRGSUPPLY,A,1992,3.06,
ISR,RENEWABLE,TOT,PC_PRYENRGSUPPLY,A,1993,3.07,
ISR,RENEWABLE,TOT,PC_PRYENRGSUPPLY,A,1994,3.01,
ISR,RENEWABLE,TOT,PC_PRYENRGSUPPLY,A,1995,3.03,
ISR,RENEWABLE,TOT,PC_PRYENRGSUPPLY,A,1996,3.09,
ISR,RENEWABLE,TOT,PC_PRYENRGSUPPLY,A,1997,3.09,
ISR,RENEWABLE,TOT,PC_PRYENRGSUPPLY,A,1998,3.18,
ISR,RENEWABLE,TOT,PC_PRYENRGSUPPLY,A,1999,3.28,
ISR,RENEWABLE,TOT,PC_PRYENRGSUPPLY,A,2000,3.33,
ISR,RENEWABLE,TOT,PC_PRYENRGSUPPLY,A,2001,3.32,
ISR,RENEWABLE,TOT,PC_PRYENRGSUPPLY,A,2002,3.55,
ISR,RENEWABLE,TOT,PC_PRYENRGSUPPLY,A,2003,3.56,
ISR,RENEWABLE,TOT,PC_PRYENRGSUPPLY,A,2004,3.83,
ISR,RENEWABLE,TOT,PC_PRYENRGSUPPLY,A,2005,3.99,
ISR,RENEWABLE,TOT,PC_PRYENRGSUPPLY,A,2006,3.67,
ISR,RENEWABLE,TOT,PC_PRYENRGSUPPLY,A,2007,3.64,
ISR,RENEWABLE,TOT,PC_PRYENRGSUPPLY,A,2008,4.71,
ISR,RENEWABLE,TOT,PC_PRYENRGSUPPLY,A,2009,4.97,
ISR,RENEWABLE,TOT,PC_PRYENRGSUPPLY,A,2010,4.99,
ISR,RENEWABLE,TOT,PC_PRYENRGSUPPLY,A,2011,4.96,
ISR,RENEWABLE,TOT,PC_PRYENRGSUPPLY,A,2012,4.79,
ISR,RENEWABLE,TOT,PC_PRYENRGSUPPLY,A,2013,5.04,
ISR,RENEWABLE,TOT,PC_PRYENRGSUPPLY,A,2014,5.28,
ISR,RENEWABLE,TOT,PC_PRYENRGSUPPLY,A,2015,5.32,
JAM,RENEWABLE,TOT,PC_PRYENRGSUPPLY,A,1971,13.78,
JAM,RENEWABLE,TOT,PC_PRYENRGSUPPLY,A,1972,10.93,
JAM,RENEWABLE,TOT,PC_PRYENRGSUPPLY,A,1973,8.60,
JAM,RENEWABLE,TOT,PC_PRYENRGSUPPLY,A,1974,9.76,
JAM,RENEWABLE,TOT,PC_PRYENRGSUPPLY,A,1975,9.46,
JAM,RENEWABLE,TOT,PC_PRYENRGSUPPLY,A,1976,10.46,
JAM,RENEWABLE,TOT,PC_PRYENRGSUPPLY,A,1977,9.85,
JAM,RENEWABLE,TOT,PC_PRYENRGSUPPLY,A,1978,10.25,
JAM,RENEWABLE,TOT,PC_PRYENRGSUPPLY,A,1979,8.69,
JAM,RENEWABLE,TOT,PC_PRYENRGSUPPLY,A,1980,9.83,
JAM,RENEWABLE,TOT,PC_PRYENRGSUPPLY,A,1981,9.66,
JAM,RENEWABLE,TOT,PC_PRYENRGSUPPLY,A,1982,10.80,
JAM,RENEWABLE,TOT,PC_PRYENRGSUPPLY,A,1983,11.75,
JAM,RENEWABLE,TOT,PC_PRYENRGSUPPLY,A,1984,13.58,
JAM,RENEWABLE,TOT,PC_PRYENRGSUPPLY,A,1985,14.63,
JAM,RENEWABLE,TOT,PC_PRYENRGSUPPLY,A,1986,14.58,
JAM,RENEWABLE,TOT,PC_PRYENRGSUPPLY,A,1987,14.23,
JAM,RENEWABLE,TOT,PC_PRYENRGSUPPLY,A,1988,14.18,
JAM,RENEWABLE,TOT,PC_PRYENRGSUPPLY,A,1989,13.46,
JAM,RENEWABLE,TOT,PC_PRYENRGSUPPLY,A,1990,17.40,
JAM,RENEWABLE,TOT,PC_PRYENRGSUPPLY,A,1991,17.36,
JAM,RENEWABLE,TOT,PC_PRYENRGSUPPLY,A,1992,16.46,
JAM,RENEWABLE,TOT,PC_PRYENRGSUPPLY,A,1993,16.02,
JAM,RENEWABLE,TOT,PC_PRYENRGSUPPLY,A,1994,16.13,
JAM,RENEWABLE,TOT,PC_PRYENRGSUPPLY,A,1995,15.10,
JAM,RENEWABLE,TOT,PC_PRYENRGSUPPLY,A,1996,14.74,
JAM,RENEWABLE,TOT,PC_PRYENRGSUPPLY,A,1997,15.12,
JAM,RENEWABLE,TOT,PC_PRYENRGSUPPLY,A,1998,13.31,
JAM,RENEWABLE,TOT,PC_PRYENRGSUPPLY,A,1999,13.35,
JAM,RENEWABLE,TOT,PC_PRYENRGSUPPLY,A,2000,15.44,
JAM,RENEWABLE,TOT,PC_PRYENRGSUPPLY,A,2001,13.08,
JAM,RENEWABLE,TOT,PC_PRYENRGSUPPLY,A,2002,11.03,
JAM,RENEWABLE,TOT,PC_PRYENRGSUPPLY,A,2003,10.66,
JAM,RENEWABLE,TOT,PC_PRYENRGSUPPLY,A,2004,10.97,
JAM,RENEWABLE,TOT,PC_PRYENRGSUPPLY,A,2005,11.08,
JAM,RENEWABLE,TOT,PC_PRYENRGSUPPLY,A,2006,9.88,
JAM,RENEWABLE,TOT,PC_PRYENRGSUPPLY,A,2007,9.67,
JAM,RENEWABLE,TOT,PC_PRYENRGSUPPLY,A,2008,14.02,
JAM,RENEWABLE,TOT,PC_PRYENRGSUPPLY,A,2009,17.68,
JAM,RENEWABLE,TOT,PC_PRYENRGSUPPLY,A,2010,17.35,
JAM,RENEWABLE,TOT,PC_PRYENRGSUPPLY,A,2011,17.51,
JAM,RENEWABLE,TOT,PC_PRYENRGSUPPLY,A,2012,19.18,
JAM,RENEWABLE,TOT,PC_PRYENRGSUPPLY,A,2013,18.59,
JAM,RENEWABLE,TOT,PC_PRYENRGSUPPLY,A,2014,19.03,
JOR,RENEWABLE,TOT,PC_PRYENRGSUPPLY,A,1971,0.19,
JOR,RENEWABLE,TOT,PC_PRYENRGSUPPLY,A,1972,0.17,
JOR,RENEWABLE,TOT,PC_PRYENRGSUPPLY,A,1973,0.15,
JOR,RENEWABLE,TOT,PC_PRYENRGSUPPLY,A,1974,0.14,
JOR,RENEWABLE,TOT,PC_PRYENRGSUPPLY,A,1975,0.12,
JOR,RENEWABLE,TOT,PC_PRYENRGSUPPLY,A,1976,0.12,
JOR,RENEWABLE,TOT,PC_PRYENRGSUPPLY,A,1977,0.07,
JOR,RENEWABLE,TOT,PC_PRYENRGSUPPLY,A,1978,0.06,
JOR,RENEWABLE,TOT,PC_PRYENRGSUPPLY,A,1979,0.06,
JOR,RENEWABLE,TOT,PC_PRYENRGSUPPLY,A,1980,0.05,
JOR,RENEWABLE,TOT,PC_PRYENRGSUPPLY,A,1981,0.05,
JOR,RENEWABLE,TOT,PC_PRYENRGSUPPLY,A,1982,0.08,
JOR,RENEWABLE,TOT,PC_PRYENRGSUPPLY,A,1983,0.08,
JOR,RENEWABLE,TOT,PC_PRYENRGSUPPLY,A,1984,0.07,
JOR,RENEWABLE,TOT,PC_PRYENRGSUPPLY,A,1985,0.07,
JOR,RENEWABLE,TOT,PC_PRYENRGSUPPLY,A,1986,0.08,
JOR,RENEWABLE,TOT,PC_PRYENRGSUPPLY,A,1987,0.12,
JOR,RENEWABLE,TOT,PC_PRYENRGSUPPLY,A,1988,0.15,
JOR,RENEWABLE,TOT,PC_PRYENRGSUPPLY,A,1989,0.12,
JOR,RENEWABLE,TOT,PC_PRYENRGSUPPLY,A,1990,1.87,
JOR,RENEWABLE,TOT,PC_PRYENRGSUPPLY,A,1991,1.80,
JOR,RENEWABLE,TOT,PC_PRYENRGSUPPLY,A,1992,1.62,
JOR,RENEWABLE,TOT,PC_PRYENRGSUPPLY,A,1993,1.65,
JOR,RENEWABLE,TOT,PC_PRYENRGSUPPLY,A,1994,1.53,
JOR,RENEWABLE,TOT,PC_PRYENRGSUPPLY,A,1995,1.45,
JOR,RENEWABLE,TOT,PC_PRYENRGSUPPLY,A,1996,1.42,
JOR,RENEWABLE,TOT,PC_PRYENRGSUPPLY,A,1997,1.43,
JOR,RENEWABLE,TOT,PC_PRYENRGSUPPLY,A,1998,1.44,
JOR,RENEWABLE,TOT,PC_PRYENRGSUPPLY,A,1999,1.47,
JOR,RENEWABLE,TOT,PC_PRYENRGSUPPLY,A,2000,1.47,
JOR,RENEWABLE,TOT,PC_PRYENRGSUPPLY,A,2001,1.53,
JOR,RENEWABLE,TOT,PC_PRYENRGSUPPLY,A,2002,1.47,
JOR,RENEWABLE,TOT,PC_PRYENRGSUPPLY,A,2003,1.43,
JOR,RENEWABLE,TOT,PC_PRYENRGSUPPLY,A,2004,1.24,
JOR,RENEWABLE,TOT,PC_PRYENRGSUPPLY,A,2005,1.15,
JOR,RENEWABLE,TOT,PC_PRYENRGSUPPLY,A,2006,1.53,
JOR,RENEWABLE,TOT,PC_PRYENRGSUPPLY,A,2007,1.55,
JOR,RENEWABLE,TOT,PC_PRYENRGSUPPLY,A,2008,1.72,
JOR,RENEWABLE,TOT,PC_PRYENRGSUPPLY,A,2009,1.76,
JOR,RENEWABLE,TOT,PC_PRYENRGSUPPLY,A,2010,1.91,
JOR,RENEWABLE,TOT,PC_PRYENRGSUPPLY,A,2011,2.00,
JOR,RENEWABLE,TOT,PC_PRYENRGSUPPLY,A,2012,1.93,
JOR,RENEWABLE,TOT,PC_PRYENRGSUPPLY,A,2013,2.02,
JOR,RENEWABLE,TOT,PC_PRYENRGSUPPLY,A,2014,2.00,
KAZ,RENEWABLE,TOT,PC_PRYENRGSUPPLY,A,1990,1.02,
KAZ,RENEWABLE,TOT,PC_PRYENRGSUPPLY,A,1991,0.98,
KAZ,RENEWABLE,TOT,PC_PRYENRGSUPPLY,A,1992,0.89,
KAZ,RENEWABLE,TOT,PC_PRYENRGSUPPLY,A,1993,1.12,
KAZ,RENEWABLE,TOT,PC_PRYENRGSUPPLY,A,1994,1.49,
KAZ,RENEWABLE,TOT,PC_PRYENRGSUPPLY,A,1995,1.52,
KAZ,RENEWABLE,TOT,PC_PRYENRGSUPPLY,A,1996,1.55,
KAZ,RENEWABLE,TOT,PC_PRYENRGSUPPLY,A,1997,1.60,
KAZ,RENEWABLE,TOT,PC_PRYENRGSUPPLY,A,1998,1.53,
KAZ,RENEWABLE,TOT,PC_PRYENRGSUPPLY,A,1999,1.67,
KAZ,RENEWABLE,TOT,PC_PRYENRGSUPPLY,A,2000,2.02,
KAZ,RENEWABLE,TOT,PC_PRYENRGSUPPLY,A,2001,2.07,
KAZ,RENEWABLE,TOT,PC_PRYENRGSUPPLY,A,2002,1.98,
KAZ,RENEWABLE,TOT,PC_PRYENRGSUPPLY,A,2003,1.78,
KAZ,RENEWABLE,TOT,PC_PRYENRGSUPPLY,A,2004,1.41,
KAZ,RENEWABLE,TOT,PC_PRYENRGSUPPLY,A,2005,1.35,
KAZ,RENEWABLE,TOT,PC_PRYENRGSUPPLY,A,2006,1.12,
KAZ,RENEWABLE,TOT,PC_PRYENRGSUPPLY,A,2007,1.10,
KAZ,RENEWABLE,TOT,PC_PRYENRGSUPPLY,A,2008,1.02,
KAZ,RENEWABLE,TOT,PC_PRYENRGSUPPLY,A,2009,1.04,
KAZ,RENEWABLE,TOT,PC_PRYENRGSUPPLY,A,2010,1.07,
KAZ,RENEWABLE,TOT,PC_PRYENRGSUPPLY,A,2011,0.98,
KAZ,RENEWABLE,TOT,PC_PRYENRGSUPPLY,A,2012,0.97,
KAZ,RENEWABLE,TOT,PC_PRYENRGSUPPLY,A,2013,0.90,
KAZ,RENEWABLE,TOT,PC_PRYENRGSUPPLY,A,2014,0.96,
KEN,RENEWABLE,TOT,PC_PRYENRGSUPPLY,A,1971,78.46,
KEN,RENEWABLE,TOT,PC_PRYENRGSUPPLY,A,1972,77.85,
KEN,RENEWABLE,TOT,PC_PRYENRGSUPPLY,A,1973,78.61,
KEN,RENEWABLE,TOT,PC_PRYENRGSUPPLY,A,1974,78.74,
KEN,RENEWABLE,TOT,PC_PRYENRGSUPPLY,A,1975,79.85,
KEN,RENEWABLE,TOT,PC_PRYENRGSUPPLY,A,1976,78.88,
KEN,RENEWABLE,TOT,PC_PRYENRGSUPPLY,A,1977,78.17,
KEN,RENEWABLE,TOT,PC_PRYENRGSUPPLY,A,1978,79.13,
KEN,RENEWABLE,TOT,PC_PRYENRGSUPPLY,A,1979,79.51,
KEN,RENEWABLE,TOT,PC_PRYENRGSUPPLY,A,1980,79.25,
KEN,RENEWABLE,TOT,PC_PRYENRGSUPPLY,A,1981,80.42,
KEN,RENEWABLE,TOT,PC_PRYENRGSUPPLY,A,1982,82.02,
KEN,RENEWABLE,TOT,PC_PRYENRGSUPPLY,A,1983,83.91,
KEN,RENEWABLE,TOT,PC_PRYENRGSUPPLY,A,1984,82.26,
KEN,RENEWABLE,TOT,PC_PRYENRGSUPPLY,A,1985,82.03,
KEN,RENEWABLE,TOT,PC_PRYENRGSUPPLY,A,1986,81.05,
KEN,RENEWABLE,TOT,PC_PRYENRGSUPPLY,A,1987,80.61,
KEN,RENEWABLE,TOT,PC_PRYENRGSUPPLY,A,1988,81.30,
KEN,RENEWABLE,TOT,PC_PRYENRGSUPPLY,A,1989,81.12,
KEN,RENEWABLE,TOT,PC_PRYENRGSUPPLY,A,1990,82.01,
KEN,RENEWABLE,TOT,PC_PRYENRGSUPPLY,A,1991,83.06,
KEN,RENEWABLE,TOT,PC_PRYENRGSUPPLY,A,1992,83.27,
KEN,RENEWABLE,TOT,PC_PRYENRGSUPPLY,A,1993,83.84,
KEN,RENEWABLE,TOT,PC_PRYENRGSUPPLY,A,1994,85.03,
KEN,RENEWABLE,TOT,PC_PRYENRGSUPPLY,A,1995,84.34,
KEN,RENEWABLE,TOT,PC_PRYENRGSUPPLY,A,1996,83.58,
KEN,RENEWABLE,TOT,PC_PRYENRGSUPPLY,A,1997,84.35,
KEN,RENEWABLE,TOT,PC_PRYENRGSUPPLY,A,1998,83.40,
KEN,RENEWABLE,TOT,PC_PRYENRGSUPPLY,A,1999,82.94,
KEN,RENEWABLE,TOT,PC_PRYENRGSUPPLY,A,2000,81.65,
KEN,RENEWABLE,TOT,PC_PRYENRGSUPPLY,A,2001,83.47,
KEN,RENEWABLE,TOT,PC_PRYENRGSUPPLY,A,2002,84.27,
KEN,RENEWABLE,TOT,PC_PRYENRGSUPPLY,A,2003,86.94,
KEN,RENEWABLE,TOT,PC_PRYENRGSUPPLY,A,2004,85.87,
KEN,RENEWABLE,TOT,PC_PRYENRGSUPPLY,A,2005,84.83,
KEN,RENEWABLE,TOT,PC_PRYENRGSUPPLY,A,2006,83.50,
KEN,RENEWABLE,TOT,PC_PRYENRGSUPPLY,A,2007,83.86,
KEN,RENEWABLE,TOT,PC_PRYENRGSUPPLY,A,2008,83.44,
KEN,RENEWABLE,TOT,PC_PRYENRGSUPPLY,A,2009,81.30,
KEN,RENEWABLE,TOT,PC_PRYENRGSUPPLY,A,2010,80.78,
KEN,RENEWABLE,TOT,PC_PRYENRGSUPPLY,A,2011,81.29,
KEN,RENEWABLE,TOT,PC_PRYENRGSUPPLY,A,2012,83.01,
KEN,RENEWABLE,TOT,PC_PRYENRGSUPPLY,A,2013,81.86,
KEN,RENEWABLE,TOT,PC_PRYENRGSUPPLY,A,2014,82.83,
KWT,RENEWABLE,TOT,PC_PRYENRGSUPPLY,A,1971,0.18,
KWT,RENEWABLE,TOT,PC_PRYENRGSUPPLY,A,1972,0.05,
KWT,RENEWABLE,TOT,PC_PRYENRGSUPPLY,A,1973,0.33,
KWT,RENEWABLE,TOT,PC_PRYENRGSUPPLY,A,1974,0.12,
KWT,RENEWABLE,TOT,PC_PRYENRGSUPPLY,A,1975,0.12,
KWT,RENEWABLE,TOT,PC_PRYENRGSUPPLY,A,1976,0.12,
KWT,RENEWABLE,TOT,PC_PRYENRGSUPPLY,A,1977,0.01,
KWT,RENEWABLE,TOT,PC_PRYENRGSUPPLY,A,1978,0.01,
KWT,RENEWABLE,TOT,PC_PRYENRGSUPPLY,A,1979,0.03,
KWT,RENEWABLE,TOT,PC_PRYENRGSUPPLY,A,1980,0.04,
KWT,RENEWABLE,TOT,PC_PRYENRGSUPPLY,A,1981,0.04,
KWT,RENEWABLE,TOT,PC_PRYENRGSUPPLY,A,1982,0.03,
KWT,RENEWABLE,TOT,PC_PRYENRGSUPPLY,A,1983,0.01,
KWT,RENEWABLE,TOT,PC_PRYENRGSUPPLY,A,1984,0.05,
KWT,RENEWABLE,TOT,PC_PRYENRGSUPPLY,A,1985,0.04,
KWT,RENEWABLE,TOT,PC_PRYENRGSUPPLY,A,1986,0.04,
KWT,RENEWABLE,TOT,PC_PRYENRGSUPPLY,A,1987,0.04,
KWT,RENEWABLE,TOT,PC_PRYENRGSUPPLY,A,1988,0.03,
KWT,RENEWABLE,TOT,PC_PRYENRGSUPPLY,A,1989,0.02,
KWT,RENEWABLE,TOT,PC_PRYENRGSUPPLY,A,1990,0.06,
KWT,RENEWABLE,TOT,PC_PRYENRGSUPPLY,A,1991,0.22,
KWT,RENEWABLE,TOT,PC_PRYENRGSUPPLY,A,1992,0.09,
KWT,RENEWABLE,TOT,PC_PRYENRGSUPPLY,A,1993,0.03,
KWT,RENEWABLE,TOT,PC_PRYENRGSUPPLY,A,1994,0.02,
KWT,RENEWABLE,TOT,PC_PRYENRGSUPPLY,A,1995,0.04,
KWT,RENEWABLE,TOT,PC_PRYENRGSUPPLY,A,1996,0.03,
KWT,RENEWABLE,TOT,PC_PRYENRGSUPPLY,A,1997,0.00,
KWT,RENEWABLE,TOT,PC_PRYENRGSUPPLY,A,1998,0.00,
KWT,RENEWABLE,TOT,PC_PRYENRGSUPPLY,A,1999,0.00,
KWT,RENEWABLE,TOT,PC_PRYENRGSUPPLY,A,2000,0.00,
KWT,RENEWABLE,TOT,PC_PRYENRGSUPPLY,A,2001,0.00,
KWT,RENEWABLE,TOT,PC_PRYENRGSUPPLY,A,2002,0.00,
KWT,RENEWABLE,TOT,PC_PRYENRGSUPPLY,A,2003,0.00,
KWT,RENEWABLE,TOT,PC_PRYENRGSUPPLY,A,2004,0.00,
KWT,RENEWABLE,TOT,PC_PRYENRGSUPPLY,A,2005,0.00,
KWT,RENEWABLE,TOT,PC_PRYENRGSUPPLY,A,2006,0.00,
KWT,RENEWABLE,TOT,PC_PRYENRGSUPPLY,A,2007,0.00,
KWT,RENEWABLE,TOT,PC_PRYENRGSUPPLY,A,2008,0.00,
KWT,RENEWABLE,TOT,PC_PRYENRGSUPPLY,A,2009,0.00,
KWT,RENEWABLE,TOT,PC_PRYENRGSUPPLY,A,2010,0.00,
KWT,RENEWABLE,TOT,PC_PRYENRGSUPPLY,A,2011,0.00,
KWT,RENEWABLE,TOT,PC_PRYENRGSUPPLY,A,2012,0.00,
KWT,RENEWABLE,TOT,PC_PRYENRGSUPPLY,A,2013,0.00,
KWT,RENEWABLE,TOT,PC_PRYENRGSUPPLY,A,2014,0.00,
KGZ,RENEWABLE,TOT,PC_PRYENRGSUPPLY,A,1990,11.54,
KGZ,RENEWABLE,TOT,PC_PRYENRGSUPPLY,A,1991,12.81,
KGZ,RENEWABLE,TOT,PC_PRYENRGSUPPLY,A,1992,15.98,
KGZ,RENEWABLE,TOT,PC_PRYENRGSUPPLY,A,1993,20.27,
KGZ,RENEWABLE,TOT,PC_PRYENRGSUPPLY,A,1994,36.23,
KGZ,RENEWABLE,TOT,PC_PRYENRGSUPPLY,A,1995,40.26,
KGZ,RENEWABLE,TOT,PC_PRYENRGSUPPLY,A,1996,38.35,
KGZ,RENEWABLE,TOT,PC_PRYENRGSUPPLY,A,1997,36.40,
KGZ,RENEWABLE,TOT,PC_PRYENRGSUPPLY,A,1998,31.10,
KGZ,RENEWABLE,TOT,PC_PRYENRGSUPPLY,A,1999,43.43,
KGZ,RENEWABLE,TOT,PC_PRYENRGSUPPLY,A,2000,47.72,
KGZ,RENEWABLE,TOT,PC_PRYENRGSUPPLY,A,2001,47.01,
KGZ,RENEWABLE,TOT,PC_PRYENRGSUPPLY,A,2002,36.52,
KGZ,RENEWABLE,TOT,PC_PRYENRGSUPPLY,A,2003,40.31,
KGZ,RENEWABLE,TOT,PC_PRYENRGSUPPLY,A,2004,44.14,
KGZ,RENEWABLE,TOT,PC_PRYENRGSUPPLY,A,2005,42.87,
KGZ,RENEWABLE,TOT,PC_PRYENRGSUPPLY,A,2006,42.48,
KGZ,RENEWABLE,TOT,PC_PRYENRGSUPPLY,A,2007,37.21,
KGZ,RENEWABLE,TOT,PC_PRYENRGSUPPLY,A,2008,27.68,
KGZ,RENEWABLE,TOT,PC_PRYENRGSUPPLY,A,2009,30.59,
KGZ,RENEWABLE,TOT,PC_PRYENRGSUPPLY,A,2010,34.83,
KGZ,RENEWABLE,TOT,PC_PRYENRGSUPPLY,A,2011,36.85,
KGZ,RENEWABLE,TOT,PC_PRYENRGSUPPLY,A,2012,29.59,
KGZ,RENEWABLE,TOT,PC_PRYENRGSUPPLY,A,2013,28.61,
KGZ,RENEWABLE,TOT,PC_PRYENRGSUPPLY,A,2014,30.21,
LVA,RENEWABLE,TOT,PC_PRYENRGSUPPLY,A,1990,13.31,
LVA,RENEWABLE,TOT,PC_PRYENRGSUPPLY,A,1991,14.22,
LVA,RENEWABLE,TOT,PC_PRYENRGSUPPLY,A,1992,16.13,
LVA,RENEWABLE,TOT,PC_PRYENRGSUPPLY,A,1993,20.90,
LVA,RENEWABLE,TOT,PC_PRYENRGSUPPLY,A,1994,24.53,
LVA,RENEWABLE,TOT,PC_PRYENRGSUPPLY,A,1995,27.37,
LVA,RENEWABLE,TOT,PC_PRYENRGSUPPLY,A,1996,26.78,
LVA,RENEWABLE,TOT,PC_PRYENRGSUPPLY,A,1997,29.51,
LVA,RENEWABLE,TOT,PC_PRYENRGSUPPLY,A,1998,32.60,
LVA,RENEWABLE,TOT,PC_PRYENRGSUPPLY,A,1999,31.62,
LVA,RENEWABLE,TOT,PC_PRYENRGSUPPLY,A,2000,31.07,
LVA,RENEWABLE,TOT,PC_PRYENRGSUPPLY,A,2001,31.67,
LVA,RENEWABLE,TOT,PC_PRYENRGSUPPLY,A,2002,31.04,
LVA,RENEWABLE,TOT,PC_PRYENRGSUPPLY,A,2003,30.46,
LVA,RENEWABLE,TOT,PC_PRYENRGSUPPLY,A,2004,32.73,
LVA,RENEWABLE,TOT,PC_PRYENRGSUPPLY,A,2005,32.60,
LVA,RENEWABLE,TOT,PC_PRYENRGSUPPLY,A,2006,30.49,
LVA,RENEWABLE,TOT,PC_PRYENRGSUPPLY,A,2007,29.34,
LVA,RENEWABLE,TOT,PC_PRYENRGSUPPLY,A,2008,30.03,
LVA,RENEWABLE,TOT,PC_PRYENRGSUPPLY,A,2009,35.58,
LVA,RENEWABLE,TOT,PC_PRYENRGSUPPLY,A,2010,31.81,
LVA,RENEWABLE,TOT,PC_PRYENRGSUPPLY,A,2011,33.31,
LVA,RENEWABLE,TOT,PC_PRYENRGSUPPLY,A,2012,37.39,
LVA,RENEWABLE,TOT,PC_PRYENRGSUPPLY,A,2013,37.13,
LVA,RENEWABLE,TOT,PC_PRYENRGSUPPLY,A,2014,37.17,
LBN,RENEWABLE,TOT,PC_PRYENRGSUPPLY,A,1971,9.12,
LBN,RENEWABLE,TOT,PC_PRYENRGSUPPLY,A,1972,8.84,
LBN,RENEWABLE,TOT,PC_PRYENRGSUPPLY,A,1973,5.98,
LBN,RENEWABLE,TOT,PC_PRYENRGSUPPLY,A,1974,7.26,
LBN,RENEWABLE,TOT,PC_PRYENRGSUPPLY,A,1975,8.20,
LBN,RENEWABLE,TOT,PC_PRYENRGSUPPLY,A,1976,7.66,
LBN,RENEWABLE,TOT,PC_PRYENRGSUPPLY,A,1977,9.94,
LBN,RENEWABLE,TOT,PC_PRYENRGSUPPLY,A,1978,8.30,
LBN,RENEWABLE,TOT,PC_PRYENRGSUPPLY,A,1979,7.79,
LBN,RENEWABLE,TOT,PC_PRYENRGSUPPLY,A,1980,7.30,
LBN,RENEWABLE,TOT,PC_PRYENRGSUPPLY,A,1981,7.64,
LBN,RENEWABLE,TOT,PC_PRYENRGSUPPLY,A,1982,9.12,
LBN,RENEWABLE,TOT,PC_PRYENRGSUPPLY,A,1983,8.01,
LBN,RENEWABLE,TOT,PC_PRYENRGSUPPLY,A,1984,7.98,
LBN,RENEWABLE,TOT,PC_PRYENRGSUPPLY,A,1985,6.76,
LBN,RENEWABLE,TOT,PC_PRYENRGSUPPLY,A,1986,6.02,
LBN,RENEWABLE,TOT,PC_PRYENRGSUPPLY,A,1987,6.01,
LBN,RENEWABLE,TOT,PC_PRYENRGSUPPLY,A,1988,8.06,
LBN,RENEWABLE,TOT,PC_PRYENRGSUPPLY,A,1989,7.80,
LBN,RENEWABLE,TOT,PC_PRYENRGSUPPLY,A,1990,7.46,
LBN,RENEWABLE,TOT,PC_PRYENRGSUPPLY,A,1991,6.36,
LBN,RENEWABLE,TOT,PC_PRYENRGSUPPLY,A,1992,6.85,
LBN,RENEWABLE,TOT,PC_PRYENRGSUPPLY,A,1993,4.86,
LBN,RENEWABLE,TOT,PC_PRYENRGSUPPLY,A,1994,4.83,
LBN,RENEWABLE,TOT,PC_PRYENRGSUPPLY,A,1995,4.11,
LBN,RENEWABLE,TOT,PC_PRYENRGSUPPLY,A,1996,4.13,
LBN,RENEWABLE,TOT,PC_PRYENRGSUPPLY,A,1997,3.86,
LBN,RENEWABLE,TOT,PC_PRYENRGSUPPLY,A,1998,3.79,
LBN,RENEWABLE,TOT,PC_PRYENRGSUPPLY,A,1999,2.94,
LBN,RENEWABLE,TOT,PC_PRYENRGSUPPLY,A,2000,3.52,
LBN,RENEWABLE,TOT,PC_PRYENRGSUPPLY,A,2001,3.20,
LBN,RENEWABLE,TOT,PC_PRYENRGSUPPLY,A,2002,3.92,
LBN,RENEWABLE,TOT,PC_PRYENRGSUPPLY,A,2003,5.20,
LBN,RENEWABLE,TOT,PC_PRYENRGSUPPLY,A,2004,5.00,
LBN,RENEWABLE,TOT,PC_PRYENRGSUPPLY,A,2005,5.23,
LBN,RENEWABLE,TOT,PC_PRYENRGSUPPLY,A,2006,4.95,
LBN,RENEWABLE,TOT,PC_PRYENRGSUPPLY,A,2007,5.42,
LBN,RENEWABLE,TOT,PC_PRYENRGSUPPLY,A,2008,3.54,
LBN,RENEWABLE,TOT,PC_PRYENRGSUPPLY,A,2009,2.91,
LBN,RENEWABLE,TOT,PC_PRYENRGSUPPLY,A,2010,3.35,
LBN,RENEWABLE,TOT,PC_PRYENRGSUPPLY,A,2011,3.34,
LBN,RENEWABLE,TOT,PC_PRYENRGSUPPLY,A,2012,3.24,
LBN,RENEWABLE,TOT,PC_PRYENRGSUPPLY,A,2013,3.62,
LBN,RENEWABLE,TOT,PC_PRYENRGSUPPLY,A,2014,2.22,
LBY,RENEWABLE,TOT,PC_PRYENRGSUPPLY,A,1971,6.18,
LBY,RENEWABLE,TOT,PC_PRYENRGSUPPLY,A,1972,4.61,
LBY,RENEWABLE,TOT,PC_PRYENRGSUPPLY,A,1973,4.06,
LBY,RENEWABLE,TOT,PC_PRYENRGSUPPLY,A,1974,3.78,
LBY,RENEWABLE,TOT,PC_PRYENRGSUPPLY,A,1975,3.11,
LBY,RENEWABLE,TOT,PC_PRYENRGSUPPLY,A,1976,3.54,
LBY,RENEWABLE,TOT,PC_PRYENRGSUPPLY,A,1977,2.93,
LBY,RENEWABLE,TOT,PC_PRYENRGSUPPLY,A,1978,2.67,
LBY,RENEWABLE,TOT,PC_PRYENRGSUPPLY,A,1979,2.38,
LBY,RENEWABLE,TOT,PC_PRYENRGSUPPLY,A,1980,1.77,
LBY,RENEWABLE,TOT,PC_PRYENRGSUPPLY,A,1981,1.64,
LBY,RENEWABLE,TOT,PC_PRYENRGSUPPLY,A,1982,1.51,
LBY,RENEWABLE,TOT,PC_PRYENRGSUPPLY,A,1983,1.48,
LBY,RENEWABLE,TOT,PC_PRYENRGSUPPLY,A,1984,1.38,
LBY,RENEWABLE,TOT,PC_PRYENRGSUPPLY,A,1985,1.23,
LBY,RENEWABLE,TOT,PC_PRYENRGSUPPLY,A,1986,1.24,
LBY,RENEWABLE,TOT,PC_PRYENRGSUPPLY,A,1987,1.14,
LBY,RENEWABLE,TOT,PC_PRYENRGSUPPLY,A,1988,1.18,
LBY,RENEWABLE,TOT,PC_PRYENRGSUPPLY,A,1989,1.09,
LBY,RENEWABLE,TOT,PC_PRYENRGSUPPLY,A,1990,1.12,
LBY,RENEWABLE,TOT,PC_PRYENRGSUPPLY,A,1991,1.10,
LBY,RENEWABLE,TOT,PC_PRYENRGSUPPLY,A,1992,1.11,
LBY,RENEWABLE,TOT,PC_PRYENRGSUPPLY,A,1993,1.07,
LBY,RENEWABLE,TOT,PC_PRYENRGSUPPLY,A,1994,0.95,
LBY,RENEWABLE,TOT,PC_PRYENRGSUPPLY,A,1995,0.89,
LBY,RENEWABLE,TOT,PC_PRYENRGSUPPLY,A,1996,0.86,
LBY,RENEWABLE,TOT,PC_PRYENRGSUPPLY,A,1997,0.86,
LBY,RENEWABLE,TOT,PC_PRYENRGSUPPLY,A,1998,0.87,
LBY,RENEWABLE,TOT,PC_PRYENRGSUPPLY,A,1999,0.90,
LBY,RENEWABLE,TOT,PC_PRYENRGSUPPLY,A,2000,0.88,
LBY,RENEWABLE,TOT,PC_PRYENRGSUPPLY,A,2001,0.88,
LBY,RENEWABLE,TOT,PC_PRYENRGSUPPLY,A,2002,0.85,
LBY,RENEWABLE,TOT,PC_PRYENRGSUPPLY,A,2003,0.84,
LBY,RENEWABLE,TOT,PC_PRYENRGSUPPLY,A,2004,0.82,
LBY,RENEWABLE,TOT,PC_PRYENRGSUPPLY,A,2005,0.84,
LBY,RENEWABLE,TOT,PC_PRYENRGSUPPLY,A,2006,0.84,
LBY,RENEWABLE,TOT,PC_PRYENRGSUPPLY,A,2007,0.92,
LBY,RENEWABLE,TOT,PC_PRYENRGSUPPLY,A,2008,0.87,
LBY,RENEWABLE,TOT,PC_PRYENRGSUPPLY,A,2009,0.81,
LBY,RENEWABLE,TOT,PC_PRYENRGSUPPLY,A,2010,0.75,
LBY,RENEWABLE,TOT,PC_PRYENRGSUPPLY,A,2011,1.14,
LBY,RENEWABLE,TOT,PC_PRYENRGSUPPLY,A,2012,0.90,
LBY,RENEWABLE,TOT,PC_PRYENRGSUPPLY,A,2013,0.79,
LBY,RENEWABLE,TOT,PC_PRYENRGSUPPLY,A,2014,0.85,
LTU,RENEWABLE,TOT,PC_PRYENRGSUPPLY,A,1990,1.99,
LTU,RENEWABLE,TOT,PC_PRYENRGSUPPLY,A,1991,1.84,
LTU,RENEWABLE,TOT,PC_PRYENRGSUPPLY,A,1992,2.83,
LTU,RENEWABLE,TOT,PC_PRYENRGSUPPLY,A,1993,5.04,
LTU,RENEWABLE,TOT,PC_PRYENRGSUPPLY,A,1994,5.89,
LTU,RENEWABLE,TOT,PC_PRYENRGSUPPLY,A,1995,5.66,
LTU,RENEWABLE,TOT,PC_PRYENRGSUPPLY,A,1996,5.67,
LTU,RENEWABLE,TOT,PC_PRYENRGSUPPLY,A,1997,6.10,
LTU,RENEWABLE,TOT,PC_PRYENRGSUPPLY,A,1998,6.49,
LTU,RENEWABLE,TOT,PC_PRYENRGSUPPLY,A,1999,7.87,
LTU,RENEWABLE,TOT,PC_PRYENRGSUPPLY,A,2000,9.46,
LTU,RENEWABLE,TOT,PC_PRYENRGSUPPLY,A,2001,8.82,
LTU,RENEWABLE,TOT,PC_PRYENRGSUPPLY,A,2002,8.69,
LTU,RENEWABLE,TOT,PC_PRYENRGSUPPLY,A,2003,8.58,
LTU,RENEWABLE,TOT,PC_PRYENRGSUPPLY,A,2004,8.98,
LTU,RENEWABLE,TOT,PC_PRYENRGSUPPLY,A,2005,9.96,
LTU,RENEWABLE,TOT,PC_PRYENRGSUPPLY,A,2006,10.67,
LTU,RENEWABLE,TOT,PC_PRYENRGSUPPLY,A,2007,10.19,
LTU,RENEWABLE,TOT,PC_PRYENRGSUPPLY,A,2008,10.73,
LTU,RENEWABLE,TOT,PC_PRYENRGSUPPLY,A,2009,12.00,
LTU,RENEWABLE,TOT,PC_PRYENRGSUPPLY,A,2010,15.08,
LTU,RENEWABLE,TOT,PC_PRYENRGSUPPLY,A,2011,14.45,
LTU,RENEWABLE,TOT,PC_PRYENRGSUPPLY,A,2012,15.74,
LTU,RENEWABLE,TOT,PC_PRYENRGSUPPLY,A,2013,17.40,
LTU,RENEWABLE,TOT,PC_PRYENRGSUPPLY,A,2014,18.25,
MKD,RENEWABLE,TOT,PC_PRYENRGSUPPLY,A,1990,1.70,
MKD,RENEWABLE,TOT,PC_PRYENRGSUPPLY,A,1991,3.00,
MKD,RENEWABLE,TOT,PC_PRYENRGSUPPLY,A,1992,9.64,
MKD,RENEWABLE,TOT,PC_PRYENRGSUPPLY,A,1993,8.98,
MKD,RENEWABLE,TOT,PC_PRYENRGSUPPLY,A,1994,10.47,
MKD,RENEWABLE,TOT,PC_PRYENRGSUPPLY,A,1995,10.81,
MKD,RENEWABLE,TOT,PC_PRYENRGSUPPLY,A,1996,9.19,
MKD,RENEWABLE,TOT,PC_PRYENRGSUPPLY,A,1997,10.28,
MKD,RENEWABLE,TOT,PC_PRYENRGSUPPLY,A,1998,9.14,
MKD,RENEWABLE,TOT,PC_PRYENRGSUPPLY,A,1999,11.63,
MKD,RENEWABLE,TOT,PC_PRYENRGSUPPLY,A,2000,12.32,
MKD,RENEWABLE,TOT,PC_PRYENRGSUPPLY,A,2001,8.76,
MKD,RENEWABLE,TOT,PC_PRYENRGSUPPLY,A,2002,8.90,
MKD,RENEWABLE,TOT,PC_PRYENRGSUPPLY,A,2003,10.84,
MKD,RENEWABLE,TOT,PC_PRYENRGSUPPLY,A,2004,11.29,
MKD,RENEWABLE,TOT,PC_PRYENRGSUPPLY,A,2005,10.45,
MKD,RENEWABLE,TOT,PC_PRYENRGSUPPLY,A,2006,10.84,
MKD,RENEWABLE,TOT,PC_PRYENRGSUPPLY,A,2007,7.84,
MKD,RENEWABLE,TOT,PC_PRYENRGSUPPLY,A,2008,8.40,
MKD,RENEWABLE,TOT,PC_PRYENRGSUPPLY,A,2009,11.17,
MKD,RENEWABLE,TOT,PC_PRYENRGSUPPLY,A,2010,14.60,
MKD,RENEWABLE,TOT,PC_PRYENRGSUPPLY,A,2011,10.48,
MKD,RENEWABLE,TOT,PC_PRYENRGSUPPLY,A,2012,10.05,
MKD,RENEWABLE,TOT,PC_PRYENRGSUPPLY,A,2013,11.09,
MKD,RENEWABLE,TOT,PC_PRYENRGSUPPLY,A,2014,11.01,
MYS,RENEWABLE,TOT,PC_PRYENRGSUPPLY,A,1971,24.77,
MYS,RENEWABLE,TOT,PC_PRYENRGSUPPLY,A,1972,25.25,
MYS,RENEWABLE,TOT,PC_PRYENRGSUPPLY,A,1973,25.73,
MYS,RENEWABLE,TOT,PC_PRYENRGSUPPLY,A,1974,23.08,
MYS,RENEWABLE,TOT,PC_PRYENRGSUPPLY,A,1975,22.38,
MYS,RENEWABLE,TOT,PC_PRYENRGSUPPLY,A,1976,20.66,
MYS,RENEWABLE,TOT,PC_PRYENRGSUPPLY,A,1977,20.44,
MYS,RENEWABLE,TOT,PC_PRYENRGSUPPLY,A,1978,16.29,
MYS,RENEWABLE,TOT,PC_PRYENRGSUPPLY,A,1979,14.10,
MYS,RENEWABLE,TOT,PC_PRYENRGSUPPLY,A,1980,14.43,
MYS,RENEWABLE,TOT,PC_PRYENRGSUPPLY,A,1981,13.90,
MYS,RENEWABLE,TOT,PC_PRYENRGSUPPLY,A,1982,13.88,
MYS,RENEWABLE,TOT,PC_PRYENRGSUPPLY,A,1983,12.21,
MYS,RENEWABLE,TOT,PC_PRYENRGSUPPLY,A,1984,12.93,
MYS,RENEWABLE,TOT,PC_PRYENRGSUPPLY,A,1985,13.19,
MYS,RENEWABLE,TOT,PC_PRYENRGSUPPLY,A,1986,12.07,
MYS,RENEWABLE,TOT,PC_PRYENRGSUPPLY,A,1987,12.48,
MYS,RENEWABLE,TOT,PC_PRYENRGSUPPLY,A,1988,12.40,
MYS,RENEWABLE,TOT,PC_PRYENRGSUPPLY,A,1989,11.26,
MYS,RENEWABLE,TOT,PC_PRYENRGSUPPLY,A,1990,10.11,
MYS,RENEWABLE,TOT,PC_PRYENRGSUPPLY,A,1991,8.33,
MYS,RENEWABLE,TOT,PC_PRYENRGSUPPLY,A,1992,7.55,
MYS,RENEWABLE,TOT,PC_PRYENRGSUPPLY,A,1993,7.14,
MYS,RENEWABLE,TOT,PC_PRYENRGSUPPLY,A,1994,7.61,
MYS,RENEWABLE,TOT,PC_PRYENRGSUPPLY,A,1995,6.96,
MYS,RENEWABLE,TOT,PC_PRYENRGSUPPLY,A,1996,6.06,
MYS,RENEWABLE,TOT,PC_PRYENRGSUPPLY,A,1997,4.95,
MYS,RENEWABLE,TOT,PC_PRYENRGSUPPLY,A,1998,5.41,
MYS,RENEWABLE,TOT,PC_PRYENRGSUPPLY,A,1999,5.86,
MYS,RENEWABLE,TOT,PC_PRYENRGSUPPLY,A,2000,5.03,
MYS,RENEWABLE,TOT,PC_PRYENRGSUPPLY,A,2001,4.82,
MYS,RENEWABLE,TOT,PC_PRYENRGSUPPLY,A,2002,4.38,
MYS,RENEWABLE,TOT,PC_PRYENRGSUPPLY,A,2003,4.04,
MYS,RENEWABLE,TOT,PC_PRYENRGSUPPLY,A,2004,3.86,
MYS,RENEWABLE,TOT,PC_PRYENRGSUPPLY,A,2005,3.46,
MYS,RENEWABLE,TOT,PC_PRYENRGSUPPLY,A,2006,3.61,
MYS,RENEWABLE,TOT,PC_PRYENRGSUPPLY,A,2007,3.32,
MYS,RENEWABLE,TOT,PC_PRYENRGSUPPLY,A,2008,3.29,
MYS,RENEWABLE,TOT,PC_PRYENRGSUPPLY,A,2009,3.34,
MYS,RENEWABLE,TOT,PC_PRYENRGSUPPLY,A,2010,3.12,
MYS,RENEWABLE,TOT,PC_PRYENRGSUPPLY,A,2011,3.15,
MYS,RENEWABLE,TOT,PC_PRYENRGSUPPLY,A,2012,3.25,
MYS,RENEWABLE,TOT,PC_PRYENRGSUPPLY,A,2013,3.23,
MYS,RENEWABLE,TOT,PC_PRYENRGSUPPLY,A,2014,3.37,
MLT,RENEWABLE,TOT,PC_PRYENRGSUPPLY,A,1971,0.00,
MLT,RENEWABLE,TOT,PC_PRYENRGSUPPLY,A,1972,0.00,
MLT,RENEWABLE,TOT,PC_PRYENRGSUPPLY,A,1973,0.00,
MLT,RENEWABLE,TOT,PC_PRYENRGSUPPLY,A,1974,0.00,
MLT,RENEWABLE,TOT,PC_PRYENRGSUPPLY,A,1975,0.00,
MLT,RENEWABLE,TOT,PC_PRYENRGSUPPLY,A,1976,0.00,
MLT,RENEWABLE,TOT,PC_PRYENRGSUPPLY,A,1977,0.00,
MLT,RENEWABLE,TOT,PC_PRYENRGSUPPLY,A,1978,0.00,
MLT,RENEWABLE,TOT,PC_PRYENRGSUPPLY,A,1979,0.00,
MLT,RENEWABLE,TOT,PC_PRYENRGSUPPLY,A,1980,0.00,
MLT,RENEWABLE,TOT,PC_PRYENRGSUPPLY,A,1981,0.00,
MLT,RENEWABLE,TOT,PC_PRYENRGSUPPLY,A,1982,0.00,
MLT,RENEWABLE,TOT,PC_PRYENRGSUPPLY,A,1983,0.00,
MLT,RENEWABLE,TOT,PC_PRYENRGSUPPLY,A,1984,0.00,
MLT,RENEWABLE,TOT,PC_PRYENRGSUPPLY,A,1985,0.00,
MLT,RENEWABLE,TOT,PC_PRYENRGSUPPLY,A,1986,0.00,
MLT,RENEWABLE,TOT,PC_PRYENRGSUPPLY,A,1987,0.00,
MLT,RENEWABLE,TOT,PC_PRYENRGSUPPLY,A,1988,0.00,
MLT,RENEWABLE,TOT,PC_PRYENRGSUPPLY,A,1989,0.00,
MLT,RENEWABLE,TOT,PC_PRYENRGSUPPLY,A,1990,0.00,
MLT,RENEWABLE,TOT,PC_PRYENRGSUPPLY,A,1991,0.00,
MLT,RENEWABLE,TOT,PC_PRYENRGSUPPLY,A,1992,0.00,
MLT,RENEWABLE,TOT,PC_PRYENRGSUPPLY,A,1993,0.00,
MLT,RENEWABLE,TOT,PC_PRYENRGSUPPLY,A,1994,0.00,
MLT,RENEWABLE,TOT,PC_PRYENRGSUPPLY,A,1995,0.00,
MLT,RENEWABLE,TOT,PC_PRYENRGSUPPLY,A,1996,0.00,
MLT,RENEWABLE,TOT,PC_PRYENRGSUPPLY,A,1997,0.00,
MLT,RENEWABLE,TOT,PC_PRYENRGSUPPLY,A,1998,0.00,
MLT,RENEWABLE,TOT,PC_PRYENRGSUPPLY,A,1999,0.00,
MLT,RENEWABLE,TOT,PC_PRYENRGSUPPLY,A,2000,0.00,
MLT,RENEWABLE,TOT,PC_PRYENRGSUPPLY,A,2001,0.00,
MLT,RENEWABLE,TOT,PC_PRYENRGSUPPLY,A,2002,0.03,
MLT,RENEWABLE,TOT,PC_PRYENRGSUPPLY,A,2003,0.04,
MLT,RENEWABLE,TOT,PC_PRYENRGSUPPLY,A,2004,0.05,
MLT,RENEWABLE,TOT,PC_PRYENRGSUPPLY,A,2005,0.06,
MLT,RENEWABLE,TOT,PC_PRYENRGSUPPLY,A,2006,0.08,
MLT,RENEWABLE,TOT,PC_PRYENRGSUPPLY,A,2007,0.09,
MLT,RENEWABLE,TOT,PC_PRYENRGSUPPLY,A,2008,0.11,
MLT,RENEWABLE,TOT,PC_PRYENRGSUPPLY,A,2009,0.12,
MLT,RENEWABLE,TOT,PC_PRYENRGSUPPLY,A,2010,0.67,
MLT,RENEWABLE,TOT,PC_PRYENRGSUPPLY,A,2011,0.99,
MLT,RENEWABLE,TOT,PC_PRYENRGSUPPLY,A,2012,1.29,
MLT,RENEWABLE,TOT,PC_PRYENRGSUPPLY,A,2013,1.62,
MLT,RENEWABLE,TOT,PC_PRYENRGSUPPLY,A,2014,2.21,
MDA,RENEWABLE,TOT,PC_PRYENRGSUPPLY,A,1990,0.85,
MDA,RENEWABLE,TOT,PC_PRYENRGSUPPLY,A,1991,1.12,
MDA,RENEWABLE,TOT,PC_PRYENRGSUPPLY,A,1992,1.24,
MDA,RENEWABLE,TOT,PC_PRYENRGSUPPLY,A,1993,1.55,
MDA,RENEWABLE,TOT,PC_PRYENRGSUPPLY,A,1994,1.69,
MDA,RENEWABLE,TOT,PC_PRYENRGSUPPLY,A,1995,1.90,
MDA,RENEWABLE,TOT,PC_PRYENRGSUPPLY,A,1996,2.30,
MDA,RENEWABLE,TOT,PC_PRYENRGSUPPLY,A,1997,2.42,
MDA,RENEWABLE,TOT,PC_PRYENRGSUPPLY,A,1998,2.55,
MDA,RENEWABLE,TOT,PC_PRYENRGSUPPLY,A,1999,2.91,
MDA,RENEWABLE,TOT,PC_PRYENRGSUPPLY,A,2000,3.19,
MDA,RENEWABLE,TOT,PC_PRYENRGSUPPLY,A,2001,3.04,
MDA,RENEWABLE,TOT,PC_PRYENRGSUPPLY,A,2002,3.29,
MDA,RENEWABLE,TOT,PC_PRYENRGSUPPLY,A,2003,3.36,
MDA,RENEWABLE,TOT,PC_PRYENRGSUPPLY,A,2004,3.23,
MDA,RENEWABLE,TOT,PC_PRYENRGSUPPLY,A,2005,2.85,
MDA,RENEWABLE,TOT,PC_PRYENRGSUPPLY,A,2006,3.24,
MDA,RENEWABLE,TOT,PC_PRYENRGSUPPLY,A,2007,2.94,
MDA,RENEWABLE,TOT,PC_PRYENRGSUPPLY,A,2008,3.33,
MDA,RENEWABLE,TOT,PC_PRYENRGSUPPLY,A,2009,3.39,
MDA,RENEWABLE,TOT,PC_PRYENRGSUPPLY,A,2010,6.06,
MDA,RENEWABLE,TOT,PC_PRYENRGSUPPLY,A,2011,7.20,
MDA,RENEWABLE,TOT,PC_PRYENRGSUPPLY,A,2012,7.30,
MDA,RENEWABLE,TOT,PC_PRYENRGSUPPLY,A,2013,9.59,
MDA,RENEWABLE,TOT,PC_PRYENRGSUPPLY,A,2014,9.41,
MNG,RENEWABLE,TOT,PC_PRYENRGSUPPLY,A,1985,2.46,
MNG,RENEWABLE,TOT,PC_PRYENRGSUPPLY,A,1986,2.28,
MNG,RENEWABLE,TOT,PC_PRYENRGSUPPLY,A,1987,2.16,
MNG,RENEWABLE,TOT,PC_PRYENRGSUPPLY,A,1988,2.03,
MNG,RENEWABLE,TOT,PC_PRYENRGSUPPLY,A,1989,2.14,
MNG,RENEWABLE,TOT,PC_PRYENRGSUPPLY,A,1990,2.25,
MNG,RENEWABLE,TOT,PC_PRYENRGSUPPLY,A,1991,2.01,
MNG,RENEWABLE,TOT,PC_PRYENRGSUPPLY,A,1992,2.39,
MNG,RENEWABLE,TOT,PC_PRYENRGSUPPLY,A,1993,2.65,
MNG,RENEWABLE,TOT,PC_PRYENRGSUPPLY,A,1994,3.06,
MNG,RENEWABLE,TOT,PC_PRYENRGSUPPLY,A,1995,3.07,
MNG,RENEWABLE,TOT,PC_PRYENRGSUPPLY,A,1996,3.64,
MNG,RENEWABLE,TOT,PC_PRYENRGSUPPLY,A,1997,3.85,
MNG,RENEWABLE,TOT,PC_PRYENRGSUPPLY,A,1998,3.82,
MNG,RENEWABLE,TOT,PC_PRYENRGSUPPLY,A,1999,3.82,
MNG,RENEWABLE,TOT,PC_PRYENRGSUPPLY,A,2000,5.51,
MNG,RENEWABLE,TOT,PC_PRYENRGSUPPLY,A,2001,6.25,
MNG,RENEWABLE,TOT,PC_PRYENRGSUPPLY,A,2002,6.51,
MNG,RENEWABLE,TOT,PC_PRYENRGSUPPLY,A,2003,6.66,
MNG,RENEWABLE,TOT,PC_PRYENRGSUPPLY,A,2004,6.47,
MNG,RENEWABLE,TOT,PC_PRYENRGSUPPLY,A,2005,5.62,
MNG,RENEWABLE,TOT,PC_PRYENRGSUPPLY,A,2006,4.94,
MNG,RENEWABLE,TOT,PC_PRYENRGSUPPLY,A,2007,5.03,
MNG,RENEWABLE,TOT,PC_PRYENRGSUPPLY,A,2008,5.03,
MNG,RENEWABLE,TOT,PC_PRYENRGSUPPLY,A,2009,4.87,
MNG,RENEWABLE,TOT,PC_PRYENRGSUPPLY,A,2010,4.63,
MNG,RENEWABLE,TOT,PC_PRYENRGSUPPLY,A,2011,4.24,
MNG,RENEWABLE,TOT,PC_PRYENRGSUPPLY,A,2012,3.85,
MNG,RENEWABLE,TOT,PC_PRYENRGSUPPLY,A,2013,3.65,
MNG,RENEWABLE,TOT,PC_PRYENRGSUPPLY,A,2014,3.77,
MAR,RENEWABLE,TOT,PC_PRYENRGSUPPLY,A,1971,26.44,
MAR,RENEWABLE,TOT,PC_PRYENRGSUPPLY,A,1972,25.24,
MAR,RENEWABLE,TOT,PC_PRYENRGSUPPLY,A,1973,22.20,
MAR,RENEWABLE,TOT,PC_PRYENRGSUPPLY,A,1974,21.18,
MAR,RENEWABLE,TOT,PC_PRYENRGSUPPLY,A,1975,20.11,
MAR,RENEWABLE,TOT,PC_PRYENRGSUPPLY,A,1976,18.94,
MAR,RENEWABLE,TOT,PC_PRYENRGSUPPLY,A,1977,18.25,
MAR,RENEWABLE,TOT,PC_PRYENRGSUPPLY,A,1978,17.69,
MAR,RENEWABLE,TOT,PC_PRYENRGSUPPLY,A,1979,17.19,
MAR,RENEWABLE,TOT,PC_PRYENRGSUPPLY,A,1980,17.15,
MAR,RENEWABLE,TOT,PC_PRYENRGSUPPLY,A,1981,16.65,
MAR,RENEWABLE,TOT,PC_PRYENRGSUPPLY,A,1982,15.69,
MAR,RENEWABLE,TOT,PC_PRYENRGSUPPLY,A,1983,15.29,
MAR,RENEWABLE,TOT,PC_PRYENRGSUPPLY,A,1984,14.98,
MAR,RENEWABLE,TOT,PC_PRYENRGSUPPLY,A,1985,15.18,
MAR,RENEWABLE,TOT,PC_PRYENRGSUPPLY,A,1986,15.23,
MAR,RENEWABLE,TOT,PC_PRYENRGSUPPLY,A,1987,15.41,
MAR,RENEWABLE,TOT,PC_PRYENRGSUPPLY,A,1988,15.08,
MAR,RENEWABLE,TOT,PC_PRYENRGSUPPLY,A,1989,14.38,
MAR,RENEWABLE,TOT,PC_PRYENRGSUPPLY,A,1990,14.40,
MAR,RENEWABLE,TOT,PC_PRYENRGSUPPLY,A,1991,14.72,
MAR,RENEWABLE,TOT,PC_PRYENRGSUPPLY,A,1992,13.79,
MAR,RENEWABLE,TOT,PC_PRYENRGSUPPLY,A,1993,12.96,
MAR,RENEWABLE,TOT,PC_PRYENRGSUPPLY,A,1994,12.62,
MAR,RENEWABLE,TOT,PC_PRYENRGSUPPLY,A,1995,12.77,
MAR,RENEWABLE,TOT,PC_PRYENRGSUPPLY,A,1996,13.52,
MAR,RENEWABLE,TOT,PC_PRYENRGSUPPLY,A,1997,13.38,
MAR,RENEWABLE,TOT,PC_PRYENRGSUPPLY,A,1998,13.02,
MAR,RENEWABLE,TOT,PC_PRYENRGSUPPLY,A,1999,11.63,
MAR,RENEWABLE,TOT,PC_PRYENRGSUPPLY,A,2000,11.65,
MAR,RENEWABLE,TOT,PC_PRYENRGSUPPLY,A,2001,11.32,
MAR,RENEWABLE,TOT,PC_PRYENRGSUPPLY,A,2002,11.21,
MAR,RENEWABLE,TOT,PC_PRYENRGSUPPLY,A,2003,11.82,
MAR,RENEWABLE,TOT,PC_PRYENRGSUPPLY,A,2004,17.57,
MAR,RENEWABLE,TOT,PC_PRYENRGSUPPLY,A,2005,15.30,
MAR,RENEWABLE,TOT,PC_PRYENRGSUPPLY,A,2006,14.02,
MAR,RENEWABLE,TOT,PC_PRYENRGSUPPLY,A,2007,12.72,
MAR,RENEWABLE,TOT,PC_PRYENRGSUPPLY,A,2008,11.36,
MAR,RENEWABLE,TOT,PC_PRYENRGSUPPLY,A,2009,11.19,
MAR,RENEWABLE,TOT,PC_PRYENRGSUPPLY,A,2010,10.92,
MAR,RENEWABLE,TOT,PC_PRYENRGSUPPLY,A,2011,9.19,
MAR,RENEWABLE,TOT,PC_PRYENRGSUPPLY,A,2012,8.66,
MAR,RENEWABLE,TOT,PC_PRYENRGSUPPLY,A,2013,9.27,
MAR,RENEWABLE,TOT,PC_PRYENRGSUPPLY,A,2014,8.81,
MOZ,RENEWABLE,TOT,PC_PRYENRGSUPPLY,A,1971,86.56,
MOZ,RENEWABLE,TOT,PC_PRYENRGSUPPLY,A,1972,87.57,
MOZ,RENEWABLE,TOT,PC_PRYENRGSUPPLY,A,1973,86.71,
MOZ,RENEWABLE,TOT,PC_PRYENRGSUPPLY,A,1974,87.94,
MOZ,RENEWABLE,TOT,PC_PRYENRGSUPPLY,A,1975,88.83,
MOZ,RENEWABLE,TOT,PC_PRYENRGSUPPLY,A,1976,89.88,
MOZ,RENEWABLE,TOT,PC_PRYENRGSUPPLY,A,1977,88.45,
MOZ,RENEWABLE,TOT,PC_PRYENRGSUPPLY,A,1978,91.37,
MOZ,RENEWABLE,TOT,PC_PRYENRGSUPPLY,A,1979,90.84,
MOZ,RENEWABLE,TOT,PC_PRYENRGSUPPLY,A,1980,88.73,
MOZ,RENEWABLE,TOT,PC_PRYENRGSUPPLY,A,1981,90.43,
MOZ,RENEWABLE,TOT,PC_PRYENRGSUPPLY,A,1982,90.64,
MOZ,RENEWABLE,TOT,PC_PRYENRGSUPPLY,A,1983,91.58,
MOZ,RENEWABLE,TOT,PC_PRYENRGSUPPLY,A,1984,92.63,
MOZ,RENEWABLE,TOT,PC_PRYENRGSUPPLY,A,1985,92.72,
MOZ,RENEWABLE,TOT,PC_PRYENRGSUPPLY,A,1986,92.39,
MOZ,RENEWABLE,TOT,PC_PRYENRGSUPPLY,A,1987,92.24,
MOZ,RENEWABLE,TOT,PC_PRYENRGSUPPLY,A,1988,92.23,
MOZ,RENEWABLE,TOT,PC_PRYENRGSUPPLY,A,1989,92.37,
MOZ,RENEWABLE,TOT,PC_PRYENRGSUPPLY,A,1990,94.30,
MOZ,RENEWABLE,TOT,PC_PRYENRGSUPPLY,A,1991,94.63,
MOZ,RENEWABLE,TOT,PC_PRYENRGSUPPLY,A,1992,93.93,
MOZ,RENEWABLE,TOT,PC_PRYENRGSUPPLY,A,1993,93.26,
MOZ,RENEWABLE,TOT,PC_PRYENRGSUPPLY,A,1994,93.98,
MOZ,RENEWABLE,TOT,PC_PRYENRGSUPPLY,A,1995,93.64,
MOZ,RENEWABLE,TOT,PC_PRYENRGSUPPLY,A,1996,93.64,
MOZ,RENEWABLE,TOT,PC_PRYENRGSUPPLY,A,1997,93.25,
MOZ,RENEWABLE,TOT,PC_PRYENRGSUPPLY,A,1998,101.56,
MOZ,RENEWABLE,TOT,PC_PRYENRGSUPPLY,A,1999,102.39,
MOZ,RENEWABLE,TOT,PC_PRYENRGSUPPLY,A,2000,101.05,
MOZ,RENEWABLE,TOT,PC_PRYENRGSUPPLY,A,2001,99.79,
MOZ,RENEWABLE,TOT,PC_PRYENRGSUPPLY,A,2002,101.17,
MOZ,RENEWABLE,TOT,PC_PRYENRGSUPPLY,A,2003,95.59,
MOZ,RENEWABLE,TOT,PC_PRYENRGSUPPLY,A,2004,94.46,
MOZ,RENEWABLE,TOT,PC_PRYENRGSUPPLY,A,2005,96.43,
MOZ,RENEWABLE,TOT,PC_PRYENRGSUPPLY,A,2006,96.68,
MOZ,RENEWABLE,TOT,PC_PRYENRGSUPPLY,A,2007,96.22,
MOZ,RENEWABLE,TOT,PC_PRYENRGSUPPLY,A,2008,95.77,
MOZ,RENEWABLE,TOT,PC_PRYENRGSUPPLY,A,2009,96.24,
MOZ,RENEWABLE,TOT,PC_PRYENRGSUPPLY,A,2010,95.10,
MOZ,RENEWABLE,TOT,PC_PRYENRGSUPPLY,A,2011,93.78,
MOZ,RENEWABLE,TOT,PC_PRYENRGSUPPLY,A,2012,92.94,
MOZ,RENEWABLE,TOT,PC_PRYENRGSUPPLY,A,2013,91.48,
MOZ,RENEWABLE,TOT,PC_PRYENRGSUPPLY,A,2014,89.28,
MMR,RENEWABLE,TOT,PC_PRYENRGSUPPLY,A,1971,80.91,
MMR,RENEWABLE,TOT,PC_PRYENRGSUPPLY,A,1972,81.52,
MMR,RENEWABLE,TOT,PC_PRYENRGSUPPLY,A,1973,85.03,
MMR,RENEWABLE,TOT,PC_PRYENRGSUPPLY,A,1974,83.31,
MMR,RENEWABLE,TOT,PC_PRYENRGSUPPLY,A,1975,83.59,
MMR,RENEWABLE,TOT,PC_PRYENRGSUPPLY,A,1976,82.14,
MMR,RENEWABLE,TOT,PC_PRYENRGSUPPLY,A,1977,81.91,
MMR,RENEWABLE,TOT,PC_PRYENRGSUPPLY,A,1978,82.21,
MMR,RENEWABLE,TOT,PC_PRYENRGSUPPLY,A,1979,82.08,
MMR,RENEWABLE,TOT,PC_PRYENRGSUPPLY,A,1980,81.09,
MMR,RENEWABLE,TOT,PC_PRYENRGSUPPLY,A,1981,81.35,
MMR,RENEWABLE,TOT,PC_PRYENRGSUPPLY,A,1982,81.16,
MMR,RENEWABLE,TOT,PC_PRYENRGSUPPLY,A,1983,81.71,
MMR,RENEWABLE,TOT,PC_PRYENRGSUPPLY,A,1984,80.35,
MMR,RENEWABLE,TOT,PC_PRYENRGSUPPLY,A,1985,80.12,
MMR,RENEWABLE,TOT,PC_PRYENRGSUPPLY,A,1986,78.88,
MMR,RENEWABLE,TOT,PC_PRYENRGSUPPLY,A,1987,83.55,
MMR,RENEWABLE,TOT,PC_PRYENRGSUPPLY,A,1988,83.98,
MMR,RENEWABLE,TOT,PC_PRYENRGSUPPLY,A,1989,84.68,
MMR,RENEWABLE,TOT,PC_PRYENRGSUPPLY,A,1990,85.43,
MMR,RENEWABLE,TOT,PC_PRYENRGSUPPLY,A,1991,85.24,
MMR,RENEWABLE,TOT,PC_PRYENRGSUPPLY,A,1992,86.19,
MMR,RENEWABLE,TOT,PC_PRYENRGSUPPLY,A,1993,82.15,
MMR,RENEWABLE,TOT,PC_PRYENRGSUPPLY,A,1994,80.03,
MMR,RENEWABLE,TOT,PC_PRYENRGSUPPLY,A,1995,78.55,
MMR,RENEWABLE,TOT,PC_PRYENRGSUPPLY,A,1996,77.46,
MMR,RENEWABLE,TOT,PC_PRYENRGSUPPLY,A,1997,77.21,
MMR,RENEWABLE,TOT,PC_PRYENRGSUPPLY,A,1998,75.97,
MMR,RENEWABLE,TOT,PC_PRYENRGSUPPLY,A,1999,73.97,
MMR,RENEWABLE,TOT,PC_PRYENRGSUPPLY,A,2000,72.82,
MMR,RENEWABLE,TOT,PC_PRYENRGSUPPLY,A,2001,76.37,
MMR,RENEWABLE,TOT,PC_PRYENRGSUPPLY,A,2002,75.93,
MMR,RENEWABLE,TOT,PC_PRYENRGSUPPLY,A,2003,72.88,
MMR,RENEWABLE,TOT,PC_PRYENRGSUPPLY,A,2004,69.87,
MMR,RENEWABLE,TOT,PC_PRYENRGSUPPLY,A,2005,70.53,
MMR,RENEWABLE,TOT,PC_PRYENRGSUPPLY,A,2006,70.19,
MMR,RENEWABLE,TOT,PC_PRYENRGSUPPLY,A,2007,68.30,
MMR,RENEWABLE,TOT,PC_PRYENRGSUPPLY,A,2008,71.55,
MMR,RENEWABLE,TOT,PC_PRYENRGSUPPLY,A,2009,76.73,
MMR,RENEWABLE,TOT,PC_PRYENRGSUPPLY,A,2010,78.78,
MMR,RENEWABLE,TOT,PC_PRYENRGSUPPLY,A,2011,79.12,
MMR,RENEWABLE,TOT,PC_PRYENRGSUPPLY,A,2012,73.07,
MMR,RENEWABLE,TOT,PC_PRYENRGSUPPLY,A,2013,69.96,
MMR,RENEWABLE,TOT,PC_PRYENRGSUPPLY,A,2014,60.67,
NAM,RENEWABLE,TOT,PC_PRYENRGSUPPLY,A,1991,41.34,
NAM,RENEWABLE,TOT,PC_PRYENRGSUPPLY,A,1992,37.72,
NAM,RENEWABLE,TOT,PC_PRYENRGSUPPLY,A,1993,33.65,
NAM,RENEWABLE,TOT,PC_PRYENRGSUPPLY,A,1994,28.84,
NAM,RENEWABLE,TOT,PC_PRYENRGSUPPLY,A,1995,31.18,
NAM,RENEWABLE,TOT,PC_PRYENRGSUPPLY,A,1996,27.25,
NAM,RENEWABLE,TOT,PC_PRYENRGSUPPLY,A,1997,25.17,
NAM,RENEWABLE,TOT,PC_PRYENRGSUPPLY,A,1998,27.83,
NAM,RENEWABLE,TOT,PC_PRYENRGSUPPLY,A,1999,29.80,
NAM,RENEWABLE,TOT,PC_PRYENRGSUPPLY,A,2000,32.07,
NAM,RENEWABLE,TOT,PC_PRYENRGSUPPLY,A,2001,26.10,
NAM,RENEWABLE,TOT,PC_PRYENRGSUPPLY,A,2002,30.22,
NAM,RENEWABLE,TOT,PC_PRYENRGSUPPLY,A,2003,29.10,
NAM,RENEWABLE,TOT,PC_PRYENRGSUPPLY,A,2004,25.95,
NAM,RENEWABLE,TOT,PC_PRYENRGSUPPLY,A,2005,26.07,
NAM,RENEWABLE,TOT,PC_PRYENRGSUPPLY,A,2006,25.26,
NAM,RENEWABLE,TOT,PC_PRYENRGSUPPLY,A,2007,24.49,
NAM,RENEWABLE,TOT,PC_PRYENRGSUPPLY,A,2008,20.98,
NAM,RENEWABLE,TOT,PC_PRYENRGSUPPLY,A,2009,21.07,
NAM,RENEWABLE,TOT,PC_PRYENRGSUPPLY,A,2010,19.55,
NAM,RENEWABLE,TOT,PC_PRYENRGSUPPLY,A,2011,20.55,
NAM,RENEWABLE,TOT,PC_PRYENRGSUPPLY,A,2012,21.23,
NAM,RENEWABLE,TOT,PC_PRYENRGSUPPLY,A,2013,19.27,
NAM,RENEWABLE,TOT,PC_PRYENRGSUPPLY,A,2014,19.94,
NPL,RENEWABLE,TOT,PC_PRYENRGSUPPLY,A,1971,98.34,
NPL,RENEWABLE,TOT,PC_PRYENRGSUPPLY,A,1972,97.82,
NPL,RENEWABLE,TOT,PC_PRYENRGSUPPLY,A,1973,97.01,
NPL,RENEWABLE,TOT,PC_PRYENRGSUPPLY,A,1974,97.23,
NPL,RENEWABLE,TOT,PC_PRYENRGSUPPLY,A,1975,97.52,
NPL,RENEWABLE,TOT,PC_PRYENRGSUPPLY,A,1976,98.04,
NPL,RENEWABLE,TOT,PC_PRYENRGSUPPLY,A,1977,97.79,
NPL,RENEWABLE,TOT,PC_PRYENRGSUPPLY,A,1978,97.85,
NPL,RENEWABLE,TOT,PC_PRYENRGSUPPLY,A,1979,96.87,
NPL,RENEWABLE,TOT,PC_PRYENRGSUPPLY,A,1980,96.52,
NPL,RENEWABLE,TOT,PC_PRYENRGSUPPLY,A,1981,96.98,
NPL,RENEWABLE,TOT,PC_PRYENRGSUPPLY,A,1982,96.53,
NPL,RENEWABLE,TOT,PC_PRYENRGSUPPLY,A,1983,95.52,
NPL,RENEWABLE,TOT,PC_PRYENRGSUPPLY,A,1984,95.21,
NPL,RENEWABLE,TOT,PC_PRYENRGSUPPLY,A,1985,96.43,
NPL,RENEWABLE,TOT,PC_PRYENRGSUPPLY,A,1986,95.48,
NPL,RENEWABLE,TOT,PC_PRYENRGSUPPLY,A,1987,95.75,
NPL,RENEWABLE,TOT,PC_PRYENRGSUPPLY,A,1988,95.57,
NPL,RENEWABLE,TOT,PC_PRYENRGSUPPLY,A,1989,96.57,
NPL,RENEWABLE,TOT,PC_PRYENRGSUPPLY,A,1990,95.02,
NPL,RENEWABLE,TOT,PC_PRYENRGSUPPLY,A,1991,94.03,
NPL,RENEWABLE,TOT,PC_PRYENRGSUPPLY,A,1992,93.66,
NPL,RENEWABLE,TOT,PC_PRYENRGSUPPLY,A,1993,93.23,
NPL,RENEWABLE,TOT,PC_PRYENRGSUPPLY,A,1994,92.05,
NPL,RENEWABLE,TOT,PC_PRYENRGSUPPLY,A,1995,91.46,
NPL,RENEWABLE,TOT,PC_PRYENRGSUPPLY,A,1996,91.26,
NPL,RENEWABLE,TOT,PC_PRYENRGSUPPLY,A,1997,90.17,
NPL,RENEWABLE,TOT,PC_PRYENRGSUPPLY,A,1998,89.87,
NPL,RENEWABLE,TOT,PC_PRYENRGSUPPLY,A,1999,87.34,
NPL,RENEWABLE,TOT,PC_PRYENRGSUPPLY,A,2000,87.92,
NPL,RENEWABLE,TOT,PC_PRYENRGSUPPLY,A,2001,87.55,
NPL,RENEWABLE,TOT,PC_PRYENRGSUPPLY,A,2002,89.88,
NPL,RENEWABLE,TOT,PC_PRYENRGSUPPLY,A,2003,89.45,
NPL,RENEWABLE,TOT,PC_PRYENRGSUPPLY,A,2004,90.17,
NPL,RENEWABLE,TOT,PC_PRYENRGSUPPLY,A,2005,89.19,
NPL,RENEWABLE,TOT,PC_PRYENRGSUPPLY,A,2006,90.93,
NPL,RENEWABLE,TOT,PC_PRYENRGSUPPLY,A,2007,91.05,
NPL,RENEWABLE,TOT,PC_PRYENRGSUPPLY,A,2008,89.84,
NPL,RENEWABLE,TOT,PC_PRYENRGSUPPLY,A,2009,88.47,
NPL,RENEWABLE,TOT,PC_PRYENRGSUPPLY,A,2010,86.84,
NPL,RENEWABLE,TOT,PC_PRYENRGSUPPLY,A,2011,86.41,
NPL,RENEWABLE,TOT,PC_PRYENRGSUPPLY,A,2012,84.14,
NPL,RENEWABLE,TOT,PC_PRYENRGSUPPLY,A,2013,85.31,
NPL,RENEWABLE,TOT,PC_PRYENRGSUPPLY,A,2014,83.23,
NIC,RENEWABLE,TOT,PC_PRYENRGSUPPLY,A,1971,58.62,
NIC,RENEWABLE,TOT,PC_PRYENRGSUPPLY,A,1972,58.94,
NIC,RENEWABLE,TOT,PC_PRYENRGSUPPLY,A,1973,56.52,
NIC,RENEWABLE,TOT,PC_PRYENRGSUPPLY,A,1974,55.94,
NIC,RENEWABLE,TOT,PC_PRYENRGSUPPLY,A,1975,56.60,
NIC,RENEWABLE,TOT,PC_PRYENRGSUPPLY,A,1976,55.41,
NIC,RENEWABLE,TOT,PC_PRYENRGSUPPLY,A,1977,50.31,
NIC,RENEWABLE,TOT,PC_PRYENRGSUPPLY,A,1978,52.95,
NIC,RENEWABLE,TOT,PC_PRYENRGSUPPLY,A,1979,62.64,
NIC,RENEWABLE,TOT,PC_PRYENRGSUPPLY,A,1980,59.16,
NIC,RENEWABLE,TOT,PC_PRYENRGSUPPLY,A,1981,58.80,
NIC,RENEWABLE,TOT,PC_PRYENRGSUPPLY,A,1982,59.99,
NIC,RENEWABLE,TOT,PC_PRYENRGSUPPLY,A,1983,59.34,
NIC,RENEWABLE,TOT,PC_PRYENRGSUPPLY,A,1984,65.64,
NIC,RENEWABLE,TOT,PC_PRYENRGSUPPLY,A,1985,66.85,
NIC,RENEWABLE,TOT,PC_PRYENRGSUPPLY,A,1986,62.06,
NIC,RENEWABLE,TOT,PC_PRYENRGSUPPLY,A,1987,62.16,
NIC,RENEWABLE,TOT,PC_PRYENRGSUPPLY,A,1988,63.62,
NIC,RENEWABLE,TOT,PC_PRYENRGSUPPLY,A,1989,69.34,
NIC,RENEWABLE,TOT,PC_PRYENRGSUPPLY,A,1990,70.38,
NIC,RENEWABLE,TOT,PC_PRYENRGSUPPLY,A,1991,71.08,
NIC,RENEWABLE,TOT,PC_PRYENRGSUPPLY,A,1992,67.50,
NIC,RENEWABLE,TOT,PC_PRYENRGSUPPLY,A,1993,67.31,
NIC,RENEWABLE,TOT,PC_PRYENRGSUPPLY,A,1994,64.84,
NIC,RENEWABLE,TOT,PC_PRYENRGSUPPLY,A,1995,62.67,
NIC,RENEWABLE,TOT,PC_PRYENRGSUPPLY,A,1996,62.21,
NIC,RENEWABLE,TOT,PC_PRYENRGSUPPLY,A,1997,60.51,
NIC,RENEWABLE,TOT,PC_PRYENRGSUPPLY,A,1998,56.12,
NIC,RENEWABLE,TOT,PC_PRYENRGSUPPLY,A,1999,52.96,
NIC,RENEWABLE,TOT,PC_PRYENRGSUPPLY,A,2000,53.59,
NIC,RENEWABLE,TOT,PC_PRYENRGSUPPLY,A,2001,51.63,
NIC,RENEWABLE,TOT,PC_PRYENRGSUPPLY,A,2002,53.28,
NIC,RENEWABLE,TOT,PC_PRYENRGSUPPLY,A,2003,51.92,
NIC,RENEWABLE,TOT,PC_PRYENRGSUPPLY,A,2004,52.46,
NIC,RENEWABLE,TOT,PC_PRYENRGSUPPLY,A,2005,52.06,
NIC,RENEWABLE,TOT,PC_PRYENRGSUPPLY,A,2006,51.78,
NIC,RENEWABLE,TOT,PC_PRYENRGSUPPLY,A,2007,50.64,
NIC,RENEWABLE,TOT,PC_PRYENRGSUPPLY,A,2008,53.40,
NIC,RENEWABLE,TOT,PC_PRYENRGSUPPLY,A,2009,52.67,
NIC,RENEWABLE,TOT,PC_PRYENRGSUPPLY,A,2010,53.19,
NIC,RENEWABLE,TOT,PC_PRYENRGSUPPLY,A,2011,51.49,
NIC,RENEWABLE,TOT,PC_PRYENRGSUPPLY,A,2012,56.67,
NIC,RENEWABLE,TOT,PC_PRYENRGSUPPLY,A,2013,60.25,
NIC,RENEWABLE,TOT,PC_PRYENRGSUPPLY,A,2014,59.14,
NER,RENEWABLE,TOT,PC_PRYENRGSUPPLY,A,2000,84.44,
NER,RENEWABLE,TOT,PC_PRYENRGSUPPLY,A,2001,84.94,
NER,RENEWABLE,TOT,PC_PRYENRGSUPPLY,A,2002,84.56,
NER,RENEWABLE,TOT,PC_PRYENRGSUPPLY,A,2003,83.69,
NER,RENEWABLE,TOT,PC_PRYENRGSUPPLY,A,2004,82.41,
NER,RENEWABLE,TOT,PC_PRYENRGSUPPLY,A,2005,84.30,
NER,RENEWABLE,TOT,PC_PRYENRGSUPPLY,A,2006,84.56,
NER,RENEWABLE,TOT,PC_PRYENRGSUPPLY,A,2007,83.66,
NER,RENEWABLE,TOT,PC_PRYENRGSUPPLY,A,2008,82.67,
NER,RENEWABLE,TOT,PC_PRYENRGSUPPLY,A,2009,80.46,
NER,RENEWABLE,TOT,PC_PRYENRGSUPPLY,A,2010,76.78,
NER,RENEWABLE,TOT,PC_PRYENRGSUPPLY,A,2011,73.11,
NER,RENEWABLE,TOT,PC_PRYENRGSUPPLY,A,2012,67.91,
NER,RENEWABLE,TOT,PC_PRYENRGSUPPLY,A,2013,71.47,
NER,RENEWABLE,TOT,PC_PRYENRGSUPPLY,A,2014,73.77,
NGA,RENEWABLE,TOT,PC_PRYENRGSUPPLY,A,1971,94.03,
NGA,RENEWABLE,TOT,PC_PRYENRGSUPPLY,A,1972,93.06,
NGA,RENEWABLE,TOT,PC_PRYENRGSUPPLY,A,1973,91.41,
NGA,RENEWABLE,TOT,PC_PRYENRGSUPPLY,A,1974,91.01,
NGA,RENEWABLE,TOT,PC_PRYENRGSUPPLY,A,1975,89.65,
NGA,RENEWABLE,TOT,PC_PRYENRGSUPPLY,A,1976,87.57,
NGA,RENEWABLE,TOT,PC_PRYENRGSUPPLY,A,1977,85.37,
NGA,RENEWABLE,TOT,PC_PRYENRGSUPPLY,A,1978,83.57,
NGA,RENEWABLE,TOT,PC_PRYENRGSUPPLY,A,1979,82.68,
NGA,RENEWABLE,TOT,PC_PRYENRGSUPPLY,A,1980,81.06,
NGA,RENEWABLE,TOT,PC_PRYENRGSUPPLY,A,1981,79.52,
NGA,RENEWABLE,TOT,PC_PRYENRGSUPPLY,A,1982,77.93,
NGA,RENEWABLE,TOT,PC_PRYENRGSUPPLY,A,1983,77.85,
NGA,RENEWABLE,TOT,PC_PRYENRGSUPPLY,A,1984,79.97,
NGA,RENEWABLE,TOT,PC_PRYENRGSUPPLY,A,1985,79.65,
NGA,RENEWABLE,TOT,PC_PRYENRGSUPPLY,A,1986,81.05,
NGA,RENEWABLE,TOT,PC_PRYENRGSUPPLY,A,1987,80.27,
NGA,RENEWABLE,TOT,PC_PRYENRGSUPPLY,A,1988,80.17,
NGA,RENEWABLE,TOT,PC_PRYENRGSUPPLY,A,1989,79.56,
NGA,RENEWABLE,TOT,PC_PRYENRGSUPPLY,A,1990,79.48,
NGA,RENEWABLE,TOT,PC_PRYENRGSUPPLY,A,1991,78.09,
NGA,RENEWABLE,TOT,PC_PRYENRGSUPPLY,A,1992,77.17,
NGA,RENEWABLE,TOT,PC_PRYENRGSUPPLY,A,1993,77.96,
NGA,RENEWABLE,TOT,PC_PRYENRGSUPPLY,A,1994,82.18,
NGA,RENEWABLE,TOT,PC_PRYENRGSUPPLY,A,1995,82.25,
NGA,RENEWABLE,TOT,PC_PRYENRGSUPPLY,A,1996,81.17,
NGA,RENEWABLE,TOT,PC_PRYENRGSUPPLY,A,1997,80.80,
NGA,RENEWABLE,TOT,PC_PRYENRGSUPPLY,A,1998,82.64,
NGA,RENEWABLE,TOT,PC_PRYENRGSUPPLY,A,1999,82.22,
NGA,RENEWABLE,TOT,PC_PRYENRGSUPPLY,A,2000,81.55,
NGA,RENEWABLE,TOT,PC_PRYENRGSUPPLY,A,2001,80.11,
NGA,RENEWABLE,TOT,PC_PRYENRGSUPPLY,A,2002,80.24,
NGA,RENEWABLE,TOT,PC_PRYENRGSUPPLY,A,2003,78.38,
NGA,RENEWABLE,TOT,PC_PRYENRGSUPPLY,A,2004,78.69,
NGA,RENEWABLE,TOT,PC_PRYENRGSUPPLY,A,2005,78.29,
NGA,RENEWABLE,TOT,PC_PRYENRGSUPPLY,A,2006,80.29,
NGA,RENEWABLE,TOT,PC_PRYENRGSUPPLY,A,2007,82.40,
NGA,RENEWABLE,TOT,PC_PRYENRGSUPPLY,A,2008,81.56,
NGA,RENEWABLE,TOT,PC_PRYENRGSUPPLY,A,2009,84.11,
NGA,RENEWABLE,TOT,PC_PRYENRGSUPPLY,A,2010,81.97,
NGA,RENEWABLE,TOT,PC_PRYENRGSUPPLY,A,2011,81.00,
NGA,RENEWABLE,TOT,PC_PRYENRGSUPPLY,A,2012,81.20,
NGA,RENEWABLE,TOT,PC_PRYENRGSUPPLY,A,2013,81.37,
NGA,RENEWABLE,TOT,PC_PRYENRGSUPPLY,A,2014,80.96,
OMN,RENEWABLE,TOT,PC_PRYENRGSUPPLY,A,1971,0.00,
OMN,RENEWABLE,TOT,PC_PRYENRGSUPPLY,A,1972,0.00,
OMN,RENEWABLE,TOT,PC_PRYENRGSUPPLY,A,1973,0.00,
OMN,RENEWABLE,TOT,PC_PRYENRGSUPPLY,A,1974,0.00,
OMN,RENEWABLE,TOT,PC_PRYENRGSUPPLY,A,1975,0.00,
OMN,RENEWABLE,TOT,PC_PRYENRGSUPPLY,A,1976,0.00,
OMN,RENEWABLE,TOT,PC_PRYENRGSUPPLY,A,1977,0.00,
OMN,RENEWABLE,TOT,PC_PRYENRGSUPPLY,A,1978,0.00,
OMN,RENEWABLE,TOT,PC_PRYENRGSUPPLY,A,1979,0.00,
OMN,RENEWABLE,TOT,PC_PRYENRGSUPPLY,A,1980,0.00,
OMN,RENEWABLE,TOT,PC_PRYENRGSUPPLY,A,1981,0.00,
OMN,RENEWABLE,TOT,PC_PRYENRGSUPPLY,A,1982,0.00,
OMN,RENEWABLE,TOT,PC_PRYENRGSUPPLY,A,1983,0.00,
OMN,RENEWABLE,TOT,PC_PRYENRGSUPPLY,A,1984,0.00,
OMN,RENEWABLE,TOT,PC_PRYENRGSUPPLY,A,1985,0.00,
OMN,RENEWABLE,TOT,PC_PRYENRGSUPPLY,A,1986,0.00,
OMN,RENEWABLE,TOT,PC_PRYENRGSUPPLY,A,1987,0.00,
OMN,RENEWABLE,TOT,PC_PRYENRGSUPPLY,A,1988,0.00,
OMN,RENEWABLE,TOT,PC_PRYENRGSUPPLY,A,1989,0.00,
OMN,RENEWABLE,TOT,PC_PRYENRGSUPPLY,A,1990,0.00,
OMN,RENEWABLE,TOT,PC_PRYENRGSUPPLY,A,1991,0.00,
OMN,RENEWABLE,TOT,PC_PRYENRGSUPPLY,A,1992,0.00,
OMN,RENEWABLE,TOT,PC_PRYENRGSUPPLY,A,1993,0.00,
OMN,RENEWABLE,TOT,PC_PRYENRGSUPPLY,A,1994,0.00,
OMN,RENEWABLE,TOT,PC_PRYENRGSUPPLY,A,1995,0.00,
OMN,RENEWABLE,TOT,PC_PRYENRGSUPPLY,A,1996,0.00,
OMN,RENEWABLE,TOT,PC_PRYENRGSUPPLY,A,1997,0.00,
OMN,RENEWABLE,TOT,PC_PRYENRGSUPPLY,A,1998,0.00,
OMN,RENEWABLE,TOT,PC_PRYENRGSUPPLY,A,1999,0.00,
OMN,RENEWABLE,TOT,PC_PRYENRGSUPPLY,A,2000,0.00,
OMN,RENEWABLE,TOT,PC_PRYENRGSUPPLY,A,2001,0.00,
OMN,RENEWABLE,TOT,PC_PRYENRGSUPPLY,A,2002,0.00,
OMN,RENEWABLE,TOT,PC_PRYENRGSUPPLY,A,2003,0.00,
OMN,RENEWABLE,TOT,PC_PRYENRGSUPPLY,A,2004,0.00,
OMN,RENEWABLE,TOT,PC_PRYENRGSUPPLY,A,2005,0.00,
OMN,RENEWABLE,TOT,PC_PRYENRGSUPPLY,A,2006,0.00,
OMN,RENEWABLE,TOT,PC_PRYENRGSUPPLY,A,2007,0.00,
OMN,RENEWABLE,TOT,PC_PRYENRGSUPPLY,A,2008,0.00,
OMN,RENEWABLE,TOT,PC_PRYENRGSUPPLY,A,2009,0.00,
OMN,RENEWABLE,TOT,PC_PRYENRGSUPPLY,A,2010,0.00,
OMN,RENEWABLE,TOT,PC_PRYENRGSUPPLY,A,2011,0.00,
OMN,RENEWABLE,TOT,PC_PRYENRGSUPPLY,A,2012,0.00,
OMN,RENEWABLE,TOT,PC_PRYENRGSUPPLY,A,2013,0.00,
OMN,RENEWABLE,TOT,PC_PRYENRGSUPPLY,A,2014,0.00,
PAK,RENEWABLE,TOT,PC_PRYENRGSUPPLY,A,1971,64.24,
PAK,RENEWABLE,TOT,PC_PRYENRGSUPPLY,A,1972,64.55,
PAK,RENEWABLE,TOT,PC_PRYENRGSUPPLY,A,1973,63.73,
PAK,RENEWABLE,TOT,PC_PRYENRGSUPPLY,A,1974,61.92,
PAK,RENEWABLE,TOT,PC_PRYENRGSUPPLY,A,1975,61.14,
PAK,RENEWABLE,TOT,PC_PRYENRGSUPPLY,A,1976,62.71,
PAK,RENEWABLE,TOT,PC_PRYENRGSUPPLY,A,1977,61.81,
PAK,RENEWABLE,TOT,PC_PRYENRGSUPPLY,A,1978,61.95,
PAK,RENEWABLE,TOT,PC_PRYENRGSUPPLY,A,1979,60.56,
PAK,RENEWABLE,TOT,PC_PRYENRGSUPPLY,A,1980,59.68,
PAK,RENEWABLE,TOT,PC_PRYENRGSUPPLY,A,1981,57.28,
PAK,RENEWABLE,TOT,PC_PRYENRGSUPPLY,A,1982,55.72,
PAK,RENEWABLE,TOT,PC_PRYENRGSUPPLY,A,1983,54.82,
PAK,RENEWABLE,TOT,PC_PRYENRGSUPPLY,A,1984,54.96,
PAK,RENEWABLE,TOT,PC_PRYENRGSUPPLY,A,1985,53.44,
PAK,RENEWABLE,TOT,PC_PRYENRGSUPPLY,A,1986,53.06,
PAK,RENEWABLE,TOT,PC_PRYENRGSUPPLY,A,1987,49.98,
PAK,RENEWABLE,TOT,PC_PRYENRGSUPPLY,A,1988,49.23,
PAK,RENEWABLE,TOT,PC_PRYENRGSUPPLY,A,1989,47.96,
PAK,RENEWABLE,TOT,PC_PRYENRGSUPPLY,A,1990,47.14,
PAK,RENEWABLE,TOT,PC_PRYENRGSUPPLY,A,1991,47.47,
PAK,RENEWABLE,TOT,PC_PRYENRGSUPPLY,A,1992,46.13,
PAK,RENEWABLE,TOT,PC_PRYENRGSUPPLY,A,1993,44.83,
PAK,RENEWABLE,TOT,PC_PRYENRGSUPPLY,A,1994,44.74,
PAK,RENEWABLE,TOT,PC_PRYENRGSUPPLY,A,1995,43.92,
PAK,RENEWABLE,TOT,PC_PRYENRGSUPPLY,A,1996,42.15,
PAK,RENEWABLE,TOT,PC_PRYENRGSUPPLY,A,1997,42.00,
PAK,RENEWABLE,TOT,PC_PRYENRGSUPPLY,A,1998,42.00,
PAK,RENEWABLE,TOT,PC_PRYENRGSUPPLY,A,1999,40.26,
PAK,RENEWABLE,TOT,PC_PRYENRGSUPPLY,A,2000,39.77,
PAK,RENEWABLE,TOT,PC_PRYENRGSUPPLY,A,2001,40.17,
PAK,RENEWABLE,TOT,PC_PRYENRGSUPPLY,A,2002,40.96,
PAK,RENEWABLE,TOT,PC_PRYENRGSUPPLY,A,2003,40.50,
PAK,RENEWABLE,TOT,PC_PRYENRGSUPPLY,A,2004,38.34,
PAK,RENEWABLE,TOT,PC_PRYENRGSUPPLY,A,2005,38.26,
PAK,RENEWABLE,TOT,PC_PRYENRGSUPPLY,A,2006,37.54,
PAK,RENEWABLE,TOT,PC_PRYENRGSUPPLY,A,2007,35.97,
PAK,RENEWABLE,TOT,PC_PRYENRGSUPPLY,A,2008,37.18,
PAK,RENEWABLE,TOT,PC_PRYENRGSUPPLY,A,2009,37.37,
PAK,RENEWABLE,TOT,PC_PRYENRGSUPPLY,A,2010,37.94,
PAK,RENEWABLE,TOT,PC_PRYENRGSUPPLY,A,2011,38.06,
PAK,RENEWABLE,TOT,PC_PRYENRGSUPPLY,A,2012,38.50,
PAK,RENEWABLE,TOT,PC_PRYENRGSUPPLY,A,2013,38.57,
PAK,RENEWABLE,TOT,PC_PRYENRGSUPPLY,A,2014,38.78,
PAN,RENEWABLE,TOT,PC_PRYENRGSUPPLY,A,1971,20.67,
PAN,RENEWABLE,TOT,PC_PRYENRGSUPPLY,A,1972,18.19,
PAN,RENEWABLE,TOT,PC_PRYENRGSUPPLY,A,1973,16.83,
PAN,RENEWABLE,TOT,PC_PRYENRGSUPPLY,A,1974,18.31,
PAN,RENEWABLE,TOT,PC_PRYENRGSUPPLY,A,1975,22.47,
PAN,RENEWABLE,TOT,PC_PRYENRGSUPPLY,A,1976,24.17,
PAN,RENEWABLE,TOT,PC_PRYENRGSUPPLY,A,1977,26.72,
PAN,RENEWABLE,TOT,PC_PRYENRGSUPPLY,A,1978,30.05,
PAN,RENEWABLE,TOT,PC_PRYENRGSUPPLY,A,1979,28.77,
PAN,RENEWABLE,TOT,PC_PRYENRGSUPPLY,A,1980,37.33,
PAN,RENEWABLE,TOT,PC_PRYENRGSUPPLY,A,1981,37.69,
PAN,RENEWABLE,TOT,PC_PRYENRGSUPPLY,A,1982,34.39,
PAN,RENEWABLE,TOT,PC_PRYENRGSUPPLY,A,1983,30.59,
PAN,RENEWABLE,TOT,PC_PRYENRGSUPPLY,A,1984,36.76,
PAN,RENEWABLE,TOT,PC_PRYENRGSUPPLY,A,1985,38.72,
PAN,RENEWABLE,TOT,PC_PRYENRGSUPPLY,A,1986,38.17,
PAN,RENEWABLE,TOT,PC_PRYENRGSUPPLY,A,1987,35.39,
PAN,RENEWABLE,TOT,PC_PRYENRGSUPPLY,A,1988,38.65,
PAN,RENEWABLE,TOT,PC_PRYENRGSUPPLY,A,1989,41.21,
PAN,RENEWABLE,TOT,PC_PRYENRGSUPPLY,A,1990,41.07,
PAN,RENEWABLE,TOT,PC_PRYENRGSUPPLY,A,1991,37.29,
PAN,RENEWABLE,TOT,PC_PRYENRGSUPPLY,A,1992,33.85,
PAN,RENEWABLE,TOT,PC_PRYENRGSUPPLY,A,1993,35.45,
PAN,RENEWABLE,TOT,PC_PRYENRGSUPPLY,A,1994,33.07,
PAN,RENEWABLE,TOT,PC_PRYENRGSUPPLY,A,1995,30.26,
PAN,RENEWABLE,TOT,PC_PRYENRGSUPPLY,A,1996,32.86,
PAN,RENEWABLE,TOT,PC_PRYENRGSUPPLY,A,1997,31.73,
PAN,RENEWABLE,TOT,PC_PRYENRGSUPPLY,A,1998,25.00,
PAN,RENEWABLE,TOT,PC_PRYENRGSUPPLY,A,1999,28.79,
PAN,RENEWABLE,TOT,PC_PRYENRGSUPPLY,A,2000,29.41,
PAN,RENEWABLE,TOT,PC_PRYENRGSUPPLY,A,2001,24.78,
PAN,RENEWABLE,TOT,PC_PRYENRGSUPPLY,A,2002,29.55,
PAN,RENEWABLE,TOT,PC_PRYENRGSUPPLY,A,2003,27.69,
PAN,RENEWABLE,TOT,PC_PRYENRGSUPPLY,A,2004,30.57,
PAN,RENEWABLE,TOT,PC_PRYENRGSUPPLY,A,2005,26.49,
PAN,RENEWABLE,TOT,PC_PRYENRGSUPPLY,A,2006,25.60,
PAN,RENEWABLE,TOT,PC_PRYENRGSUPPLY,A,2007,24.44,
PAN,RENEWABLE,TOT,PC_PRYENRGSUPPLY,A,2008,29.08,
PAN,RENEWABLE,TOT,PC_PRYENRGSUPPLY,A,2009,24.99,
PAN,RENEWABLE,TOT,PC_PRYENRGSUPPLY,A,2010,18.57,
PAN,RENEWABLE,TOT,PC_PRYENRGSUPPLY,A,2011,17.22,
PAN,RENEWABLE,TOT,PC_PRYENRGSUPPLY,A,2012,19.53,
PAN,RENEWABLE,TOT,PC_PRYENRGSUPPLY,A,2013,20.09,
PAN,RENEWABLE,TOT,PC_PRYENRGSUPPLY,A,2014,19.10,
PRY,RENEWABLE,TOT,PC_PRYENRGSUPPLY,A,1971,85.39,
PRY,RENEWABLE,TOT,PC_PRYENRGSUPPLY,A,1972,84.53,
PRY,RENEWABLE,TOT,PC_PRYENRGSUPPLY,A,1973,83.78,
PRY,RENEWABLE,TOT,PC_PRYENRGSUPPLY,A,1974,86.25,
PRY,RENEWABLE,TOT,PC_PRYENRGSUPPLY,A,1975,84.78,
PRY,RENEWABLE,TOT,PC_PRYENRGSUPPLY,A,1976,83.79,
PRY,RENEWABLE,TOT,PC_PRYENRGSUPPLY,A,1977,77.80,
PRY,RENEWABLE,TOT,PC_PRYENRGSUPPLY,A,1978,74.47,
PRY,RENEWABLE,TOT,PC_PRYENRGSUPPLY,A,1979,76.05,
PRY,RENEWABLE,TOT,PC_PRYENRGSUPPLY,A,1980,77.01,
PRY,RENEWABLE,TOT,PC_PRYENRGSUPPLY,A,1981,78.05,
PRY,RENEWABLE,TOT,PC_PRYENRGSUPPLY,A,1982,77.78,
PRY,RENEWABLE,TOT,PC_PRYENRGSUPPLY,A,1983,79.98,
PRY,RENEWABLE,TOT,PC_PRYENRGSUPPLY,A,1984,78.50,
PRY,RENEWABLE,TOT,PC_PRYENRGSUPPLY,A,1985,89.14,
PRY,RENEWABLE,TOT,PC_PRYENRGSUPPLY,A,1986,116.76,
PRY,RENEWABLE,TOT,PC_PRYENRGSUPPLY,A,1987,132.97,
PRY,RENEWABLE,TOT,PC_PRYENRGSUPPLY,A,1988,131.74,
PRY,RENEWABLE,TOT,PC_PRYENRGSUPPLY,A,1989,136.06,
PRY,RENEWABLE,TOT,PC_PRYENRGSUPPLY,A,1990,148.56,
PRY,RENEWABLE,TOT,PC_PRYENRGSUPPLY,A,1991,153.24,
PRY,RENEWABLE,TOT,PC_PRYENRGSUPPLY,A,1992,143.13,
PRY,RENEWABLE,TOT,PC_PRYENRGSUPPLY,A,1993,147.12,
PRY,RENEWABLE,TOT,PC_PRYENRGSUPPLY,A,1994,149.73,
PRY,RENEWABLE,TOT,PC_PRYENRGSUPPLY,A,1995,153.35,
PRY,RENEWABLE,TOT,PC_PRYENRGSUPPLY,A,1996,158.92,
PRY,RENEWABLE,TOT,PC_PRYENRGSUPPLY,A,1997,160.51,
PRY,RENEWABLE,TOT,PC_PRYENRGSUPPLY,A,1998,159.23,
PRY,RENEWABLE,TOT,PC_PRYENRGSUPPLY,A,1999,163.80,
PRY,RENEWABLE,TOT,PC_PRYENRGSUPPLY,A,2000,177.55,
PRY,RENEWABLE,TOT,PC_PRYENRGSUPPLY,A,2001,157.08,
PRY,RENEWABLE,TOT,PC_PRYENRGSUPPLY,A,2002,161.94,
PRY,RENEWABLE,TOT,PC_PRYENRGSUPPLY,A,2003,167.01,
PRY,RENEWABLE,TOT,PC_PRYENRGSUPPLY,A,2004,165.56,
PRY,RENEWABLE,TOT,PC_PRYENRGSUPPLY,A,2005,166.11,
PRY,RENEWABLE,TOT,PC_PRYENRGSUPPLY,A,2006,166.23,
PRY,RENEWABLE,TOT,PC_PRYENRGSUPPLY,A,2007,161.54,
PRY,RENEWABLE,TOT,PC_PRYENRGSUPPLY,A,2008,159.83,
PRY,RENEWABLE,TOT,PC_PRYENRGSUPPLY,A,2009,155.74,
PRY,RENEWABLE,TOT,PC_PRYENRGSUPPLY,A,2010,145.01,
PRY,RENEWABLE,TOT,PC_PRYENRGSUPPLY,A,2011,147.71,
PRY,RENEWABLE,TOT,PC_PRYENRGSUPPLY,A,2012,148.21,
PRY,RENEWABLE,TOT,PC_PRYENRGSUPPLY,A,2013,148.83,
PRY,RENEWABLE,TOT,PC_PRYENRGSUPPLY,A,2014,135.19,
PER,RENEWABLE,TOT,PC_PRYENRGSUPPLY,A,1971,41.80,
PER,RENEWABLE,TOT,PC_PRYENRGSUPPLY,A,1972,42.23,
PER,RENEWABLE,TOT,PC_PRYENRGSUPPLY,A,1973,41.20,
PER,RENEWABLE,TOT,PC_PRYENRGSUPPLY,A,1974,39.78,
PER,RENEWABLE,TOT,PC_PRYENRGSUPPLY,A,1975,37.93,
PER,RENEWABLE,TOT,PC_PRYENRGSUPPLY,A,1976,37.73,
PER,RENEWABLE,TOT,PC_PRYENRGSUPPLY,A,1977,36.94,
PER,RENEWABLE,TOT,PC_PRYENRGSUPPLY,A,1978,38.24,
PER,RENEWABLE,TOT,PC_PRYENRGSUPPLY,A,1979,38.56,
PER,RENEWABLE,TOT,PC_PRYENRGSUPPLY,A,1980,35.86,
PER,RENEWABLE,TOT,PC_PRYENRGSUPPLY,A,1981,36.66,
PER,RENEWABLE,TOT,PC_PRYENRGSUPPLY,A,1982,37.45,
PER,RENEWABLE,TOT,PC_PRYENRGSUPPLY,A,1983,40.84,
PER,RENEWABLE,TOT,PC_PRYENRGSUPPLY,A,1984,40.69,
PER,RENEWABLE,TOT,PC_PRYENRGSUPPLY,A,1985,40.91,
PER,RENEWABLE,TOT,PC_PRYENRGSUPPLY,A,1986,38.44,
PER,RENEWABLE,TOT,PC_PRYENRGSUPPLY,A,1987,36.27,
PER,RENEWABLE,TOT,PC_PRYENRGSUPPLY,A,1988,34.78,
PER,RENEWABLE,TOT,PC_PRYENRGSUPPLY,A,1989,36.45,
PER,RENEWABLE,TOT,PC_PRYENRGSUPPLY,A,1990,36.72,
PER,RENEWABLE,TOT,PC_PRYENRGSUPPLY,A,1991,37.35,
PER,RENEWABLE,TOT,PC_PRYENRGSUPPLY,A,1992,35.80,
PER,RENEWABLE,TOT,PC_PRYENRGSUPPLY,A,1993,34.43,
PER,RENEWABLE,TOT,PC_PRYENRGSUPPLY,A,1994,33.64,
PER,RENEWABLE,TOT,PC_PRYENRGSUPPLY,A,1995,31.38,
PER,RENEWABLE,TOT,PC_PRYENRGSUPPLY,A,1996,30.50,
PER,RENEWABLE,TOT,PC_PRYENRGSUPPLY,A,1997,31.38,
PER,RENEWABLE,TOT,PC_PRYENRGSUPPLY,A,1998,30.23,
PER,RENEWABLE,TOT,PC_PRYENRGSUPPLY,A,1999,28.80,
PER,RENEWABLE,TOT,PC_PRYENRGSUPPLY,A,2000,30.09,
PER,RENEWABLE,TOT,PC_PRYENRGSUPPLY,A,2001,32.45,
PER,RENEWABLE,TOT,PC_PRYENRGSUPPLY,A,2002,32.60,
PER,RENEWABLE,TOT,PC_PRYENRGSUPPLY,A,2003,33.45,
PER,RENEWABLE,TOT,PC_PRYENRGSUPPLY,A,2004,30.25,
PER,RENEWABLE,TOT,PC_PRYENRGSUPPLY,A,2005,28.44,
PER,RENEWABLE,TOT,PC_PRYENRGSUPPLY,A,2006,31.05,
PER,RENEWABLE,TOT,PC_PRYENRGSUPPLY,A,2007,29.64,
PER,RENEWABLE,TOT,PC_PRYENRGSUPPLY,A,2008,23.43,
PER,RENEWABLE,TOT,PC_PRYENRGSUPPLY,A,2009,26.63,
PER,RENEWABLE,TOT,PC_PRYENRGSUPPLY,A,2010,26.08,
PER,RENEWABLE,TOT,PC_PRYENRGSUPPLY,A,2011,26.13,
PER,RENEWABLE,TOT,PC_PRYENRGSUPPLY,A,2012,23.34,
PER,RENEWABLE,TOT,PC_PRYENRGSUPPLY,A,2013,23.76,
PER,RENEWABLE,TOT,PC_PRYENRGSUPPLY,A,2014,20.45,
PHL,RENEWABLE,TOT,PC_PRYENRGSUPPLY,A,1971,48.32,
PHL,RENEWABLE,TOT,PC_PRYENRGSUPPLY,A,1972,49.46,
PHL,RENEWABLE,TOT,PC_PRYENRGSUPPLY,A,1973,46.69,
PHL,RENEWABLE,TOT,PC_PRYENRGSUPPLY,A,1974,48.19,
PHL,RENEWABLE,TOT,PC_PRYENRGSUPPLY,A,1975,46.74,
PHL,RENEWABLE,TOT,PC_PRYENRGSUPPLY,A,1976,46.16,
PHL,RENEWABLE,TOT,PC_PRYENRGSUPPLY,A,1977,45.05,
PHL,RENEWABLE,TOT,PC_PRYENRGSUPPLY,A,1978,45.59,
PHL,RENEWABLE,TOT,PC_PRYENRGSUPPLY,A,1979,46.59,
PHL,RENEWABLE,TOT,PC_PRYENRGSUPPLY,A,1980,51.35,
PHL,RENEWABLE,TOT,PC_PRYENRGSUPPLY,A,1981,55.19,
PHL,RENEWABLE,TOT,PC_PRYENRGSUPPLY,A,1982,57.35,
PHL,RENEWABLE,TOT,PC_PRYENRGSUPPLY,A,1983,56.19,
PHL,RENEWABLE,TOT,PC_PRYENRGSUPPLY,A,1984,65.40,
PHL,RENEWABLE,TOT,PC_PRYENRGSUPPLY,A,1985,64.82,
PHL,RENEWABLE,TOT,PC_PRYENRGSUPPLY,A,1986,64.46,
PHL,RENEWABLE,TOT,PC_PRYENRGSUPPLY,A,1987,60.57,
PHL,RENEWABLE,TOT,PC_PRYENRGSUPPLY,A,1988,59.05,
PHL,RENEWABLE,TOT,PC_PRYENRGSUPPLY,A,1989,58.08,
PHL,RENEWABLE,TOT,PC_PRYENRGSUPPLY,A,1990,56.92,
PHL,RENEWABLE,TOT,PC_PRYENRGSUPPLY,A,1991,55.72,
PHL,RENEWABLE,TOT,PC_PRYENRGSUPPLY,A,1992,51.77,
PHL,RENEWABLE,TOT,PC_PRYENRGSUPPLY,A,1993,50.73,
PHL,RENEWABLE,TOT,PC_PRYENRGSUPPLY,A,1994,48.23,
PHL,RENEWABLE,TOT,PC_PRYENRGSUPPLY,A,1995,44.63,
PHL,RENEWABLE,TOT,PC_PRYENRGSUPPLY,A,1996,43.67,
PHL,RENEWABLE,TOT,PC_PRYENRGSUPPLY,A,1997,42.28,
PHL,RENEWABLE,TOT,PC_PRYENRGSUPPLY,A,1998,44.08,
PHL,RENEWABLE,TOT,PC_PRYENRGSUPPLY,A,1999,46.78,
PHL,RENEWABLE,TOT,PC_PRYENRGSUPPLY,A,2000,46.93,
PHL,RENEWABLE,TOT,PC_PRYENRGSUPPLY,A,2001,45.70,
PHL,RENEWABLE,TOT,PC_PRYENRGSUPPLY,A,2002,44.13,
PHL,RENEWABLE,TOT,PC_PRYENRGSUPPLY,A,2003,42.78,
PHL,RENEWABLE,TOT,PC_PRYENRGSUPPLY,A,2004,43.62,
PHL,RENEWABLE,TOT,PC_PRYENRGSUPPLY,A,2005,42.19,
PHL,RENEWABLE,TOT,PC_PRYENRGSUPPLY,A,2006,43.82,
PHL,RENEWABLE,TOT,PC_PRYENRGSUPPLY,A,2007,42.73,
PHL,RENEWABLE,TOT,PC_PRYENRGSUPPLY,A,2008,42.37,
PHL,RENEWABLE,TOT,PC_PRYENRGSUPPLY,A,2009,43.74,
PHL,RENEWABLE,TOT,PC_PRYENRGSUPPLY,A,2010,39.88,
PHL,RENEWABLE,TOT,PC_PRYENRGSUPPLY,A,2011,40.10,
PHL,RENEWABLE,TOT,PC_PRYENRGSUPPLY,A,2012,40.50,
PHL,RENEWABLE,TOT,PC_PRYENRGSUPPLY,A,2013,38.57,
PHL,RENEWABLE,TOT,PC_PRYENRGSUPPLY,A,2014,37.99,
QAT,RENEWABLE,TOT,PC_PRYENRGSUPPLY,A,1971,0.00,
QAT,RENEWABLE,TOT,PC_PRYENRGSUPPLY,A,1972,0.00,
QAT,RENEWABLE,TOT,PC_PRYENRGSUPPLY,A,1973,0.00,
QAT,RENEWABLE,TOT,PC_PRYENRGSUPPLY,A,1974,0.00,
QAT,RENEWABLE,TOT,PC_PRYENRGSUPPLY,A,1975,0.00,
QAT,RENEWABLE,TOT,PC_PRYENRGSUPPLY,A,1976,0.00,
QAT,RENEWABLE,TOT,PC_PRYENRGSUPPLY,A,1977,0.00,
QAT,RENEWABLE,TOT,PC_PRYENRGSUPPLY,A,1978,0.00,
QAT,RENEWABLE,TOT,PC_PRYENRGSUPPLY,A,1979,0.00,
QAT,RENEWABLE,TOT,PC_PRYENRGSUPPLY,A,1980,0.00,
QAT,RENEWABLE,TOT,PC_PRYENRGSUPPLY,A,1981,0.00,
QAT,RENEWABLE,TOT,PC_PRYENRGSUPPLY,A,1982,0.00,
QAT,RENEWABLE,TOT,PC_PRYENRGSUPPLY,A,1983,0.00,
QAT,RENEWABLE,TOT,PC_PRYENRGSUPPLY,A,1984,0.00,
QAT,RENEWABLE,TOT,PC_PRYENRGSUPPLY,A,1985,0.00,
QAT,RENEWABLE,TOT,PC_PRYENRGSUPPLY,A,1986,0.00,
QAT,RENEWABLE,TOT,PC_PRYENRGSUPPLY,A,1987,0.00,
QAT,RENEWABLE,TOT,PC_PRYENRGSUPPLY,A,1988,0.00,
QAT,RENEWABLE,TOT,PC_PRYENRGSUPPLY,A,1989,0.00,
QAT,RENEWABLE,TOT,PC_PRYENRGSUPPLY,A,1990,0.00,
QAT,RENEWABLE,TOT,PC_PRYENRGSUPPLY,A,1991,0.00,
QAT,RENEWABLE,TOT,PC_PRYENRGSUPPLY,A,1992,0.00,
QAT,RENEWABLE,TOT,PC_PRYENRGSUPPLY,A,1993,0.00,
QAT,RENEWABLE,TOT,PC_PRYENRGSUPPLY,A,1994,0.00,
QAT,RENEWABLE,TOT,PC_PRYENRGSUPPLY,A,1995,0.00,
QAT,RENEWABLE,TOT,PC_PRYENRGSUPPLY,A,1996,0.00,
QAT,RENEWABLE,TOT,PC_PRYENRGSUPPLY,A,1997,0.00,
QAT,RENEWABLE,TOT,PC_PRYENRGSUPPLY,A,1998,0.00,
QAT,RENEWABLE,TOT,PC_PRYENRGSUPPLY,A,1999,0.00,
QAT,RENEWABLE,TOT,PC_PRYENRGSUPPLY,A,2000,0.00,
QAT,RENEWABLE,TOT,PC_PRYENRGSUPPLY,A,2001,0.00,
QAT,RENEWABLE,TOT,PC_PRYENRGSUPPLY,A,2002,0.00,
QAT,RENEWABLE,TOT,PC_PRYENRGSUPPLY,A,2003,0.00,
QAT,RENEWABLE,TOT,PC_PRYENRGSUPPLY,A,2004,0.00,
QAT,RENEWABLE,TOT,PC_PRYENRGSUPPLY,A,2005,0.00,
QAT,RENEWABLE,TOT,PC_PRYENRGSUPPLY,A,2006,0.00,
QAT,RENEWABLE,TOT,PC_PRYENRGSUPPLY,A,2007,0.00,
QAT,RENEWABLE,TOT,PC_PRYENRGSUPPLY,A,2008,0.00,
QAT,RENEWABLE,TOT,PC_PRYENRGSUPPLY,A,2009,0.00,
QAT,RENEWABLE,TOT,PC_PRYENRGSUPPLY,A,2010,0.00,
QAT,RENEWABLE,TOT,PC_PRYENRGSUPPLY,A,2011,0.00,
QAT,RENEWABLE,TOT,PC_PRYENRGSUPPLY,A,2012,0.00,
QAT,RENEWABLE,TOT,PC_PRYENRGSUPPLY,A,2013,0.00,
QAT,RENEWABLE,TOT,PC_PRYENRGSUPPLY,A,2014,0.00,
ROU,RENEWABLE,TOT,PC_PRYENRGSUPPLY,A,1971,4.21,
ROU,RENEWABLE,TOT,PC_PRYENRGSUPPLY,A,1972,4.77,
ROU,RENEWABLE,TOT,PC_PRYENRGSUPPLY,A,1973,4.22,
ROU,RENEWABLE,TOT,PC_PRYENRGSUPPLY,A,1974,4.08,
ROU,RENEWABLE,TOT,PC_PRYENRGSUPPLY,A,1975,3.98,
ROU,RENEWABLE,TOT,PC_PRYENRGSUPPLY,A,1976,3.39,
ROU,RENEWABLE,TOT,PC_PRYENRGSUPPLY,A,1977,3.32,
ROU,RENEWABLE,TOT,PC_PRYENRGSUPPLY,A,1978,3.29,
ROU,RENEWABLE,TOT,PC_PRYENRGSUPPLY,A,1979,3.04,
ROU,RENEWABLE,TOT,PC_PRYENRGSUPPLY,A,1980,3.13,
ROU,RENEWABLE,TOT,PC_PRYENRGSUPPLY,A,1981,3.12,
ROU,RENEWABLE,TOT,PC_PRYENRGSUPPLY,A,1982,3.22,
ROU,RENEWABLE,TOT,PC_PRYENRGSUPPLY,A,1983,2.95,
ROU,RENEWABLE,TOT,PC_PRYENRGSUPPLY,A,1984,3.00,
ROU,RENEWABLE,TOT,PC_PRYENRGSUPPLY,A,1985,3.52,
ROU,RENEWABLE,TOT,PC_PRYENRGSUPPLY,A,1986,3.01,
ROU,RENEWABLE,TOT,PC_PRYENRGSUPPLY,A,1987,2.76,
ROU,RENEWABLE,TOT,PC_PRYENRGSUPPLY,A,1988,3.10,
ROU,RENEWABLE,TOT,PC_PRYENRGSUPPLY,A,1989,2.64,
ROU,RENEWABLE,TOT,PC_PRYENRGSUPPLY,A,1990,2.54,
ROU,RENEWABLE,TOT,PC_PRYENRGSUPPLY,A,1991,3.84,
ROU,RENEWABLE,TOT,PC_PRYENRGSUPPLY,A,1992,3.84,
ROU,RENEWABLE,TOT,PC_PRYENRGSUPPLY,A,1993,4.94,
ROU,RENEWABLE,TOT,PC_PRYENRGSUPPLY,A,1994,5.28,
ROU,RENEWABLE,TOT,PC_PRYENRGSUPPLY,A,1995,6.00,
ROU,RENEWABLE,TOT,PC_PRYENRGSUPPLY,A,1996,8.05,
ROU,RENEWABLE,TOT,PC_PRYENRGSUPPLY,A,1997,10.83,
ROU,RENEWABLE,TOT,PC_PRYENRGSUPPLY,A,1998,11.32,
ROU,RENEWABLE,TOT,PC_PRYENRGSUPPLY,A,1999,12.12,
ROU,RENEWABLE,TOT,PC_PRYENRGSUPPLY,A,2000,11.15,
ROU,RENEWABLE,TOT,PC_PRYENRGSUPPLY,A,2001,9.30,
ROU,RENEWABLE,TOT,PC_PRYENRGSUPPLY,A,2002,9.83,
ROU,RENEWABLE,TOT,PC_PRYENRGSUPPLY,A,2003,10.12,
ROU,RENEWABLE,TOT,PC_PRYENRGSUPPLY,A,2004,11.80,
ROU,RENEWABLE,TOT,PC_PRYENRGSUPPLY,A,2005,12.80,
ROU,RENEWABLE,TOT,PC_PRYENRGSUPPLY,A,2006,11.97,
ROU,RENEWABLE,TOT,PC_PRYENRGSUPPLY,A,2007,11.94,
ROU,RENEWABLE,TOT,PC_PRYENRGSUPPLY,A,2008,13.48,
ROU,RENEWABLE,TOT,PC_PRYENRGSUPPLY,A,2009,15.10,
ROU,RENEWABLE,TOT,PC_PRYENRGSUPPLY,A,2010,16.73,
ROU,RENEWABLE,TOT,PC_PRYENRGSUPPLY,A,2011,14.15,
ROU,RENEWABLE,TOT,PC_PRYENRGSUPPLY,A,2012,14.88,
ROU,RENEWABLE,TOT,PC_PRYENRGSUPPLY,A,2013,17.40,
ROU,RENEWABLE,TOT,PC_PRYENRGSUPPLY,A,2014,19.33,
RUS,RENEWABLE,TOT,PC_PRYENRGSUPPLY,A,1990,3.01,
RUS,RENEWABLE,TOT,PC_PRYENRGSUPPLY,A,1991,2.98,
RUS,RENEWABLE,TOT,PC_PRYENRGSUPPLY,A,1992,3.21,
RUS,RENEWABLE,TOT,PC_PRYENRGSUPPLY,A,1993,3.36,
RUS,RENEWABLE,TOT,PC_PRYENRGSUPPLY,A,1994,3.35,
RUS,RENEWABLE,TOT,PC_PRYENRGSUPPLY,A,1995,3.35,
RUS,RENEWABLE,TOT,PC_PRYENRGSUPPLY,A,1996,2.94,
RUS,RENEWABLE,TOT,PC_PRYENRGSUPPLY,A,1997,3.00,
RUS,RENEWABLE,TOT,PC_PRYENRGSUPPLY,A,1998,2.96,
RUS,RENEWABLE,TOT,PC_PRYENRGSUPPLY,A,1999,3.09,
RUS,RENEWABLE,TOT,PC_PRYENRGSUPPLY,A,2000,2.92,
RUS,RENEWABLE,TOT,PC_PRYENRGSUPPLY,A,2001,3.00,
RUS,RENEWABLE,TOT,PC_PRYENRGSUPPLY,A,2002,2.84,
RUS,RENEWABLE,TOT,PC_PRYENRGSUPPLY,A,2003,2.67,
RUS,RENEWABLE,TOT,PC_PRYENRGSUPPLY,A,2004,2.92,
RUS,RENEWABLE,TOT,PC_PRYENRGSUPPLY,A,2005,2.87,
RUS,RENEWABLE,TOT,PC_PRYENRGSUPPLY,A,2006,2.81,
RUS,RENEWABLE,TOT,PC_PRYENRGSUPPLY,A,2007,2.88,
RUS,RENEWABLE,TOT,PC_PRYENRGSUPPLY,A,2008,2.58,
RUS,RENEWABLE,TOT,PC_PRYENRGSUPPLY,A,2009,2.83,
RUS,RENEWABLE,TOT,PC_PRYENRGSUPPLY,A,2010,2.57,
RUS,RENEWABLE,TOT,PC_PRYENRGSUPPLY,A,2011,2.46,
RUS,RENEWABLE,TOT,PC_PRYENRGSUPPLY,A,2012,2.41,
RUS,RENEWABLE,TOT,PC_PRYENRGSUPPLY,A,2013,2.57,
RUS,RENEWABLE,TOT,PC_PRYENRGSUPPLY,A,2014,2.53,
SAU,RENEWABLE,TOT,PC_PRYENRGSUPPLY,A,1971,0.02,
SAU,RENEWABLE,TOT,PC_PRYENRGSUPPLY,A,1972,0.02,
SAU,RENEWABLE,TOT,PC_PRYENRGSUPPLY,A,1973,0.02,
SAU,RENEWABLE,TOT,PC_PRYENRGSUPPLY,A,1974,0.01,
SAU,RENEWABLE,TOT,PC_PRYENRGSUPPLY,A,1975,0.01,
SAU,RENEWABLE,TOT,PC_PRYENRGSUPPLY,A,1976,0.02,
SAU,RENEWABLE,TOT,PC_PRYENRGSUPPLY,A,1977,0.01,
SAU,RENEWABLE,TOT,PC_PRYENRGSUPPLY,A,1978,0.02,
SAU,RENEWABLE,TOT,PC_PRYENRGSUPPLY,A,1979,0.01,
SAU,RENEWABLE,TOT,PC_PRYENRGSUPPLY,A,1980,0.00,
SAU,RENEWABLE,TOT,PC_PRYENRGSUPPLY,A,1981,0.01,
SAU,RENEWABLE,TOT,PC_PRYENRGSUPPLY,A,1982,0.02,
SAU,RENEWABLE,TOT,PC_PRYENRGSUPPLY,A,1983,0.02,
SAU,RENEWABLE,TOT,PC_PRYENRGSUPPLY,A,1984,0.02,
SAU,RENEWABLE,TOT,PC_PRYENRGSUPPLY,A,1985,0.01,
SAU,RENEWABLE,TOT,PC_PRYENRGSUPPLY,A,1986,0.02,
SAU,RENEWABLE,TOT,PC_PRYENRGSUPPLY,A,1987,0.02,
SAU,RENEWABLE,TOT,PC_PRYENRGSUPPLY,A,1988,0.01,
SAU,RENEWABLE,TOT,PC_PRYENRGSUPPLY,A,1989,0.02,
SAU,RENEWABLE,TOT,PC_PRYENRGSUPPLY,A,1990,0.02,
SAU,RENEWABLE,TOT,PC_PRYENRGSUPPLY,A,1991,0.02,
SAU,RENEWABLE,TOT,PC_PRYENRGSUPPLY,A,1992,0.01,
SAU,RENEWABLE,TOT,PC_PRYENRGSUPPLY,A,1993,0.01,
SAU,RENEWABLE,TOT,PC_PRYENRGSUPPLY,A,1994,0.02,
SAU,RENEWABLE,TOT,PC_PRYENRGSUPPLY,A,1995,0.01,
SAU,RENEWABLE,TOT,PC_PRYENRGSUPPLY,A,1996,0.00,
SAU,RENEWABLE,TOT,PC_PRYENRGSUPPLY,A,1997,0.00,
SAU,RENEWABLE,TOT,PC_PRYENRGSUPPLY,A,1998,0.00,
SAU,RENEWABLE,TOT,PC_PRYENRGSUPPLY,A,1999,0.00,
SAU,RENEWABLE,TOT,PC_PRYENRGSUPPLY,A,2000,0.00,
SAU,RENEWABLE,TOT,PC_PRYENRGSUPPLY,A,2001,0.01,
SAU,RENEWABLE,TOT,PC_PRYENRGSUPPLY,A,2002,0.00,
SAU,RENEWABLE,TOT,PC_PRYENRGSUPPLY,A,2003,0.00,
SAU,RENEWABLE,TOT,PC_PRYENRGSUPPLY,A,2004,0.00,
SAU,RENEWABLE,TOT,PC_PRYENRGSUPPLY,A,2005,0.00,
SAU,RENEWABLE,TOT,PC_PRYENRGSUPPLY,A,2006,0.00,
SAU,RENEWABLE,TOT,PC_PRYENRGSUPPLY,A,2007,0.00,
SAU,RENEWABLE,TOT,PC_PRYENRGSUPPLY,A,2008,0.00,
SAU,RENEWABLE,TOT,PC_PRYENRGSUPPLY,A,2009,0.00,
SAU,RENEWABLE,TOT,PC_PRYENRGSUPPLY,A,2010,0.00,
SAU,RENEWABLE,TOT,PC_PRYENRGSUPPLY,A,2011,0.00,
SAU,RENEWABLE,TOT,PC_PRYENRGSUPPLY,A,2012,0.00,
SAU,RENEWABLE,TOT,PC_PRYENRGSUPPLY,A,2013,0.00,
SAU,RENEWABLE,TOT,PC_PRYENRGSUPPLY,A,2014,0.00,
SEN,RENEWABLE,TOT,PC_PRYENRGSUPPLY,A,1971,66.44,
SEN,RENEWABLE,TOT,PC_PRYENRGSUPPLY,A,1972,66.04,
SEN,RENEWABLE,TOT,PC_PRYENRGSUPPLY,A,1973,63.60,
SEN,RENEWABLE,TOT,PC_PRYENRGSUPPLY,A,1974,62.40,
SEN,RENEWABLE,TOT,PC_PRYENRGSUPPLY,A,1975,61.43,
SEN,RENEWABLE,TOT,PC_PRYENRGSUPPLY,A,1976,60.58,
SEN,RENEWABLE,TOT,PC_PRYENRGSUPPLY,A,1977,59.53,
SEN,RENEWABLE,TOT,PC_PRYENRGSUPPLY,A,1978,59.84,
SEN,RENEWABLE,TOT,PC_PRYENRGSUPPLY,A,1979,57.67,
SEN,RENEWABLE,TOT,PC_PRYENRGSUPPLY,A,1980,56.74,
SEN,RENEWABLE,TOT,PC_PRYENRGSUPPLY,A,1981,57.56,
SEN,RENEWABLE,TOT,PC_PRYENRGSUPPLY,A,1982,58.54,
SEN,RENEWABLE,TOT,PC_PRYENRGSUPPLY,A,1983,58.83,
SEN,RENEWABLE,TOT,PC_PRYENRGSUPPLY,A,1984,56.32,
SEN,RENEWABLE,TOT,PC_PRYENRGSUPPLY,A,1985,58.89,
SEN,RENEWABLE,TOT,PC_PRYENRGSUPPLY,A,1986,56.73,
SEN,RENEWABLE,TOT,PC_PRYENRGSUPPLY,A,1987,53.65,
SEN,RENEWABLE,TOT,PC_PRYENRGSUPPLY,A,1988,56.88,
SEN,RENEWABLE,TOT,PC_PRYENRGSUPPLY,A,1989,57.70,
SEN,RENEWABLE,TOT,PC_PRYENRGSUPPLY,A,1990,56.74,
SEN,RENEWABLE,TOT,PC_PRYENRGSUPPLY,A,1991,57.61,
SEN,RENEWABLE,TOT,PC_PRYENRGSUPPLY,A,1992,54.59,
SEN,RENEWABLE,TOT,PC_PRYENRGSUPPLY,A,1993,55.16,
SEN,RENEWABLE,TOT,PC_PRYENRGSUPPLY,A,1994,55.97,
SEN,RENEWABLE,TOT,PC_PRYENRGSUPPLY,A,1995,54.35,
SEN,RENEWABLE,TOT,PC_PRYENRGSUPPLY,A,1996,54.58,
SEN,RENEWABLE,TOT,PC_PRYENRGSUPPLY,A,1997,52.93,
SEN,RENEWABLE,TOT,PC_PRYENRGSUPPLY,A,1998,51.55,
SEN,RENEWABLE,TOT,PC_PRYENRGSUPPLY,A,1999,50.29,
SEN,RENEWABLE,TOT,PC_PRYENRGSUPPLY,A,2000,48.54,
SEN,RENEWABLE,TOT,PC_PRYENRGSUPPLY,A,2001,45.75,
SEN,RENEWABLE,TOT,PC_PRYENRGSUPPLY,A,2002,46.24,
SEN,RENEWABLE,TOT,PC_PRYENRGSUPPLY,A,2003,47.35,
SEN,RENEWABLE,TOT,PC_PRYENRGSUPPLY,A,2004,43.90,
SEN,RENEWABLE,TOT,PC_PRYENRGSUPPLY,A,2005,43.52,
SEN,RENEWABLE,TOT,PC_PRYENRGSUPPLY,A,2006,44.97,
SEN,RENEWABLE,TOT,PC_PRYENRGSUPPLY,A,2007,46.01,
SEN,RENEWABLE,TOT,PC_PRYENRGSUPPLY,A,2008,46.14,
SEN,RENEWABLE,TOT,PC_PRYENRGSUPPLY,A,2009,55.15,
SEN,RENEWABLE,TOT,PC_PRYENRGSUPPLY,A,2010,53.31,
SEN,RENEWABLE,TOT,PC_PRYENRGSUPPLY,A,2011,51.84,
SEN,RENEWABLE,TOT,PC_PRYENRGSUPPLY,A,2012,53.46,
SEN,RENEWABLE,TOT,PC_PRYENRGSUPPLY,A,2013,47.38,
SEN,RENEWABLE,TOT,PC_PRYENRGSUPPLY,A,2014,45.89,
SGP,RENEWABLE,TOT,PC_PRYENRGSUPPLY,A,1971,0.37,
SGP,RENEWABLE,TOT,PC_PRYENRGSUPPLY,A,1972,0.21,
SGP,RENEWABLE,TOT,PC_PRYENRGSUPPLY,A,1973,0.11,
SGP,RENEWABLE,TOT,PC_PRYENRGSUPPLY,A,1974,0.05,
SGP,RENEWABLE,TOT,PC_PRYENRGSUPPLY,A,1975,0.13,
SGP,RENEWABLE,TOT,PC_PRYENRGSUPPLY,A,1976,0.17,
SGP,RENEWABLE,TOT,PC_PRYENRGSUPPLY,A,1977,0.26,
SGP,RENEWABLE,TOT,PC_PRYENRGSUPPLY,A,1978,0.15,
SGP,RENEWABLE,TOT,PC_PRYENRGSUPPLY,A,1979,0.17,
SGP,RENEWABLE,TOT,PC_PRYENRGSUPPLY,A,1980,0.10,
SGP,RENEWABLE,TOT,PC_PRYENRGSUPPLY,A,1981,0.10,
SGP,RENEWABLE,TOT,PC_PRYENRGSUPPLY,A,1982,0.11,
SGP,RENEWABLE,TOT,PC_PRYENRGSUPPLY,A,1983,0.09,
SGP,RENEWABLE,TOT,PC_PRYENRGSUPPLY,A,1984,0.08,
SGP,RENEWABLE,TOT,PC_PRYENRGSUPPLY,A,1985,0.00,
SGP,RENEWABLE,TOT,PC_PRYENRGSUPPLY,A,1986,0.49,
SGP,RENEWABLE,TOT,PC_PRYENRGSUPPLY,A,1987,0.46,
SGP,RENEWABLE,TOT,PC_PRYENRGSUPPLY,A,1988,0.41,
SGP,RENEWABLE,TOT,PC_PRYENRGSUPPLY,A,1989,0.41,
SGP,RENEWABLE,TOT,PC_PRYENRGSUPPLY,A,1990,0.30,
SGP,RENEWABLE,TOT,PC_PRYENRGSUPPLY,A,1991,0.77,
SGP,RENEWABLE,TOT,PC_PRYENRGSUPPLY,A,1992,0.68,
SGP,RENEWABLE,TOT,PC_PRYENRGSUPPLY,A,1993,0.56,
SGP,RENEWABLE,TOT,PC_PRYENRGSUPPLY,A,1994,0.46,
SGP,RENEWABLE,TOT,PC_PRYENRGSUPPLY,A,1995,0.54,
SGP,RENEWABLE,TOT,PC_PRYENRGSUPPLY,A,1996,0.51,
SGP,RENEWABLE,TOT,PC_PRYENRGSUPPLY,A,1997,0.46,
SGP,RENEWABLE,TOT,PC_PRYENRGSUPPLY,A,1998,0.51,
SGP,RENEWABLE,TOT,PC_PRYENRGSUPPLY,A,1999,0.56,
SGP,RENEWABLE,TOT,PC_PRYENRGSUPPLY,A,2000,0.54,
SGP,RENEWABLE,TOT,PC_PRYENRGSUPPLY,A,2001,0.92,
SGP,RENEWABLE,TOT,PC_PRYENRGSUPPLY,A,2002,0.92,
SGP,RENEWABLE,TOT,PC_PRYENRGSUPPLY,A,2003,0.80,
SGP,RENEWABLE,TOT,PC_PRYENRGSUPPLY,A,2004,0.64,
SGP,RENEWABLE,TOT,PC_PRYENRGSUPPLY,A,2005,0.91,
SGP,RENEWABLE,TOT,PC_PRYENRGSUPPLY,A,2006,0.85,
SGP,RENEWABLE,TOT,PC_PRYENRGSUPPLY,A,2007,0.94,
SGP,RENEWABLE,TOT,PC_PRYENRGSUPPLY,A,2008,0.88,
SGP,RENEWABLE,TOT,PC_PRYENRGSUPPLY,A,2009,1.03,
SGP,RENEWABLE,TOT,PC_PRYENRGSUPPLY,A,2010,1.16,
SGP,RENEWABLE,TOT,PC_PRYENRGSUPPLY,A,2011,1.15,
SGP,RENEWABLE,TOT,PC_PRYENRGSUPPLY,A,2012,1.20,
SGP,RENEWABLE,TOT,PC_PRYENRGSUPPLY,A,2013,1.33,
SGP,RENEWABLE,TOT,PC_PRYENRGSUPPLY,A,2014,1.32,
SVN,RENEWABLE,TOT,PC_PRYENRGSUPPLY,A,1990,9.12,
SVN,RENEWABLE,TOT,PC_PRYENRGSUPPLY,A,1991,10.40,
SVN,RENEWABLE,TOT,PC_PRYENRGSUPPLY,A,1992,10.86,
SVN,RENEWABLE,TOT,PC_PRYENRGSUPPLY,A,1993,9.71,
SVN,RENEWABLE,TOT,PC_PRYENRGSUPPLY,A,1994,9.87,
SVN,RENEWABLE,TOT,PC_PRYENRGSUPPLY,A,1995,8.94,
SVN,RENEWABLE,TOT,PC_PRYENRGSUPPLY,A,1996,9.15,
SVN,RENEWABLE,TOT,PC_PRYENRGSUPPLY,A,1997,8.04,
SVN,RENEWABLE,TOT,PC_PRYENRGSUPPLY,A,1998,8.68,
SVN,RENEWABLE,TOT,PC_PRYENRGSUPPLY,A,1999,8.59,
SVN,RENEWABLE,TOT,PC_PRYENRGSUPPLY,A,2000,12.28,
SVN,RENEWABLE,TOT,PC_PRYENRGSUPPLY,A,2001,11.53,
SVN,RENEWABLE,TOT,PC_PRYENRGSUPPLY,A,2002,10.47,
SVN,RENEWABLE,TOT,PC_PRYENRGSUPPLY,A,2003,10.33,
SVN,RENEWABLE,TOT,PC_PRYENRGSUPPLY,A,2004,11.52,
SVN,RENEWABLE,TOT,PC_PRYENRGSUPPLY,A,2005,10.61,
SVN,RENEWABLE,TOT,PC_PRYENRGSUPPLY,A,2006,10.51,
SVN,RENEWABLE,TOT,PC_PRYENRGSUPPLY,A,2007,10.03,
SVN,RENEWABLE,TOT,PC_PRYENRGSUPPLY,A,2008,11.00,
SVN,RENEWABLE,TOT,PC_PRYENRGSUPPLY,A,2009,15.02,
SVN,RENEWABLE,TOT,PC_PRYENRGSUPPLY,A,2010,15.38,
SVN,RENEWABLE,TOT,PC_PRYENRGSUPPLY,A,2011,14.16,
SVN,RENEWABLE,TOT,PC_PRYENRGSUPPLY,A,2012,15.28,
SVN,RENEWABLE,TOT,PC_PRYENRGSUPPLY,A,2013,17.23,
SVN,RENEWABLE,TOT,PC_PRYENRGSUPPLY,A,2014,18.35,
SVN,RENEWABLE,TOT,PC_PRYENRGSUPPLY,A,2015,16.07,
ZAF,RENEWABLE,TOT,PC_PRYENRGSUPPLY,A,1971,10.37,
ZAF,RENEWABLE,TOT,PC_PRYENRGSUPPLY,A,1972,10.84,
ZAF,RENEWABLE,TOT,PC_PRYENRGSUPPLY,A,1973,10.61,
ZAF,RENEWABLE,TOT,PC_PRYENRGSUPPLY,A,1974,10.88,
ZAF,RENEWABLE,TOT,PC_PRYENRGSUPPLY,A,1975,11.26,
ZAF,RENEWABLE,TOT,PC_PRYENRGSUPPLY,A,1976,10.64,
ZAF,RENEWABLE,TOT,PC_PRYENRGSUPPLY,A,1977,10.39,
ZAF,RENEWABLE,TOT,PC_PRYENRGSUPPLY,A,1978,9.99,
ZAF,RENEWABLE,TOT,PC_PRYENRGSUPPLY,A,1979,9.91,
ZAF,RENEWABLE,TOT,PC_PRYENRGSUPPLY,A,1980,9.77,
ZAF,RENEWABLE,TOT,PC_PRYENRGSUPPLY,A,1981,9.89,
ZAF,RENEWABLE,TOT,PC_PRYENRGSUPPLY,A,1982,9.36,
ZAF,RENEWABLE,TOT,PC_PRYENRGSUPPLY,A,1983,9.33,
ZAF,RENEWABLE,TOT,PC_PRYENRGSUPPLY,A,1984,9.51,
ZAF,RENEWABLE,TOT,PC_PRYENRGSUPPLY,A,1985,9.65,
ZAF,RENEWABLE,TOT,PC_PRYENRGSUPPLY,A,1986,9.52,
ZAF,RENEWABLE,TOT,PC_PRYENRGSUPPLY,A,1987,9.83,
ZAF,RENEWABLE,TOT,PC_PRYENRGSUPPLY,A,1988,10.10,
ZAF,RENEWABLE,TOT,PC_PRYENRGSUPPLY,A,1989,11.23,
ZAF,RENEWABLE,TOT,PC_PRYENRGSUPPLY,A,1990,11.54,
ZAF,RENEWABLE,TOT,PC_PRYENRGSUPPLY,A,1991,11.37,
ZAF,RENEWABLE,TOT,PC_PRYENRGSUPPLY,A,1992,12.26,
ZAF,RENEWABLE,TOT,PC_PRYENRGSUPPLY,A,1993,11.58,
ZAF,RENEWABLE,TOT,PC_PRYENRGSUPPLY,A,1994,11.50,
ZAF,RENEWABLE,TOT,PC_PRYENRGSUPPLY,A,1995,11.09,
ZAF,RENEWABLE,TOT,PC_PRYENRGSUPPLY,A,1996,11.10,
ZAF,RENEWABLE,TOT,PC_PRYENRGSUPPLY,A,1997,11.04,
ZAF,RENEWABLE,TOT,PC_PRYENRGSUPPLY,A,1998,11.27,
ZAF,RENEWABLE,TOT,PC_PRYENRGSUPPLY,A,1999,11.34,
ZAF,RENEWABLE,TOT,PC_PRYENRGSUPPLY,A,2000,11.67,
ZAF,RENEWABLE,TOT,PC_PRYENRGSUPPLY,A,2001,11.66,
ZAF,RENEWABLE,TOT,PC_PRYENRGSUPPLY,A,2002,12.09,
ZAF,RENEWABLE,TOT,PC_PRYENRGSUPPLY,A,2003,11.32,
ZAF,RENEWABLE,TOT,PC_PRYENRGSUPPLY,A,2004,10.52,
ZAF,RENEWABLE,TOT,PC_PRYENRGSUPPLY,A,2005,10.71,
ZAF,RENEWABLE,TOT,PC_PRYENRGSUPPLY,A,2006,11.03,
ZAF,RENEWABLE,TOT,PC_PRYENRGSUPPLY,A,2007,10.32,
ZAF,RENEWABLE,TOT,PC_PRYENRGSUPPLY,A,2008,9.75,
ZAF,RENEWABLE,TOT,PC_PRYENRGSUPPLY,A,2009,10.11,
ZAF,RENEWABLE,TOT,PC_PRYENRGSUPPLY,A,2010,10.46,
ZAF,RENEWABLE,TOT,PC_PRYENRGSUPPLY,A,2011,10.66,
ZAF,RENEWABLE,TOT,PC_PRYENRGSUPPLY,A,2012,10.92,
ZAF,RENEWABLE,TOT,PC_PRYENRGSUPPLY,A,2013,11.08,
ZAF,RENEWABLE,TOT,PC_PRYENRGSUPPLY,A,2014,10.80,
LKA,RENEWABLE,TOT,PC_PRYENRGSUPPLY,A,1971,73.99,
LKA,RENEWABLE,TOT,PC_PRYENRGSUPPLY,A,1972,69.51,
LKA,RENEWABLE,TOT,PC_PRYENRGSUPPLY,A,1973,68.89,
LKA,RENEWABLE,TOT,PC_PRYENRGSUPPLY,A,1974,73.65,
LKA,RENEWABLE,TOT,PC_PRYENRGSUPPLY,A,1975,75.93,
LKA,RENEWABLE,TOT,PC_PRYENRGSUPPLY,A,1976,76.47,
LKA,RENEWABLE,TOT,PC_PRYENRGSUPPLY,A,1977,74.60,
LKA,RENEWABLE,TOT,PC_PRYENRGSUPPLY,A,1978,72.59,
LKA,RENEWABLE,TOT,PC_PRYENRGSUPPLY,A,1979,71.20,
LKA,RENEWABLE,TOT,PC_PRYENRGSUPPLY,A,1980,70.77,
LKA,RENEWABLE,TOT,PC_PRYENRGSUPPLY,A,1981,71.35,
LKA,RENEWABLE,TOT,PC_PRYENRGSUPPLY,A,1982,69.42,
LKA,RENEWABLE,TOT,PC_PRYENRGSUPPLY,A,1983,69.08,
LKA,RENEWABLE,TOT,PC_PRYENRGSUPPLY,A,1984,73.19,
LKA,RENEWABLE,TOT,PC_PRYENRGSUPPLY,A,1985,75.26,
LKA,RENEWABLE,TOT,PC_PRYENRGSUPPLY,A,1986,75.49,
LKA,RENEWABLE,TOT,PC_PRYENRGSUPPLY,A,1987,73.88,
LKA,RENEWABLE,TOT,PC_PRYENRGSUPPLY,A,1988,75.26,
LKA,RENEWABLE,TOT,PC_PRYENRGSUPPLY,A,1989,76.44,
LKA,RENEWABLE,TOT,PC_PRYENRGSUPPLY,A,1990,75.89,
LKA,RENEWABLE,TOT,PC_PRYENRGSUPPLY,A,1991,74.87,
LKA,RENEWABLE,TOT,PC_PRYENRGSUPPLY,A,1992,75.20,
LKA,RENEWABLE,TOT,PC_PRYENRGSUPPLY,A,1993,70.19,
LKA,RENEWABLE,TOT,PC_PRYENRGSUPPLY,A,1994,68.30,
LKA,RENEWABLE,TOT,PC_PRYENRGSUPPLY,A,1995,66.94,
LKA,RENEWABLE,TOT,PC_PRYENRGSUPPLY,A,1996,62.45,
LKA,RENEWABLE,TOT,PC_PRYENRGSUPPLY,A,1997,62.32,
LKA,RENEWABLE,TOT,PC_PRYENRGSUPPLY,A,1998,61.07,
LKA,RENEWABLE,TOT,PC_PRYENRGSUPPLY,A,1999,60.16,
LKA,RENEWABLE,TOT,PC_PRYENRGSUPPLY,A,2000,56.98,
LKA,RENEWABLE,TOT,PC_PRYENRGSUPPLY,A,2001,56.64,
LKA,RENEWABLE,TOT,PC_PRYENRGSUPPLY,A,2002,55.41,
LKA,RENEWABLE,TOT,PC_PRYENRGSUPPLY,A,2003,53.63,
LKA,RENEWABLE,TOT,PC_PRYENRGSUPPLY,A,2004,54.20,
LKA,RENEWABLE,TOT,PC_PRYENRGSUPPLY,A,2005,54.71,
LKA,RENEWABLE,TOT,PC_PRYENRGSUPPLY,A,2006,56.56,
LKA,RENEWABLE,TOT,PC_PRYENRGSUPPLY,A,2007,54.61,
LKA,RENEWABLE,TOT,PC_PRYENRGSUPPLY,A,2008,55.14,
LKA,RENEWABLE,TOT,PC_PRYENRGSUPPLY,A,2009,56.44,
LKA,RENEWABLE,TOT,PC_PRYENRGSUPPLY,A,2010,56.91,
LKA,RENEWABLE,TOT,PC_PRYENRGSUPPLY,A,2011,51.16,
LKA,RENEWABLE,TOT,PC_PRYENRGSUPPLY,A,2012,52.69,
LKA,RENEWABLE,TOT,PC_PRYENRGSUPPLY,A,2013,54.13,
LKA,RENEWABLE,TOT,PC_PRYENRGSUPPLY,A,2014,49.73,
SDN,RENEWABLE,TOT,PC_PRYENRGSUPPLY,A,1971,80.65,
SDN,RENEWABLE,TOT,PC_PRYENRGSUPPLY,A,1972,80.94,
SDN,RENEWABLE,TOT,PC_PRYENRGSUPPLY,A,1973,80.25,
SDN,RENEWABLE,TOT,PC_PRYENRGSUPPLY,A,1974,81.19,
SDN,RENEWABLE,TOT,PC_PRYENRGSUPPLY,A,1975,82.78,
SDN,RENEWABLE,TOT,PC_PRYENRGSUPPLY,A,1976,85.05,
SDN,RENEWABLE,TOT,PC_PRYENRGSUPPLY,A,1977,84.81,
SDN,RENEWABLE,TOT,PC_PRYENRGSUPPLY,A,1978,85.86,
SDN,RENEWABLE,TOT,PC_PRYENRGSUPPLY,A,1979,87.43,
SDN,RENEWABLE,TOT,PC_PRYENRGSUPPLY,A,1980,84.74,
SDN,RENEWABLE,TOT,PC_PRYENRGSUPPLY,A,1981,86.20,
SDN,RENEWABLE,TOT,PC_PRYENRGSUPPLY,A,1982,84.69,
SDN,RENEWABLE,TOT,PC_PRYENRGSUPPLY,A,1983,85.78,
SDN,RENEWABLE,TOT,PC_PRYENRGSUPPLY,A,1984,86.46,
SDN,RENEWABLE,TOT,PC_PRYENRGSUPPLY,A,1985,84.84,
SDN,RENEWABLE,TOT,PC_PRYENRGSUPPLY,A,1986,85.39,
SDN,RENEWABLE,TOT,PC_PRYENRGSUPPLY,A,1987,88.35,
SDN,RENEWABLE,TOT,PC_PRYENRGSUPPLY,A,1988,84.58,
SDN,RENEWABLE,TOT,PC_PRYENRGSUPPLY,A,1989,86.00,
SDN,RENEWABLE,TOT,PC_PRYENRGSUPPLY,A,1990,82.55,
SDN,RENEWABLE,TOT,PC_PRYENRGSUPPLY,A,1991,83.92,
SDN,RENEWABLE,TOT,PC_PRYENRGSUPPLY,A,1992,85.16,
SDN,RENEWABLE,TOT,PC_PRYENRGSUPPLY,A,1993,88.88,
SDN,RENEWABLE,TOT,PC_PRYENRGSUPPLY,A,1994,86.25,
SDN,RENEWABLE,TOT,PC_PRYENRGSUPPLY,A,1995,86.82,
SDN,RENEWABLE,TOT,PC_PRYENRGSUPPLY,A,1996,87.03,
SDN,RENEWABLE,TOT,PC_PRYENRGSUPPLY,A,1997,85.79,
SDN,RENEWABLE,TOT,PC_PRYENRGSUPPLY,A,1998,85.46,
SDN,RENEWABLE,TOT,PC_PRYENRGSUPPLY,A,1999,77.57,
SDN,RENEWABLE,TOT,PC_PRYENRGSUPPLY,A,2000,82.43,
SDN,RENEWABLE,TOT,PC_PRYENRGSUPPLY,A,2001,83.82,
SDN,RENEWABLE,TOT,PC_PRYENRGSUPPLY,A,2002,80.88,
SDN,RENEWABLE,TOT,PC_PRYENRGSUPPLY,A,2003,81.44,
SDN,RENEWABLE,TOT,PC_PRYENRGSUPPLY,A,2004,79.72,
SDN,RENEWABLE,TOT,PC_PRYENRGSUPPLY,A,2005,76.69,
SDN,RENEWABLE,TOT,PC_PRYENRGSUPPLY,A,2006,72.28,
SDN,RENEWABLE,TOT,PC_PRYENRGSUPPLY,A,2007,69.05,
SDN,RENEWABLE,TOT,PC_PRYENRGSUPPLY,A,2008,67.24,
SDN,RENEWABLE,TOT,PC_PRYENRGSUPPLY,A,2009,67.77,
SDN,RENEWABLE,TOT,PC_PRYENRGSUPPLY,A,2010,68.97,
SDN,RENEWABLE,TOT,PC_PRYENRGSUPPLY,A,2011,70.44,
SDN,RENEWABLE,TOT,PC_PRYENRGSUPPLY,A,2012,67.17,
SDN,RENEWABLE,TOT,PC_PRYENRGSUPPLY,A,2013,68.12,
SDN,RENEWABLE,TOT,PC_PRYENRGSUPPLY,A,2014,68.24,
SYR,RENEWABLE,TOT,PC_PRYENRGSUPPLY,A,1971,0.21,
SYR,RENEWABLE,TOT,PC_PRYENRGSUPPLY,A,1972,0.33,
SYR,RENEWABLE,TOT,PC_PRYENRGSUPPLY,A,1973,0.24,
SYR,RENEWABLE,TOT,PC_PRYENRGSUPPLY,A,1974,1.11,
SYR,RENEWABLE,TOT,PC_PRYENRGSUPPLY,A,1975,2.18,
SYR,RENEWABLE,TOT,PC_PRYENRGSUPPLY,A,1976,3.07,
SYR,RENEWABLE,TOT,PC_PRYENRGSUPPLY,A,1977,4.03,
SYR,RENEWABLE,TOT,PC_PRYENRGSUPPLY,A,1978,4.31,
SYR,RENEWABLE,TOT,PC_PRYENRGSUPPLY,A,1979,3.78,
SYR,RENEWABLE,TOT,PC_PRYENRGSUPPLY,A,1980,5.04,
SYR,RENEWABLE,TOT,PC_PRYENRGSUPPLY,A,1981,4.36,
SYR,RENEWABLE,TOT,PC_PRYENRGSUPPLY,A,1982,4.02,
SYR,RENEWABLE,TOT,PC_PRYENRGSUPPLY,A,1983,3.34,
SYR,RENEWABLE,TOT,PC_PRYENRGSUPPLY,A,1984,3.42,
SYR,RENEWABLE,TOT,PC_PRYENRGSUPPLY,A,1985,3.71,
SYR,RENEWABLE,TOT,PC_PRYENRGSUPPLY,A,1986,3.09,
SYR,RENEWABLE,TOT,PC_PRYENRGSUPPLY,A,1987,2.78,
SYR,RENEWABLE,TOT,PC_PRYENRGSUPPLY,A,1988,2.64,
SYR,RENEWABLE,TOT,PC_PRYENRGSUPPLY,A,1989,2.60,
SYR,RENEWABLE,TOT,PC_PRYENRGSUPPLY,A,1990,2.26,
SYR,RENEWABLE,TOT,PC_PRYENRGSUPPLY,A,1991,2.07,
SYR,RENEWABLE,TOT,PC_PRYENRGSUPPLY,A,1992,2.13,
SYR,RENEWABLE,TOT,PC_PRYENRGSUPPLY,A,1993,2.08,
SYR,RENEWABLE,TOT,PC_PRYENRGSUPPLY,A,1994,1.96,
SYR,RENEWABLE,TOT,PC_PRYENRGSUPPLY,A,1995,1.82,
SYR,RENEWABLE,TOT,PC_PRYENRGSUPPLY,A,1996,1.75,
SYR,RENEWABLE,TOT,PC_PRYENRGSUPPLY,A,1997,1.65,
SYR,RENEWABLE,TOT,PC_PRYENRGSUPPLY,A,1998,1.53,
SYR,RENEWABLE,TOT,PC_PRYENRGSUPPLY,A,1999,1.55,
SYR,RENEWABLE,TOT,PC_PRYENRGSUPPLY,A,2000,1.83,
SYR,RENEWABLE,TOT,PC_PRYENRGSUPPLY,A,2001,1.88,
SYR,RENEWABLE,TOT,PC_PRYENRGSUPPLY,A,2002,1.31,
SYR,RENEWABLE,TOT,PC_PRYENRGSUPPLY,A,2003,1.47,
SYR,RENEWABLE,TOT,PC_PRYENRGSUPPLY,A,2004,2.11,
SYR,RENEWABLE,TOT,PC_PRYENRGSUPPLY,A,2005,1.82,
SYR,RENEWABLE,TOT,PC_PRYENRGSUPPLY,A,2006,1.60,
SYR,RENEWABLE,TOT,PC_PRYENRGSUPPLY,A,2007,1.35,
SYR,RENEWABLE,TOT,PC_PRYENRGSUPPLY,A,2008,1.09,
SYR,RENEWABLE,TOT,PC_PRYENRGSUPPLY,A,2009,0.78,
SYR,RENEWABLE,TOT,PC_PRYENRGSUPPLY,A,2010,1.06,
SYR,RENEWABLE,TOT,PC_PRYENRGSUPPLY,A,2011,1.45,
SYR,RENEWABLE,TOT,PC_PRYENRGSUPPLY,A,2012,1.92,
SYR,RENEWABLE,TOT,PC_PRYENRGSUPPLY,A,2013,2.27,
SYR,RENEWABLE,TOT,PC_PRYENRGSUPPLY,A,2014,2.45,
TWN,RENEWABLE,TOT,PC_PRYENRGSUPPLY,A,1971,2.66,
TWN,RENEWABLE,TOT,PC_PRYENRGSUPPLY,A,1972,2.72,
TWN,RENEWABLE,TOT,PC_PRYENRGSUPPLY,A,1973,2.23,
TWN,RENEWABLE,TOT,PC_PRYENRGSUPPLY,A,1974,3.15,
TWN,RENEWABLE,TOT,PC_PRYENRGSUPPLY,A,1975,3.16,
TWN,RENEWABLE,TOT,PC_PRYENRGSUPPLY,A,1976,2.07,
TWN,RENEWABLE,TOT,PC_PRYENRGSUPPLY,A,1977,1.79,
TWN,RENEWABLE,TOT,PC_PRYENRGSUPPLY,A,1978,1.84,
TWN,RENEWABLE,TOT,PC_PRYENRGSUPPLY,A,1979,1.55,
TWN,RENEWABLE,TOT,PC_PRYENRGSUPPLY,A,1980,0.90,
TWN,RENEWABLE,TOT,PC_PRYENRGSUPPLY,A,1981,1.59,
TWN,RENEWABLE,TOT,PC_PRYENRGSUPPLY,A,1982,1.56,
TWN,RENEWABLE,TOT,PC_PRYENRGSUPPLY,A,1983,1.42,
TWN,RENEWABLE,TOT,PC_PRYENRGSUPPLY,A,1984,1.19,
TWN,RENEWABLE,TOT,PC_PRYENRGSUPPLY,A,1985,1.56,
TWN,RENEWABLE,TOT,PC_PRYENRGSUPPLY,A,1986,1.48,
TWN,RENEWABLE,TOT,PC_PRYENRGSUPPLY,A,1987,1.24,
TWN,RENEWABLE,TOT,PC_PRYENRGSUPPLY,A,1988,0.97,
TWN,RENEWABLE,TOT,PC_PRYENRGSUPPLY,A,1989,0.97,
TWN,RENEWABLE,TOT,PC_PRYENRGSUPPLY,A,1990,1.19,
TWN,RENEWABLE,TOT,PC_PRYENRGSUPPLY,A,1991,0.69,
TWN,RENEWABLE,TOT,PC_PRYENRGSUPPLY,A,1992,1.11,
TWN,RENEWABLE,TOT,PC_PRYENRGSUPPLY,A,1993,0.68,
TWN,RENEWABLE,TOT,PC_PRYENRGSUPPLY,A,1994,0.79,
TWN,RENEWABLE,TOT,PC_PRYENRGSUPPLY,A,1995,0.73,
TWN,RENEWABLE,TOT,PC_PRYENRGSUPPLY,A,1996,0.69,
TWN,RENEWABLE,TOT,PC_PRYENRGSUPPLY,A,1997,0.99,
TWN,RENEWABLE,TOT,PC_PRYENRGSUPPLY,A,1998,1.09,
TWN,RENEWABLE,TOT,PC_PRYENRGSUPPLY,A,1999,0.99,
TWN,RENEWABLE,TOT,PC_PRYENRGSUPPLY,A,2000,1.01,
TWN,RENEWABLE,TOT,PC_PRYENRGSUPPLY,A,2001,1.07,
TWN,RENEWABLE,TOT,PC_PRYENRGSUPPLY,A,2002,0.83,
TWN,RENEWABLE,TOT,PC_PRYENRGSUPPLY,A,2003,0.93,
TWN,RENEWABLE,TOT,PC_PRYENRGSUPPLY,A,2004,1.02,
TWN,RENEWABLE,TOT,PC_PRYENRGSUPPLY,A,2005,1.08,
TWN,RENEWABLE,TOT,PC_PRYENRGSUPPLY,A,2006,1.11,
TWN,RENEWABLE,TOT,PC_PRYENRGSUPPLY,A,2007,1.20,
TWN,RENEWABLE,TOT,PC_PRYENRGSUPPLY,A,2008,1.19,
TWN,RENEWABLE,TOT,PC_PRYENRGSUPPLY,A,2009,1.18,
TWN,RENEWABLE,TOT,PC_PRYENRGSUPPLY,A,2010,1.20,
TWN,RENEWABLE,TOT,PC_PRYENRGSUPPLY,A,2011,1.50,
TWN,RENEWABLE,TOT,PC_PRYENRGSUPPLY,A,2012,1.65,
TWN,RENEWABLE,TOT,PC_PRYENRGSUPPLY,A,2013,1.61,
TWN,RENEWABLE,TOT,PC_PRYENRGSUPPLY,A,2014,1.50,
TJK,RENEWABLE,TOT,PC_PRYENRGSUPPLY,A,1990,26.73,
TJK,RENEWABLE,TOT,PC_PRYENRGSUPPLY,A,1991,27.81,
TJK,RENEWABLE,TOT,PC_PRYENRGSUPPLY,A,1992,33.06,
TJK,RENEWABLE,TOT,PC_PRYENRGSUPPLY,A,1993,45.38,
TJK,RENEWABLE,TOT,PC_PRYENRGSUPPLY,A,1994,57.69,
TJK,RENEWABLE,TOT,PC_PRYENRGSUPPLY,A,1995,56.41,
TJK,RENEWABLE,TOT,PC_PRYENRGSUPPLY,A,1996,59.35,
TJK,RENEWABLE,TOT,PC_PRYENRGSUPPLY,A,1997,55.08,
TJK,RENEWABLE,TOT,PC_PRYENRGSUPPLY,A,1998,54.06,
TJK,RENEWABLE,TOT,PC_PRYENRGSUPPLY,A,1999,59.27,
TJK,RENEWABLE,TOT,PC_PRYENRGSUPPLY,A,2000,56.13,
TJK,RENEWABLE,TOT,PC_PRYENRGSUPPLY,A,2001,57.61,
TJK,RENEWABLE,TOT,PC_PRYENRGSUPPLY,A,2002,61.30,
TJK,RENEWABLE,TOT,PC_PRYENRGSUPPLY,A,2003,64.80,
TJK,RENEWABLE,TOT,PC_PRYENRGSUPPLY,A,2004,59.93,
TJK,RENEWABLE,TOT,PC_PRYENRGSUPPLY,A,2005,62.35,
TJK,RENEWABLE,TOT,PC_PRYENRGSUPPLY,A,2006,59.53,
TJK,RENEWABLE,TOT,PC_PRYENRGSUPPLY,A,2007,57.07,
TJK,RENEWABLE,TOT,PC_PRYENRGSUPPLY,A,2008,55.37,
TJK,RENEWABLE,TOT,PC_PRYENRGSUPPLY,A,2009,64.13,
TJK,RENEWABLE,TOT,PC_PRYENRGSUPPLY,A,2010,64.82,
TJK,RENEWABLE,TOT,PC_PRYENRGSUPPLY,A,2011,63.84,
TJK,RENEWABLE,TOT,PC_PRYENRGSUPPLY,A,2012,61.93,
TJK,RENEWABLE,TOT,PC_PRYENRGSUPPLY,A,2013,56.44,
TJK,RENEWABLE,TOT,PC_PRYENRGSUPPLY,A,2014,49.06,
TZA,RENEWABLE,TOT,PC_PRYENRGSUPPLY,A,1971,90.71,
TZA,RENEWABLE,TOT,PC_PRYENRGSUPPLY,A,1972,90.04,
TZA,RENEWABLE,TOT,PC_PRYENRGSUPPLY,A,1973,89.82,
TZA,RENEWABLE,TOT,PC_PRYENRGSUPPLY,A,1974,90.69,
TZA,RENEWABLE,TOT,PC_PRYENRGSUPPLY,A,1975,91.56,
TZA,RENEWABLE,TOT,PC_PRYENRGSUPPLY,A,1976,90.94,
TZA,RENEWABLE,TOT,PC_PRYENRGSUPPLY,A,1977,91.39,
TZA,RENEWABLE,TOT,PC_PRYENRGSUPPLY,A,1978,91.03,
TZA,RENEWABLE,TOT,PC_PRYENRGSUPPLY,A,1979,91.03,
TZA,RENEWABLE,TOT,PC_PRYENRGSUPPLY,A,1980,91.02,
TZA,RENEWABLE,TOT,PC_PRYENRGSUPPLY,A,1981,91.61,
TZA,RENEWABLE,TOT,PC_PRYENRGSUPPLY,A,1982,92.15,
TZA,RENEWABLE,TOT,PC_PRYENRGSUPPLY,A,1983,92.23,
TZA,RENEWABLE,TOT,PC_PRYENRGSUPPLY,A,1984,92.45,
TZA,RENEWABLE,TOT,PC_PRYENRGSUPPLY,A,1985,92.60,
TZA,RENEWABLE,TOT,PC_PRYENRGSUPPLY,A,1986,92.39,
TZA,RENEWABLE,TOT,PC_PRYENRGSUPPLY,A,1987,92.72,
TZA,RENEWABLE,TOT,PC_PRYENRGSUPPLY,A,1988,93.07,
TZA,RENEWABLE,TOT,PC_PRYENRGSUPPLY,A,1989,93.14,
TZA,RENEWABLE,TOT,PC_PRYENRGSUPPLY,A,1990,93.10,
TZA,RENEWABLE,TOT,PC_PRYENRGSUPPLY,A,1991,93.25,
TZA,RENEWABLE,TOT,PC_PRYENRGSUPPLY,A,1992,93.90,
TZA,RENEWABLE,TOT,PC_PRYENRGSUPPLY,A,1993,93.36,
TZA,RENEWABLE,TOT,PC_PRYENRGSUPPLY,A,1994,93.43,
TZA,RENEWABLE,TOT,PC_PRYENRGSUPPLY,A,1995,91.04,
TZA,RENEWABLE,TOT,PC_PRYENRGSUPPLY,A,1996,91.68,
TZA,RENEWABLE,TOT,PC_PRYENRGSUPPLY,A,1997,92.28,
TZA,RENEWABLE,TOT,PC_PRYENRGSUPPLY,A,1998,93.38,
TZA,RENEWABLE,TOT,PC_PRYENRGSUPPLY,A,1999,94.42,
TZA,RENEWABLE,TOT,PC_PRYENRGSUPPLY,A,2000,93.91,
TZA,RENEWABLE,TOT,PC_PRYENRGSUPPLY,A,2001,93.64,
TZA,RENEWABLE,TOT,PC_PRYENRGSUPPLY,A,2002,93.05,
TZA,RENEWABLE,TOT,PC_PRYENRGSUPPLY,A,2003,92.98,
TZA,RENEWABLE,TOT,PC_PRYENRGSUPPLY,A,2004,90.80,
TZA,RENEWABLE,TOT,PC_PRYENRGSUPPLY,A,2005,89.91,
TZA,RENEWABLE,TOT,PC_PRYENRGSUPPLY,A,2006,89.53,
TZA,RENEWABLE,TOT,PC_PRYENRGSUPPLY,A,2007,90.12,
TZA,RENEWABLE,TOT,PC_PRYENRGSUPPLY,A,2008,90.18,
TZA,RENEWABLE,TOT,PC_PRYENRGSUPPLY,A,2009,90.68,
TZA,RENEWABLE,TOT,PC_PRYENRGSUPPLY,A,2010,89.37,
TZA,RENEWABLE,TOT,PC_PRYENRGSUPPLY,A,2011,87.40,
TZA,RENEWABLE,TOT,PC_PRYENRGSUPPLY,A,2012,85.07,
TZA,RENEWABLE,TOT,PC_PRYENRGSUPPLY,A,2013,85.10,
TZA,RENEWABLE,TOT,PC_PRYENRGSUPPLY,A,2014,85.60,
THA,RENEWABLE,TOT,PC_PRYENRGSUPPLY,A,1971,56.81,
THA,RENEWABLE,TOT,PC_PRYENRGSUPPLY,A,1972,54.85,
THA,RENEWABLE,TOT,PC_PRYENRGSUPPLY,A,1973,51.73,
THA,RENEWABLE,TOT,PC_PRYENRGSUPPLY,A,1974,54.25,
THA,RENEWABLE,TOT,PC_PRYENRGSUPPLY,A,1975,57.58,
THA,RENEWABLE,TOT,PC_PRYENRGSUPPLY,A,1976,55.52,
THA,RENEWABLE,TOT,PC_PRYENRGSUPPLY,A,1977,54.12,
THA,RENEWABLE,TOT,PC_PRYENRGSUPPLY,A,1978,50.87,
THA,RENEWABLE,TOT,PC_PRYENRGSUPPLY,A,1979,51.42,
THA,RENEWABLE,TOT,PC_PRYENRGSUPPLY,A,1980,48.89,
THA,RENEWABLE,TOT,PC_PRYENRGSUPPLY,A,1981,51.14,
THA,RENEWABLE,TOT,PC_PRYENRGSUPPLY,A,1982,52.69,
THA,RENEWABLE,TOT,PC_PRYENRGSUPPLY,A,1983,43.55,
THA,RENEWABLE,TOT,PC_PRYENRGSUPPLY,A,1984,43.09,
THA,RENEWABLE,TOT,PC_PRYENRGSUPPLY,A,1985,44.63,
THA,RENEWABLE,TOT,PC_PRYENRGSUPPLY,A,1986,46.36,
THA,RENEWABLE,TOT,PC_PRYENRGSUPPLY,A,1987,43.72,
THA,RENEWABLE,TOT,PC_PRYENRGSUPPLY,A,1988,40.02,
THA,RENEWABLE,TOT,PC_PRYENRGSUPPLY,A,1989,40.07,
THA,RENEWABLE,TOT,PC_PRYENRGSUPPLY,A,1990,36.03,
THA,RENEWABLE,TOT,PC_PRYENRGSUPPLY,A,1991,34.80,
THA,RENEWABLE,TOT,PC_PRYENRGSUPPLY,A,1992,33.06,
THA,RENEWABLE,TOT,PC_PRYENRGSUPPLY,A,1993,28.17,
THA,RENEWABLE,TOT,PC_PRYENRGSUPPLY,A,1994,24.74,
THA,RENEWABLE,TOT,PC_PRYENRGSUPPLY,A,1995,23.93,
THA,RENEWABLE,TOT,PC_PRYENRGSUPPLY,A,1996,22.08,
THA,RENEWABLE,TOT,PC_PRYENRGSUPPLY,A,1997,21.09,
THA,RENEWABLE,TOT,PC_PRYENRGSUPPLY,A,1998,21.24,
THA,RENEWABLE,TOT,PC_PRYENRGSUPPLY,A,1999,21.05,
THA,RENEWABLE,TOT,PC_PRYENRGSUPPLY,A,2000,20.93,
THA,RENEWABLE,TOT,PC_PRYENRGSUPPLY,A,2001,18.50,
THA,RENEWABLE,TOT,PC_PRYENRGSUPPLY,A,2002,17.81,
THA,RENEWABLE,TOT,PC_PRYENRGSUPPLY,A,2003,17.76,
THA,RENEWABLE,TOT,PC_PRYENRGSUPPLY,A,2004,17.67,
THA,RENEWABLE,TOT,PC_PRYENRGSUPPLY,A,2005,17.86,
THA,RENEWABLE,TOT,PC_PRYENRGSUPPLY,A,2006,18.06,
THA,RENEWABLE,TOT,PC_PRYENRGSUPPLY,A,2007,18.56,
THA,RENEWABLE,TOT,PC_PRYENRGSUPPLY,A,2008,19.30,
THA,RENEWABLE,TOT,PC_PRYENRGSUPPLY,A,2009,19.80,
THA,RENEWABLE,TOT,PC_PRYENRGSUPPLY,A,2010,19.59,
THA,RENEWABLE,TOT,PC_PRYENRGSUPPLY,A,2011,19.15,
THA,RENEWABLE,TOT,PC_PRYENRGSUPPLY,A,2012,19.26,
THA,RENEWABLE,TOT,PC_PRYENRGSUPPLY,A,2013,18.62,
THA,RENEWABLE,TOT,PC_PRYENRGSUPPLY,A,2014,19.57,
TGO,RENEWABLE,TOT,PC_PRYENRGSUPPLY,A,1971,84.51,
TGO,RENEWABLE,TOT,PC_PRYENRGSUPPLY,A,1972,84.21,
TGO,RENEWABLE,TOT,PC_PRYENRGSUPPLY,A,1973,86.11,
TGO,RENEWABLE,TOT,PC_PRYENRGSUPPLY,A,1974,87.35,
TGO,RENEWABLE,TOT,PC_PRYENRGSUPPLY,A,1975,85.89,
TGO,RENEWABLE,TOT,PC_PRYENRGSUPPLY,A,1976,87.78,
TGO,RENEWABLE,TOT,PC_PRYENRGSUPPLY,A,1977,85.42,
TGO,RENEWABLE,TOT,PC_PRYENRGSUPPLY,A,1978,85.27,
TGO,RENEWABLE,TOT,PC_PRYENRGSUPPLY,A,1979,82.79,
TGO,RENEWABLE,TOT,PC_PRYENRGSUPPLY,A,1980,84.55,
TGO,RENEWABLE,TOT,PC_PRYENRGSUPPLY,A,1981,85.24,
TGO,RENEWABLE,TOT,PC_PRYENRGSUPPLY,A,1982,83.51,
TGO,RENEWABLE,TOT,PC_PRYENRGSUPPLY,A,1983,87.72,
TGO,RENEWABLE,TOT,PC_PRYENRGSUPPLY,A,1984,87.24,
TGO,RENEWABLE,TOT,PC_PRYENRGSUPPLY,A,1985,88.55,
TGO,RENEWABLE,TOT,PC_PRYENRGSUPPLY,A,1986,83.83,
TGO,RENEWABLE,TOT,PC_PRYENRGSUPPLY,A,1987,83.36,
TGO,RENEWABLE,TOT,PC_PRYENRGSUPPLY,A,1988,84.13,
TGO,RENEWABLE,TOT,PC_PRYENRGSUPPLY,A,1989,84.28,
TGO,RENEWABLE,TOT,PC_PRYENRGSUPPLY,A,1990,83.45,
TGO,RENEWABLE,TOT,PC_PRYENRGSUPPLY,A,1991,86.10,
TGO,RENEWABLE,TOT,PC_PRYENRGSUPPLY,A,1992,88.93,
TGO,RENEWABLE,TOT,PC_PRYENRGSUPPLY,A,1993,93.47,
TGO,RENEWABLE,TOT,PC_PRYENRGSUPPLY,A,1994,86.10,
TGO,RENEWABLE,TOT,PC_PRYENRGSUPPLY,A,1995,86.64,
TGO,RENEWABLE,TOT,PC_PRYENRGSUPPLY,A,1996,80.99,
TGO,RENEWABLE,TOT,PC_PRYENRGSUPPLY,A,1997,85.56,
TGO,RENEWABLE,TOT,PC_PRYENRGSUPPLY,A,1998,83.96,
TGO,RENEWABLE,TOT,PC_PRYENRGSUPPLY,A,1999,81.38,
TGO,RENEWABLE,TOT,PC_PRYENRGSUPPLY,A,2000,83.61,
TGO,RENEWABLE,TOT,PC_PRYENRGSUPPLY,A,2001,85.67,
TGO,RENEWABLE,TOT,PC_PRYENRGSUPPLY,A,2002,84.90,
TGO,RENEWABLE,TOT,PC_PRYENRGSUPPLY,A,2003,82.45,
TGO,RENEWABLE,TOT,PC_PRYENRGSUPPLY,A,2004,83.45,
TGO,RENEWABLE,TOT,PC_PRYENRGSUPPLY,A,2005,84.35,
TGO,RENEWABLE,TOT,PC_PRYENRGSUPPLY,A,2006,86.15,
TGO,RENEWABLE,TOT,PC_PRYENRGSUPPLY,A,2007,85.41,
TGO,RENEWABLE,TOT,PC_PRYENRGSUPPLY,A,2008,83.47,
TGO,RENEWABLE,TOT,PC_PRYENRGSUPPLY,A,2009,73.90,
TGO,RENEWABLE,TOT,PC_PRYENRGSUPPLY,A,2010,76.02,
TGO,RENEWABLE,TOT,PC_PRYENRGSUPPLY,A,2011,77.75,
TGO,RENEWABLE,TOT,PC_PRYENRGSUPPLY,A,2012,80.14,
TGO,RENEWABLE,TOT,PC_PRYENRGSUPPLY,A,2013,80.11,
TGO,RENEWABLE,TOT,PC_PRYENRGSUPPLY,A,2014,80.03,
TTO,RENEWABLE,TOT,PC_PRYENRGSUPPLY,A,1971,1.44,
TTO,RENEWABLE,TOT,PC_PRYENRGSUPPLY,A,1972,1.49,
TTO,RENEWABLE,TOT,PC_PRYENRGSUPPLY,A,1973,0.93,
TTO,RENEWABLE,TOT,PC_PRYENRGSUPPLY,A,1974,1.34,
TTO,RENEWABLE,TOT,PC_PRYENRGSUPPLY,A,1975,1.41,
TTO,RENEWABLE,TOT,PC_PRYENRGSUPPLY,A,1976,1.45,
TTO,RENEWABLE,TOT,PC_PRYENRGSUPPLY,A,1977,1.21,
TTO,RENEWABLE,TOT,PC_PRYENRGSUPPLY,A,1978,0.97,
TTO,RENEWABLE,TOT,PC_PRYENRGSUPPLY,A,1979,0.91,
TTO,RENEWABLE,TOT,PC_PRYENRGSUPPLY,A,1980,0.79,
TTO,RENEWABLE,TOT,PC_PRYENRGSUPPLY,A,1981,0.71,
TTO,RENEWABLE,TOT,PC_PRYENRGSUPPLY,A,1982,0.71,
TTO,RENEWABLE,TOT,PC_PRYENRGSUPPLY,A,1983,0.70,
TTO,RENEWABLE,TOT,PC_PRYENRGSUPPLY,A,1984,0.62,
TTO,RENEWABLE,TOT,PC_PRYENRGSUPPLY,A,1985,0.83,
TTO,RENEWABLE,TOT,PC_PRYENRGSUPPLY,A,1986,1.12,
TTO,RENEWABLE,TOT,PC_PRYENRGSUPPLY,A,1987,1.35,
TTO,RENEWABLE,TOT,PC_PRYENRGSUPPLY,A,1988,1.06,
TTO,RENEWABLE,TOT,PC_PRYENRGSUPPLY,A,1989,1.03,
TTO,RENEWABLE,TOT,PC_PRYENRGSUPPLY,A,1990,1.10,
TTO,RENEWABLE,TOT,PC_PRYENRGSUPPLY,A,1991,0.98,
TTO,RENEWABLE,TOT,PC_PRYENRGSUPPLY,A,1992,0.90,
TTO,RENEWABLE,TOT,PC_PRYENRGSUPPLY,A,1993,0.89,
TTO,RENEWABLE,TOT,PC_PRYENRGSUPPLY,A,1994,0.97,
TTO,RENEWABLE,TOT,PC_PRYENRGSUPPLY,A,1995,0.69,
TTO,RENEWABLE,TOT,PC_PRYENRGSUPPLY,A,1996,0.60,
TTO,RENEWABLE,TOT,PC_PRYENRGSUPPLY,A,1997,0.67,
TTO,RENEWABLE,TOT,PC_PRYENRGSUPPLY,A,1998,0.57,
TTO,RENEWABLE,TOT,PC_PRYENRGSUPPLY,A,1999,0.51,
TTO,RENEWABLE,TOT,PC_PRYENRGSUPPLY,A,2000,0.22,
TTO,RENEWABLE,TOT,PC_PRYENRGSUPPLY,A,2001,0.18,
TTO,RENEWABLE,TOT,PC_PRYENRGSUPPLY,A,2002,0.37,
TTO,RENEWABLE,TOT,PC_PRYENRGSUPPLY,A,2003,0.29,
TTO,RENEWABLE,TOT,PC_PRYENRGSUPPLY,A,2004,0.28,
TTO,RENEWABLE,TOT,PC_PRYENRGSUPPLY,A,2005,0.25,
TTO,RENEWABLE,TOT,PC_PRYENRGSUPPLY,A,2006,0.17,
TTO,RENEWABLE,TOT,PC_PRYENRGSUPPLY,A,2007,0.14,
TTO,RENEWABLE,TOT,PC_PRYENRGSUPPLY,A,2008,0.14,
TTO,RENEWABLE,TOT,PC_PRYENRGSUPPLY,A,2009,0.14,
TTO,RENEWABLE,TOT,PC_PRYENRGSUPPLY,A,2010,0.07,
TTO,RENEWABLE,TOT,PC_PRYENRGSUPPLY,A,2011,0.07,
TTO,RENEWABLE,TOT,PC_PRYENRGSUPPLY,A,2012,0.07,
TTO,RENEWABLE,TOT,PC_PRYENRGSUPPLY,A,2013,0.07,
TTO,RENEWABLE,TOT,PC_PRYENRGSUPPLY,A,2014,0.07,
TUN,RENEWABLE,TOT,PC_PRYENRGSUPPLY,A,1971,25.34,
TUN,RENEWABLE,TOT,PC_PRYENRGSUPPLY,A,1972,23.52,
TUN,RENEWABLE,TOT,PC_PRYENRGSUPPLY,A,1973,23.00,
TUN,RENEWABLE,TOT,PC_PRYENRGSUPPLY,A,1974,20.78,
TUN,RENEWABLE,TOT,PC_PRYENRGSUPPLY,A,1975,20.51,
TUN,RENEWABLE,TOT,PC_PRYENRGSUPPLY,A,1976,19.75,
TUN,RENEWABLE,TOT,PC_PRYENRGSUPPLY,A,1977,18.56,
TUN,RENEWABLE,TOT,PC_PRYENRGSUPPLY,A,1978,17.35,
TUN,RENEWABLE,TOT,PC_PRYENRGSUPPLY,A,1979,16.43,
TUN,RENEWABLE,TOT,PC_PRYENRGSUPPLY,A,1980,15.44,
TUN,RENEWABLE,TOT,PC_PRYENRGSUPPLY,A,1981,15.38,
TUN,RENEWABLE,TOT,PC_PRYENRGSUPPLY,A,1982,16.05,
TUN,RENEWABLE,TOT,PC_PRYENRGSUPPLY,A,1983,14.46,
TUN,RENEWABLE,TOT,PC_PRYENRGSUPPLY,A,1984,14.00,
TUN,RENEWABLE,TOT,PC_PRYENRGSUPPLY,A,1985,13.94,
TUN,RENEWABLE,TOT,PC_PRYENRGSUPPLY,A,1986,14.44,
TUN,RENEWABLE,TOT,PC_PRYENRGSUPPLY,A,1987,14.70,
TUN,RENEWABLE,TOT,PC_PRYENRGSUPPLY,A,1988,14.16,
TUN,RENEWABLE,TOT,PC_PRYENRGSUPPLY,A,1989,14.37,
TUN,RENEWABLE,TOT,PC_PRYENRGSUPPLY,A,1990,12.98,
TUN,RENEWABLE,TOT,PC_PRYENRGSUPPLY,A,1991,13.52,
TUN,RENEWABLE,TOT,PC_PRYENRGSUPPLY,A,1992,12.33,
TUN,RENEWABLE,TOT,PC_PRYENRGSUPPLY,A,1993,12.90,
TUN,RENEWABLE,TOT,PC_PRYENRGSUPPLY,A,1994,12.51,
TUN,RENEWABLE,TOT,PC_PRYENRGSUPPLY,A,1995,12.98,
TUN,RENEWABLE,TOT,PC_PRYENRGSUPPLY,A,1996,13.06,
TUN,RENEWABLE,TOT,PC_PRYENRGSUPPLY,A,1997,13.22,
TUN,RENEWABLE,TOT,PC_PRYENRGSUPPLY,A,1998,12.70,
TUN,RENEWABLE,TOT,PC_PRYENRGSUPPLY,A,1999,12.83,
TUN,RENEWABLE,TOT,PC_PRYENRGSUPPLY,A,2000,12.88,
TUN,RENEWABLE,TOT,PC_PRYENRGSUPPLY,A,2001,12.67,
TUN,RENEWABLE,TOT,PC_PRYENRGSUPPLY,A,2002,12.99,
TUN,RENEWABLE,TOT,PC_PRYENRGSUPPLY,A,2003,13.22,
TUN,RENEWABLE,TOT,PC_PRYENRGSUPPLY,A,2004,12.98,
TUN,RENEWABLE,TOT,PC_PRYENRGSUPPLY,A,2005,13.68,
TUN,RENEWABLE,TOT,PC_PRYENRGSUPPLY,A,2006,13.41,
TUN,RENEWABLE,TOT,PC_PRYENRGSUPPLY,A,2007,13.41,
TUN,RENEWABLE,TOT,PC_PRYENRGSUPPLY,A,2008,13.31,
TUN,RENEWABLE,TOT,PC_PRYENRGSUPPLY,A,2009,14.00,
TUN,RENEWABLE,TOT,PC_PRYENRGSUPPLY,A,2010,10.71,
TUN,RENEWABLE,TOT,PC_PRYENRGSUPPLY,A,2011,11.29,
TUN,RENEWABLE,TOT,PC_PRYENRGSUPPLY,A,2012,11.06,
TUN,RENEWABLE,TOT,PC_PRYENRGSUPPLY,A,2013,11.06,
TUN,RENEWABLE,TOT,PC_PRYENRGSUPPLY,A,2014,11.12,
TKM,RENEWABLE,TOT,PC_PRYENRGSUPPLY,A,1990,0.34,
TKM,RENEWABLE,TOT,PC_PRYENRGSUPPLY,A,1991,0.40,
TKM,RENEWABLE,TOT,PC_PRYENRGSUPPLY,A,1992,0.00,
TKM,RENEWABLE,TOT,PC_PRYENRGSUPPLY,A,1993,0.00,
TKM,RENEWABLE,TOT,PC_PRYENRGSUPPLY,A,1994,0.00,
TKM,RENEWABLE,TOT,PC_PRYENRGSUPPLY,A,1995,0.00,
TKM,RENEWABLE,TOT,PC_PRYENRGSUPPLY,A,1996,0.00,
TKM,RENEWABLE,TOT,PC_PRYENRGSUPPLY,A,1997,0.00,
TKM,RENEWABLE,TOT,PC_PRYENRGSUPPLY,A,1998,0.07,
TKM,RENEWABLE,TOT,PC_PRYENRGSUPPLY,A,1999,0.06,
TKM,RENEWABLE,TOT,PC_PRYENRGSUPPLY,A,2000,0.06,
TKM,RENEWABLE,TOT,PC_PRYENRGSUPPLY,A,2001,0.06,
TKM,RENEWABLE,TOT,PC_PRYENRGSUPPLY,A,2002,0.06,
TKM,RENEWABLE,TOT,PC_PRYENRGSUPPLY,A,2003,0.05,
TKM,RENEWABLE,TOT,PC_PRYENRGSUPPLY,A,2004,0.05,
TKM,RENEWABLE,TOT,PC_PRYENRGSUPPLY,A,2005,0.05,
TKM,RENEWABLE,TOT,PC_PRYENRGSUPPLY,A,2006,0.05,
TKM,RENEWABLE,TOT,PC_PRYENRGSUPPLY,A,2007,0.05,
TKM,RENEWABLE,TOT,PC_PRYENRGSUPPLY,A,2008,0.05,
TKM,RENEWABLE,TOT,PC_PRYENRGSUPPLY,A,2009,0.05,
TKM,RENEWABLE,TOT,PC_PRYENRGSUPPLY,A,2010,0.05,
TKM,RENEWABLE,TOT,PC_PRYENRGSUPPLY,A,2011,0.04,
TKM,RENEWABLE,TOT,PC_PRYENRGSUPPLY,A,2012,0.03,
TKM,RENEWABLE,TOT,PC_PRYENRGSUPPLY,A,2013,0.03,
TKM,RENEWABLE,TOT,PC_PRYENRGSUPPLY,A,2014,0.03,
UKR,RENEWABLE,TOT,PC_PRYENRGSUPPLY,A,1990,0.50,
UKR,RENEWABLE,TOT,PC_PRYENRGSUPPLY,A,1991,0.53,
UKR,RENEWABLE,TOT,PC_PRYENRGSUPPLY,A,1992,0.44,
UKR,RENEWABLE,TOT,PC_PRYENRGSUPPLY,A,1993,0.63,
UKR,RENEWABLE,TOT,PC_PRYENRGSUPPLY,A,1994,0.79,
UKR,RENEWABLE,TOT,PC_PRYENRGSUPPLY,A,1995,0.68,
UKR,RENEWABLE,TOT,PC_PRYENRGSUPPLY,A,1996,0.67,
UKR,RENEWABLE,TOT,PC_PRYENRGSUPPLY,A,1997,0.77,
UKR,RENEWABLE,TOT,PC_PRYENRGSUPPLY,A,1998,1.19,
UKR,RENEWABLE,TOT,PC_PRYENRGSUPPLY,A,1999,1.11,
UKR,RENEWABLE,TOT,PC_PRYENRGSUPPLY,A,2000,0.92,
UKR,RENEWABLE,TOT,PC_PRYENRGSUPPLY,A,2001,0.97,
UKR,RENEWABLE,TOT,PC_PRYENRGSUPPLY,A,2002,0.80,
UKR,RENEWABLE,TOT,PC_PRYENRGSUPPLY,A,2003,0.73,
UKR,RENEWABLE,TOT,PC_PRYENRGSUPPLY,A,2004,0.89,
UKR,RENEWABLE,TOT,PC_PRYENRGSUPPLY,A,2005,0.93,
UKR,RENEWABLE,TOT,PC_PRYENRGSUPPLY,A,2006,1.41,
UKR,RENEWABLE,TOT,PC_PRYENRGSUPPLY,A,2007,1.71,
UKR,RENEWABLE,TOT,PC_PRYENRGSUPPLY,A,2008,1.99,
UKR,RENEWABLE,TOT,PC_PRYENRGSUPPLY,A,2009,2.25,
UKR,RENEWABLE,TOT,PC_PRYENRGSUPPLY,A,2010,2.06,
UKR,RENEWABLE,TOT,PC_PRYENRGSUPPLY,A,2011,2.08,
UKR,RENEWABLE,TOT,PC_PRYENRGSUPPLY,A,2012,2.16,
UKR,RENEWABLE,TOT,PC_PRYENRGSUPPLY,A,2013,2.73,
UKR,RENEWABLE,TOT,PC_PRYENRGSUPPLY,A,2014,2.65,
ARE,RENEWABLE,TOT,PC_PRYENRGSUPPLY,A,1971,0.00,
ARE,RENEWABLE,TOT,PC_PRYENRGSUPPLY,A,1972,0.00,
ARE,RENEWABLE,TOT,PC_PRYENRGSUPPLY,A,1973,0.00,
ARE,RENEWABLE,TOT,PC_PRYENRGSUPPLY,A,1974,0.00,
ARE,RENEWABLE,TOT,PC_PRYENRGSUPPLY,A,1975,0.00,
ARE,RENEWABLE,TOT,PC_PRYENRGSUPPLY,A,1976,0.00,
ARE,RENEWABLE,TOT,PC_PRYENRGSUPPLY,A,1977,0.00,
ARE,RENEWABLE,TOT,PC_PRYENRGSUPPLY,A,1978,0.00,
ARE,RENEWABLE,TOT,PC_PRYENRGSUPPLY,A,1979,0.00,
ARE,RENEWABLE,TOT,PC_PRYENRGSUPPLY,A,1980,0.00,
ARE,RENEWABLE,TOT,PC_PRYENRGSUPPLY,A,1981,0.00,
ARE,RENEWABLE,TOT,PC_PRYENRGSUPPLY,A,1982,0.00,
ARE,RENEWABLE,TOT,PC_PRYENRGSUPPLY,A,1983,0.00,
ARE,RENEWABLE,TOT,PC_PRYENRGSUPPLY,A,1984,0.00,
ARE,RENEWABLE,TOT,PC_PRYENRGSUPPLY,A,1985,0.00,
ARE,RENEWABLE,TOT,PC_PRYENRGSUPPLY,A,1986,0.00,
ARE,RENEWABLE,TOT,PC_PRYENRGSUPPLY,A,1987,0.00,
ARE,RENEWABLE,TOT,PC_PRYENRGSUPPLY,A,1988,0.00,
ARE,RENEWABLE,TOT,PC_PRYENRGSUPPLY,A,1989,0.00,
ARE,RENEWABLE,TOT,PC_PRYENRGSUPPLY,A,1990,0.00,
ARE,RENEWABLE,TOT,PC_PRYENRGSUPPLY,A,1991,0.00,
ARE,RENEWABLE,TOT,PC_PRYENRGSUPPLY,A,1992,0.14,
ARE,RENEWABLE,TOT,PC_PRYENRGSUPPLY,A,1993,0.11,
ARE,RENEWABLE,TOT,PC_PRYENRGSUPPLY,A,1994,0.09,
ARE,RENEWABLE,TOT,PC_PRYENRGSUPPLY,A,1995,0.09,
ARE,RENEWABLE,TOT,PC_PRYENRGSUPPLY,A,1996,0.06,
ARE,RENEWABLE,TOT,PC_PRYENRGSUPPLY,A,1997,0.06,
ARE,RENEWABLE,TOT,PC_PRYENRGSUPPLY,A,1998,0.05,
ARE,RENEWABLE,TOT,PC_PRYENRGSUPPLY,A,1999,0.05,
ARE,RENEWABLE,TOT,PC_PRYENRGSUPPLY,A,2000,0.05,
ARE,RENEWABLE,TOT,PC_PRYENRGSUPPLY,A,2001,0.04,
ARE,RENEWABLE,TOT,PC_PRYENRGSUPPLY,A,2002,0.04,
ARE,RENEWABLE,TOT,PC_PRYENRGSUPPLY,A,2003,0.04,
ARE,RENEWABLE,TOT,PC_PRYENRGSUPPLY,A,2004,0.06,
ARE,RENEWABLE,TOT,PC_PRYENRGSUPPLY,A,2005,0.06,
ARE,RENEWABLE,TOT,PC_PRYENRGSUPPLY,A,2006,0.07,
ARE,RENEWABLE,TOT,PC_PRYENRGSUPPLY,A,2007,0.07,
ARE,RENEWABLE,TOT,PC_PRYENRGSUPPLY,A,2008,0.07,
ARE,RENEWABLE,TOT,PC_PRYENRGSUPPLY,A,2009,0.08,
ARE,RENEWABLE,TOT,PC_PRYENRGSUPPLY,A,2010,0.08,
ARE,RENEWABLE,TOT,PC_PRYENRGSUPPLY,A,2011,0.08,
ARE,RENEWABLE,TOT,PC_PRYENRGSUPPLY,A,2012,0.08,
ARE,RENEWABLE,TOT,PC_PRYENRGSUPPLY,A,2013,0.11,
ARE,RENEWABLE,TOT,PC_PRYENRGSUPPLY,A,2014,0.18,
URY,RENEWABLE,TOT,PC_PRYENRGSUPPLY,A,1971,21.50,
URY,RENEWABLE,TOT,PC_PRYENRGSUPPLY,A,1972,20.00,
URY,RENEWABLE,TOT,PC_PRYENRGSUPPLY,A,1973,22.53,
URY,RENEWABLE,TOT,PC_PRYENRGSUPPLY,A,1974,22.32,
URY,RENEWABLE,TOT,PC_PRYENRGSUPPLY,A,1975,21.30,
URY,RENEWABLE,TOT,PC_PRYENRGSUPPLY,A,1976,21.64,
URY,RENEWABLE,TOT,PC_PRYENRGSUPPLY,A,1977,23.38,
URY,RENEWABLE,TOT,PC_PRYENRGSUPPLY,A,1978,23.39,
URY,RENEWABLE,TOT,PC_PRYENRGSUPPLY,A,1979,20.83,
URY,RENEWABLE,TOT,PC_PRYENRGSUPPLY,A,1980,28.99,
URY,RENEWABLE,TOT,PC_PRYENRGSUPPLY,A,1981,32.91,
URY,RENEWABLE,TOT,PC_PRYENRGSUPPLY,A,1982,40.20,
URY,RENEWABLE,TOT,PC_PRYENRGSUPPLY,A,1983,53.29,
URY,RENEWABLE,TOT,PC_PRYENRGSUPPLY,A,1984,56.23,
URY,RENEWABLE,TOT,PC_PRYENRGSUPPLY,A,1985,55.78,
URY,RENEWABLE,TOT,PC_PRYENRGSUPPLY,A,1986,59.90,
URY,RENEWABLE,TOT,PC_PRYENRGSUPPLY,A,1987,56.56,
URY,RENEWABLE,TOT,PC_PRYENRGSUPPLY,A,1988,43.59,
URY,RENEWABLE,TOT,PC_PRYENRGSUPPLY,A,1989,37.32,
URY,RENEWABLE,TOT,PC_PRYENRGSUPPLY,A,1990,51.03,
URY,RENEWABLE,TOT,PC_PRYENRGSUPPLY,A,1991,44.60,
URY,RENEWABLE,TOT,PC_PRYENRGSUPPLY,A,1992,46.73,
URY,RENEWABLE,TOT,PC_PRYENRGSUPPLY,A,1993,47.38,
URY,RENEWABLE,TOT,PC_PRYENRGSUPPLY,A,1994,49.02,
URY,RENEWABLE,TOT,PC_PRYENRGSUPPLY,A,1995,39.43,
URY,RENEWABLE,TOT,PC_PRYENRGSUPPLY,A,1996,34.60,
URY,RENEWABLE,TOT,PC_PRYENRGSUPPLY,A,1997,36.28,
URY,RENEWABLE,TOT,PC_PRYENRGSUPPLY,A,1998,41.63,
URY,RENEWABLE,TOT,PC_PRYENRGSUPPLY,A,1999,28.45,
URY,RENEWABLE,TOT,PC_PRYENRGSUPPLY,A,2000,33.27,
URY,RENEWABLE,TOT,PC_PRYENRGSUPPLY,A,2001,44.66,
URY,RENEWABLE,TOT,PC_PRYENRGSUPPLY,A,2002,48.78,
URY,RENEWABLE,TOT,PC_PRYENRGSUPPLY,A,2003,46.14,
URY,RENEWABLE,TOT,PC_PRYENRGSUPPLY,A,2004,29.74,
URY,RENEWABLE,TOT,PC_PRYENRGSUPPLY,A,2005,34.51,
URY,RENEWABLE,TOT,PC_PRYENRGSUPPLY,A,2006,24.69,
URY,RENEWABLE,TOT,PC_PRYENRGSUPPLY,A,2007,38.71,
URY,RENEWABLE,TOT,PC_PRYENRGSUPPLY,A,2008,33.36,
URY,RENEWABLE,TOT,PC_PRYENRGSUPPLY,A,2009,36.83,
URY,RENEWABLE,TOT,PC_PRYENRGSUPPLY,A,2010,50.65,
URY,RENEWABLE,TOT,PC_PRYENRGSUPPLY,A,2011,43.07,
URY,RENEWABLE,TOT,PC_PRYENRGSUPPLY,A,2012,40.39,
URY,RENEWABLE,TOT,PC_PRYENRGSUPPLY,A,2013,47.49,
URY,RENEWABLE,TOT,PC_PRYENRGSUPPLY,A,2014,55.47,
UZB,RENEWABLE,TOT,PC_PRYENRGSUPPLY,A,1990,1.24,
UZB,RENEWABLE,TOT,PC_PRYENRGSUPPLY,A,1991,1.09,
UZB,RENEWABLE,TOT,PC_PRYENRGSUPPLY,A,1992,1.20,
UZB,RENEWABLE,TOT,PC_PRYENRGSUPPLY,A,1993,1.35,
UZB,RENEWABLE,TOT,PC_PRYENRGSUPPLY,A,1994,1.33,
UZB,RENEWABLE,TOT,PC_PRYENRGSUPPLY,A,1995,1.25,
UZB,RENEWABLE,TOT,PC_PRYENRGSUPPLY,A,1996,1.28,
UZB,RENEWABLE,TOT,PC_PRYENRGSUPPLY,A,1997,1.11,
UZB,RENEWABLE,TOT,PC_PRYENRGSUPPLY,A,1998,1.00,
UZB,RENEWABLE,TOT,PC_PRYENRGSUPPLY,A,1999,0.96,
UZB,RENEWABLE,TOT,PC_PRYENRGSUPPLY,A,2000,1.00,
UZB,RENEWABLE,TOT,PC_PRYENRGSUPPLY,A,2001,1.02,
UZB,RENEWABLE,TOT,PC_PRYENRGSUPPLY,A,2002,1.01,
UZB,RENEWABLE,TOT,PC_PRYENRGSUPPLY,A,2003,1.28,
UZB,RENEWABLE,TOT,PC_PRYENRGSUPPLY,A,2004,1.53,
UZB,RENEWABLE,TOT,PC_PRYENRGSUPPLY,A,2005,1.58,
UZB,RENEWABLE,TOT,PC_PRYENRGSUPPLY,A,2006,1.65,
UZB,RENEWABLE,TOT,PC_PRYENRGSUPPLY,A,2007,1.16,
UZB,RENEWABLE,TOT,PC_PRYENRGSUPPLY,A,2008,1.97,
UZB,RENEWABLE,TOT,PC_PRYENRGSUPPLY,A,2009,1.82,
UZB,RENEWABLE,TOT,PC_PRYENRGSUPPLY,A,2010,2.17,
UZB,RENEWABLE,TOT,PC_PRYENRGSUPPLY,A,2011,1.87,
UZB,RENEWABLE,TOT,PC_PRYENRGSUPPLY,A,2012,2.00,
UZB,RENEWABLE,TOT,PC_PRYENRGSUPPLY,A,2013,2.32,
UZB,RENEWABLE,TOT,PC_PRYENRGSUPPLY,A,2014,2.34,
VEN,RENEWABLE,TOT,PC_PRYENRGSUPPLY,A,1971,5.20,
VEN,RENEWABLE,TOT,PC_PRYENRGSUPPLY,A,1972,5.81,
VEN,RENEWABLE,TOT,PC_PRYENRGSUPPLY,A,1973,5.18,
VEN,RENEWABLE,TOT,PC_PRYENRGSUPPLY,A,1974,5.16,
VEN,RENEWABLE,TOT,PC_PRYENRGSUPPLY,A,1975,5.42,
VEN,RENEWABLE,TOT,PC_PRYENRGSUPPLY,A,1976,5.91,
VEN,RENEWABLE,TOT,PC_PRYENRGSUPPLY,A,1977,5.86,
VEN,RENEWABLE,TOT,PC_PRYENRGSUPPLY,A,1978,5.38,
VEN,RENEWABLE,TOT,PC_PRYENRGSUPPLY,A,1979,5.70,
VEN,RENEWABLE,TOT,PC_PRYENRGSUPPLY,A,1980,5.12,
VEN,RENEWABLE,TOT,PC_PRYENRGSUPPLY,A,1981,4.82,
VEN,RENEWABLE,TOT,PC_PRYENRGSUPPLY,A,1982,5.17,
VEN,RENEWABLE,TOT,PC_PRYENRGSUPPLY,A,1983,5.31,
VEN,RENEWABLE,TOT,PC_PRYENRGSUPPLY,A,1984,5.99,
VEN,RENEWABLE,TOT,PC_PRYENRGSUPPLY,A,1985,6.81,
VEN,RENEWABLE,TOT,PC_PRYENRGSUPPLY,A,1986,7.24,
VEN,RENEWABLE,TOT,PC_PRYENRGSUPPLY,A,1987,8.61,
VEN,RENEWABLE,TOT,PC_PRYENRGSUPPLY,A,1988,9.53,
VEN,RENEWABLE,TOT,PC_PRYENRGSUPPLY,A,1989,9.48,
VEN,RENEWABLE,TOT,PC_PRYENRGSUPPLY,A,1990,9.52,
VEN,RENEWABLE,TOT,PC_PRYENRGSUPPLY,A,1991,10.73,
VEN,RENEWABLE,TOT,PC_PRYENRGSUPPLY,A,1992,10.12,
VEN,RENEWABLE,TOT,PC_PRYENRGSUPPLY,A,1993,10.84,
VEN,RENEWABLE,TOT,PC_PRYENRGSUPPLY,A,1994,10.04,
VEN,RENEWABLE,TOT,PC_PRYENRGSUPPLY,A,1995,10.77,
VEN,RENEWABLE,TOT,PC_PRYENRGSUPPLY,A,1996,10.55,
VEN,RENEWABLE,TOT,PC_PRYENRGSUPPLY,A,1997,11.21,
VEN,RENEWABLE,TOT,PC_PRYENRGSUPPLY,A,1998,10.78,
VEN,RENEWABLE,TOT,PC_PRYENRGSUPPLY,A,1999,11.80,
VEN,RENEWABLE,TOT,PC_PRYENRGSUPPLY,A,2000,11.89,
VEN,RENEWABLE,TOT,PC_PRYENRGSUPPLY,A,2001,11.11,
VEN,RENEWABLE,TOT,PC_PRYENRGSUPPLY,A,2002,10.13,
VEN,RENEWABLE,TOT,PC_PRYENRGSUPPLY,A,2003,11.20,
VEN,RENEWABLE,TOT,PC_PRYENRGSUPPLY,A,2004,11.99,
VEN,RENEWABLE,TOT,PC_PRYENRGSUPPLY,A,2005,13.13,
VEN,RENEWABLE,TOT,PC_PRYENRGSUPPLY,A,2006,12.42,
VEN,RENEWABLE,TOT,PC_PRYENRGSUPPLY,A,2007,13.65,
VEN,RENEWABLE,TOT,PC_PRYENRGSUPPLY,A,2008,12.73,
VEN,RENEWABLE,TOT,PC_PRYENRGSUPPLY,A,2009,12.57,
VEN,RENEWABLE,TOT,PC_PRYENRGSUPPLY,A,2010,10.18,
VEN,RENEWABLE,TOT,PC_PRYENRGSUPPLY,A,2011,11.84,
VEN,RENEWABLE,TOT,PC_PRYENRGSUPPLY,A,2012,10.68,
VEN,RENEWABLE,TOT,PC_PRYENRGSUPPLY,A,2013,11.53,
VEN,RENEWABLE,TOT,PC_PRYENRGSUPPLY,A,2014,12.20,
VNM,RENEWABLE,TOT,PC_PRYENRGSUPPLY,A,1971,62.86,
VNM,RENEWABLE,TOT,PC_PRYENRGSUPPLY,A,1972,63.62,
VNM,RENEWABLE,TOT,PC_PRYENRGSUPPLY,A,1973,62.27,
VNM,RENEWABLE,TOT,PC_PRYENRGSUPPLY,A,1974,67.99,
VNM,RENEWABLE,TOT,PC_PRYENRGSUPPLY,A,1975,65.54,
VNM,RENEWABLE,TOT,PC_PRYENRGSUPPLY,A,1976,74.76,
VNM,RENEWABLE,TOT,PC_PRYENRGSUPPLY,A,1977,73.64,
VNM,RENEWABLE,TOT,PC_PRYENRGSUPPLY,A,1978,73.53,
VNM,RENEWABLE,TOT,PC_PRYENRGSUPPLY,A,1979,72.76,
VNM,RENEWABLE,TOT,PC_PRYENRGSUPPLY,A,1980,71.36,
VNM,RENEWABLE,TOT,PC_PRYENRGSUPPLY,A,1981,71.80,
VNM,RENEWABLE,TOT,PC_PRYENRGSUPPLY,A,1982,70.54,
VNM,RENEWABLE,TOT,PC_PRYENRGSUPPLY,A,1983,69.32,
VNM,RENEWABLE,TOT,PC_PRYENRGSUPPLY,A,1984,69.95,
VNM,RENEWABLE,TOT,PC_PRYENRGSUPPLY,A,1985,70.43,
VNM,RENEWABLE,TOT,PC_PRYENRGSUPPLY,A,1986,68.75,
VNM,RENEWABLE,TOT,PC_PRYENRGSUPPLY,A,1987,66.56,
VNM,RENEWABLE,TOT,PC_PRYENRGSUPPLY,A,1988,67.74,
VNM,RENEWABLE,TOT,PC_PRYENRGSUPPLY,A,1989,71.94,
VNM,RENEWABLE,TOT,PC_PRYENRGSUPPLY,A,1990,72.37,
VNM,RENEWABLE,TOT,PC_PRYENRGSUPPLY,A,1991,73.17,
VNM,RENEWABLE,TOT,PC_PRYENRGSUPPLY,A,1992,71.89,
VNM,RENEWABLE,TOT,PC_PRYENRGSUPPLY,A,1993,69.63,
VNM,RENEWABLE,TOT,PC_PRYENRGSUPPLY,A,1994,66.39,
VNM,RENEWABLE,TOT,PC_PRYENRGSUPPLY,A,1995,62.96,
VNM,RENEWABLE,TOT,PC_PRYENRGSUPPLY,A,1996,60.41,
VNM,RENEWABLE,TOT,PC_PRYENRGSUPPLY,A,1997,57.55,
VNM,RENEWABLE,TOT,PC_PRYENRGSUPPLY,A,1998,55.33,
VNM,RENEWABLE,TOT,PC_PRYENRGSUPPLY,A,1999,55.53,
VNM,RENEWABLE,TOT,PC_PRYENRGSUPPLY,A,2000,53.73,
VNM,RENEWABLE,TOT,PC_PRYENRGSUPPLY,A,2001,52.09,
VNM,RENEWABLE,TOT,PC_PRYENRGSUPPLY,A,2002,47.73,
VNM,RENEWABLE,TOT,PC_PRYENRGSUPPLY,A,2003,46.48,
VNM,RENEWABLE,TOT,PC_PRYENRGSUPPLY,A,2004,41.74,
VNM,RENEWABLE,TOT,PC_PRYENRGSUPPLY,A,2005,39.39,
VNM,RENEWABLE,TOT,PC_PRYENRGSUPPLY,A,2006,39.08,
VNM,RENEWABLE,TOT,PC_PRYENRGSUPPLY,A,2007,36.77,
VNM,RENEWABLE,TOT,PC_PRYENRGSUPPLY,A,2008,34.87,
VNM,RENEWABLE,TOT,PC_PRYENRGSUPPLY,A,2009,32.60,
VNM,RENEWABLE,TOT,PC_PRYENRGSUPPLY,A,2010,28.99,
VNM,RENEWABLE,TOT,PC_PRYENRGSUPPLY,A,2011,31.14,
VNM,RENEWABLE,TOT,PC_PRYENRGSUPPLY,A,2012,32.70,
VNM,RENEWABLE,TOT,PC_PRYENRGSUPPLY,A,2013,31.85,
VNM,RENEWABLE,TOT,PC_PRYENRGSUPPLY,A,2014,30.59,
YEM,RENEWABLE,TOT,PC_PRYENRGSUPPLY,A,1971,6.63,
YEM,RENEWABLE,TOT,PC_PRYENRGSUPPLY,A,1972,8.70,
YEM,RENEWABLE,TOT,PC_PRYENRGSUPPLY,A,1973,5.17,
YEM,RENEWABLE,TOT,PC_PRYENRGSUPPLY,A,1974,6.45,
YEM,RENEWABLE,TOT,PC_PRYENRGSUPPLY,A,1975,7.67,
YEM,RENEWABLE,TOT,PC_PRYENRGSUPPLY,A,1976,6.47,
YEM,RENEWABLE,TOT,PC_PRYENRGSUPPLY,A,1977,6.13,
YEM,RENEWABLE,TOT,PC_PRYENRGSUPPLY,A,1978,5.96,
YEM,RENEWABLE,TOT,PC_PRYENRGSUPPLY,A,1979,6.01,
YEM,RENEWABLE,TOT,PC_PRYENRGSUPPLY,A,1980,4.73,
YEM,RENEWABLE,TOT,PC_PRYENRGSUPPLY,A,1981,4.91,
YEM,RENEWABLE,TOT,PC_PRYENRGSUPPLY,A,1982,4.27,
YEM,RENEWABLE,TOT,PC_PRYENRGSUPPLY,A,1983,4.12,
YEM,RENEWABLE,TOT,PC_PRYENRGSUPPLY,A,1984,4.01,
YEM,RENEWABLE,TOT,PC_PRYENRGSUPPLY,A,1985,3.96,
YEM,RENEWABLE,TOT,PC_PRYENRGSUPPLY,A,1986,3.73,
YEM,RENEWABLE,TOT,PC_PRYENRGSUPPLY,A,1987,3.28,
YEM,RENEWABLE,TOT,PC_PRYENRGSUPPLY,A,1988,3.13,
YEM,RENEWABLE,TOT,PC_PRYENRGSUPPLY,A,1989,3.17,
YEM,RENEWABLE,TOT,PC_PRYENRGSUPPLY,A,1990,3.08,
YEM,RENEWABLE,TOT,PC_PRYENRGSUPPLY,A,1991,2.53,
YEM,RENEWABLE,TOT,PC_PRYENRGSUPPLY,A,1992,2.32,
YEM,RENEWABLE,TOT,PC_PRYENRGSUPPLY,A,1993,2.68,
YEM,RENEWABLE,TOT,PC_PRYENRGSUPPLY,A,1994,2.56,
YEM,RENEWABLE,TOT,PC_PRYENRGSUPPLY,A,1995,2.26,
YEM,RENEWABLE,TOT,PC_PRYENRGSUPPLY,A,1996,2.22,
YEM,RENEWABLE,TOT,PC_PRYENRGSUPPLY,A,1997,2.09,
YEM,RENEWABLE,TOT,PC_PRYENRGSUPPLY,A,1998,1.95,
YEM,RENEWABLE,TOT,PC_PRYENRGSUPPLY,A,1999,1.73,
YEM,RENEWABLE,TOT,PC_PRYENRGSUPPLY,A,2000,1.63,
YEM,RENEWABLE,TOT,PC_PRYENRGSUPPLY,A,2001,1.51,
YEM,RENEWABLE,TOT,PC_PRYENRGSUPPLY,A,2002,1.61,
YEM,RENEWABLE,TOT,PC_PRYENRGSUPPLY,A,2003,1.49,
YEM,RENEWABLE,TOT,PC_PRYENRGSUPPLY,A,2004,1.40,
YEM,RENEWABLE,TOT,PC_PRYENRGSUPPLY,A,2005,1.35,
YEM,RENEWABLE,TOT,PC_PRYENRGSUPPLY,A,2006,1.30,
YEM,RENEWABLE,TOT,PC_PRYENRGSUPPLY,A,2007,1.37,
YEM,RENEWABLE,TOT,PC_PRYENRGSUPPLY,A,2008,1.33,
YEM,RENEWABLE,TOT,PC_PRYENRGSUPPLY,A,2009,1.24,
YEM,RENEWABLE,TOT,PC_PRYENRGSUPPLY,A,2010,1.31,
YEM,RENEWABLE,TOT,PC_PRYENRGSUPPLY,A,2011,1.59,
YEM,RENEWABLE,TOT,PC_PRYENRGSUPPLY,A,2012,1.81,
YEM,RENEWABLE,TOT,PC_PRYENRGSUPPLY,A,2013,1.35,
YEM,RENEWABLE,TOT,PC_PRYENRGSUPPLY,A,2014,1.53,
ZMB,RENEWABLE,TOT,PC_PRYENRGSUPPLY,A,1971,63.30,
ZMB,RENEWABLE,TOT,PC_PRYENRGSUPPLY,A,1972,66.46,
ZMB,RENEWABLE,TOT,PC_PRYENRGSUPPLY,A,1973,64.77,
ZMB,RENEWABLE,TOT,PC_PRYENRGSUPPLY,A,1974,69.90,
ZMB,RENEWABLE,TOT,PC_PRYENRGSUPPLY,A,1975,76.59,
ZMB,RENEWABLE,TOT,PC_PRYENRGSUPPLY,A,1976,72.71,
ZMB,RENEWABLE,TOT,PC_PRYENRGSUPPLY,A,1977,79.39,
ZMB,RENEWABLE,TOT,PC_PRYENRGSUPPLY,A,1978,79.32,
ZMB,RENEWABLE,TOT,PC_PRYENRGSUPPLY,A,1979,82.88,
ZMB,RENEWABLE,TOT,PC_PRYENRGSUPPLY,A,1980,82.22,
ZMB,RENEWABLE,TOT,PC_PRYENRGSUPPLY,A,1981,84.59,
ZMB,RENEWABLE,TOT,PC_PRYENRGSUPPLY,A,1982,85.49,
ZMB,RENEWABLE,TOT,PC_PRYENRGSUPPLY,A,1983,85.41,
ZMB,RENEWABLE,TOT,PC_PRYENRGSUPPLY,A,1984,85.94,
ZMB,RENEWABLE,TOT,PC_PRYENRGSUPPLY,A,1985,87.06,
ZMB,RENEWABLE,TOT,PC_PRYENRGSUPPLY,A,1986,87.28,
ZMB,RENEWABLE,TOT,PC_PRYENRGSUPPLY,A,1987,84.75,
ZMB,RENEWABLE,TOT,PC_PRYENRGSUPPLY,A,1988,82.85,
ZMB,RENEWABLE,TOT,PC_PRYENRGSUPPLY,A,1989,82.07,
ZMB,RENEWABLE,TOT,PC_PRYENRGSUPPLY,A,1990,87.01,
ZMB,RENEWABLE,TOT,PC_PRYENRGSUPPLY,A,1991,88.07,
ZMB,RENEWABLE,TOT,PC_PRYENRGSUPPLY,A,1992,84.78,
ZMB,RENEWABLE,TOT,PC_PRYENRGSUPPLY,A,1993,88.93,
ZMB,RENEWABLE,TOT,PC_PRYENRGSUPPLY,A,1994,90.08,
ZMB,RENEWABLE,TOT,PC_PRYENRGSUPPLY,A,1995,90.29,
ZMB,RENEWABLE,TOT,PC_PRYENRGSUPPLY,A,1996,91.28,
ZMB,RENEWABLE,TOT,PC_PRYENRGSUPPLY,A,1997,90.33,
ZMB,RENEWABLE,TOT,PC_PRYENRGSUPPLY,A,1998,90.80,
ZMB,RENEWABLE,TOT,PC_PRYENRGSUPPLY,A,1999,93.13,
ZMB,RENEWABLE,TOT,PC_PRYENRGSUPPLY,A,2000,93.07,
ZMB,RENEWABLE,TOT,PC_PRYENRGSUPPLY,A,2001,92.48,
ZMB,RENEWABLE,TOT,PC_PRYENRGSUPPLY,A,2002,91.70,
ZMB,RENEWABLE,TOT,PC_PRYENRGSUPPLY,A,2003,90.95,
ZMB,RENEWABLE,TOT,PC_PRYENRGSUPPLY,A,2004,90.67,
ZMB,RENEWABLE,TOT,PC_PRYENRGSUPPLY,A,2005,90.31,
ZMB,RENEWABLE,TOT,PC_PRYENRGSUPPLY,A,2006,91.35,
ZMB,RENEWABLE,TOT,PC_PRYENRGSUPPLY,A,2007,93.52,
ZMB,RENEWABLE,TOT,PC_PRYENRGSUPPLY,A,2008,92.60,
ZMB,RENEWABLE,TOT,PC_PRYENRGSUPPLY,A,2009,93.19,
ZMB,RENEWABLE,TOT,PC_PRYENRGSUPPLY,A,2010,93.00,
ZMB,RENEWABLE,TOT,PC_PRYENRGSUPPLY,A,2011,91.54,
ZMB,RENEWABLE,TOT,PC_PRYENRGSUPPLY,A,2012,90.31,
ZMB,RENEWABLE,TOT,PC_PRYENRGSUPPLY,A,2013,90.37,
ZMB,RENEWABLE,TOT,PC_PRYENRGSUPPLY,A,2014,89.80,
ZWE,RENEWABLE,TOT,PC_PRYENRGSUPPLY,A,1971,59.94,
ZWE,RENEWABLE,TOT,PC_PRYENRGSUPPLY,A,1972,61.76,
ZWE,RENEWABLE,TOT,PC_PRYENRGSUPPLY,A,1973,59.20,
ZWE,RENEWABLE,TOT,PC_PRYENRGSUPPLY,A,1974,61.36,
ZWE,RENEWABLE,TOT,PC_PRYENRGSUPPLY,A,1975,63.39,
ZWE,RENEWABLE,TOT,PC_PRYENRGSUPPLY,A,1976,61.64,
ZWE,RENEWABLE,TOT,PC_PRYENRGSUPPLY,A,1977,65.01,
ZWE,RENEWABLE,TOT,PC_PRYENRGSUPPLY,A,1978,65.94,
ZWE,RENEWABLE,TOT,PC_PRYENRGSUPPLY,A,1979,66.67,
ZWE,RENEWABLE,TOT,PC_PRYENRGSUPPLY,A,1980,61.74,
ZWE,RENEWABLE,TOT,PC_PRYENRGSUPPLY,A,1981,62.11,
ZWE,RENEWABLE,TOT,PC_PRYENRGSUPPLY,A,1982,62.72,
ZWE,RENEWABLE,TOT,PC_PRYENRGSUPPLY,A,1983,62.69,
ZWE,RENEWABLE,TOT,PC_PRYENRGSUPPLY,A,1984,62.69,
ZWE,RENEWABLE,TOT,PC_PRYENRGSUPPLY,A,1985,59.88,
ZWE,RENEWABLE,TOT,PC_PRYENRGSUPPLY,A,1986,57.50,
ZWE,RENEWABLE,TOT,PC_PRYENRGSUPPLY,A,1987,52.67,
ZWE,RENEWABLE,TOT,PC_PRYENRGSUPPLY,A,1988,54.91,
ZWE,RENEWABLE,TOT,PC_PRYENRGSUPPLY,A,1989,55.47,
ZWE,RENEWABLE,TOT,PC_PRYENRGSUPPLY,A,1990,54.89,
ZWE,RENEWABLE,TOT,PC_PRYENRGSUPPLY,A,1991,51.68,
ZWE,RENEWABLE,TOT,PC_PRYENRGSUPPLY,A,1992,50.94,
ZWE,RENEWABLE,TOT,PC_PRYENRGSUPPLY,A,1993,53.15,
ZWE,RENEWABLE,TOT,PC_PRYENRGSUPPLY,A,1994,54.49,
ZWE,RENEWABLE,TOT,PC_PRYENRGSUPPLY,A,1995,54.41,
ZWE,RENEWABLE,TOT,PC_PRYENRGSUPPLY,A,1996,55.16,
ZWE,RENEWABLE,TOT,PC_PRYENRGSUPPLY,A,1997,56.38,
ZWE,RENEWABLE,TOT,PC_PRYENRGSUPPLY,A,1998,55.96,
ZWE,RENEWABLE,TOT,PC_PRYENRGSUPPLY,A,1999,54.18,
ZWE,RENEWABLE,TOT,PC_PRYENRGSUPPLY,A,2000,58.61,
ZWE,RENEWABLE,TOT,PC_PRYENRGSUPPLY,A,2001,59.41,
ZWE,RENEWABLE,TOT,PC_PRYENRGSUPPLY,A,2002,62.08,
ZWE,RENEWABLE,TOT,PC_PRYENRGSUPPLY,A,2003,67.24,
ZWE,RENEWABLE,TOT,PC_PRYENRGSUPPLY,A,2004,69.92,
ZWE,RENEWABLE,TOT,PC_PRYENRGSUPPLY,A,2005,67.03,
ZWE,RENEWABLE,TOT,PC_PRYENRGSUPPLY,A,2006,68.24,
ZWE,RENEWABLE,TOT,PC_PRYENRGSUPPLY,A,2007,69.81,
ZWE,RENEWABLE,TOT,PC_PRYENRGSUPPLY,A,2008,75.82,
ZWE,RENEWABLE,TOT,PC_PRYENRGSUPPLY,A,2009,75.44,
ZWE,RENEWABLE,TOT,PC_PRYENRGSUPPLY,A,2010,74.86,
ZWE,RENEWABLE,TOT,PC_PRYENRGSUPPLY,A,2011,70.94,
ZWE,RENEWABLE,TOT,PC_PRYENRGSUPPLY,A,2012,70.05,
ZWE,RENEWABLE,TOT,PC_PRYENRGSUPPLY,A,2013,69.40,
ZWE,RENEWABLE,TOT,PC_PRYENRGSUPPLY,A,2014,70.48,
SRB,RENEWABLE,TOT,PC_PRYENRGSUPPLY,A,1990,10.06,
SRB,RENEWABLE,TOT,PC_PRYENRGSUPPLY,A,1991,11.92,
SRB,RENEWABLE,TOT,PC_PRYENRGSUPPLY,A,1992,11.19,
SRB,RENEWABLE,TOT,PC_PRYENRGSUPPLY,A,1993,12.54,
SRB,RENEWABLE,TOT,PC_PRYENRGSUPPLY,A,1994,13.53,
SRB,RENEWABLE,TOT,PC_PRYENRGSUPPLY,A,1995,12.94,
SRB,RENEWABLE,TOT,PC_PRYENRGSUPPLY,A,1996,11.91,
SRB,RENEWABLE,TOT,PC_PRYENRGSUPPLY,A,1997,10.49,
SRB,RENEWABLE,TOT,PC_PRYENRGSUPPLY,A,1998,10.58,
SRB,RENEWABLE,TOT,PC_PRYENRGSUPPLY,A,1999,15.06,
SRB,RENEWABLE,TOT,PC_PRYENRGSUPPLY,A,2000,13.36,
SRB,RENEWABLE,TOT,PC_PRYENRGSUPPLY,A,2001,12.52,
SRB,RENEWABLE,TOT,PC_PRYENRGSUPPLY,A,2002,11.41,
SRB,RENEWABLE,TOT,PC_PRYENRGSUPPLY,A,2003,9.92,
SRB,RENEWABLE,TOT,PC_PRYENRGSUPPLY,A,2004,9.72,
SRB,RENEWABLE,TOT,PC_PRYENRGSUPPLY,A,2005,11.43,
SRB,RENEWABLE,TOT,PC_PRYENRGSUPPLY,A,2006,10.24,
SRB,RENEWABLE,TOT,PC_PRYENRGSUPPLY,A,2007,10.04,
SRB,RENEWABLE,TOT,PC_PRYENRGSUPPLY,A,2008,9.70,
SRB,RENEWABLE,TOT,PC_PRYENRGSUPPLY,A,2009,12.98,
SRB,RENEWABLE,TOT,PC_PRYENRGSUPPLY,A,2010,13.16,
SRB,RENEWABLE,TOT,PC_PRYENRGSUPPLY,A,2011,11.03,
SRB,RENEWABLE,TOT,PC_PRYENRGSUPPLY,A,2012,12.67,
SRB,RENEWABLE,TOT,PC_PRYENRGSUPPLY,A,2013,12.97,
SRB,RENEWABLE,TOT,PC_PRYENRGSUPPLY,A,2014,15.11,
MNE,RENEWABLE,TOT,PC_PRYENRGSUPPLY,A,2005,33.80,
MNE,RENEWABLE,TOT,PC_PRYENRGSUPPLY,A,2006,30.33,
MNE,RENEWABLE,TOT,PC_PRYENRGSUPPLY,A,2007,27.41,
MNE,RENEWABLE,TOT,PC_PRYENRGSUPPLY,A,2008,27.06,
MNE,RENEWABLE,TOT,PC_PRYENRGSUPPLY,A,2009,39.56,
MNE,RENEWABLE,TOT,PC_PRYENRGSUPPLY,A,2010,39.41,
MNE,RENEWABLE,TOT,PC_PRYENRGSUPPLY,A,2011,25.02,
MNE,RENEWABLE,TOT,PC_PRYENRGSUPPLY,A,2012,29.01,
MNE,RENEWABLE,TOT,PC_PRYENRGSUPPLY,A,2013,39.15,
MNE,RENEWABLE,TOT,PC_PRYENRGSUPPLY,A,2014,33.07,
